Startpoint: spi_rst (input port clocked by spi_clk)
Endpoint: _125342_ (recovery check against rising-edge clock spi_clk)
Path Group: asynchronous
Path Type: max

  Delay    Time   Description
---------------------------------------------------------
   0.00    0.00   clock spi_clk (rise edge)
   0.00    0.00   clock network delay (ideal)
   0.00    0.00 v input external delay
   0.00    0.00 v spi_rst (in)
   0.11    0.11 ^ _064259_/ZN (INV_X1)
   0.00    0.11 ^ _125342_/RN (DFFR_X1)
           0.11   data arrival time

   0.62    0.62   clock spi_clk (rise edge)
   0.00    0.62   clock network delay (ideal)
   0.00    0.62   clock reconvergence pessimism
           0.62 ^ _125342_/CK (DFFR_X1)
   0.04    0.66   library recovery time
           0.66   data required time
---------------------------------------------------------
           0.66   data required time
          -0.11   data arrival time
---------------------------------------------------------
           0.54   slack (MET)


Startpoint: spi_rst (input port clocked by spi_clk)
Endpoint: _110501_ (recovery check against rising-edge clock spi_clk)
Path Group: asynchronous
Path Type: max

  Delay    Time   Description
---------------------------------------------------------
   0.00    0.00   clock spi_clk (rise edge)
   0.00    0.00   clock network delay (ideal)
   0.00    0.00 v input external delay
   0.00    0.00 v spi_rst (in)
   0.01    0.01 ^ _110278_/ZN (INV_X1)
   0.00    0.01 ^ _110501_/SN (DFFS_X1)
           0.01   data arrival time

   0.62    0.62   clock spi_clk (rise edge)
   0.00    0.62   clock network delay (ideal)
   0.00    0.62   clock reconvergence pessimism
           0.62 ^ _110501_/CK (DFFS_X1)
   0.04    0.66   library recovery time
           0.66   data required time
---------------------------------------------------------
           0.66   data required time
          -0.01   data arrival time
---------------------------------------------------------
           0.65   slack (MET)


Startpoint: spi_rst (input port clocked by spi_clk)
Endpoint: _110459_ (recovery check against rising-edge clock spi_clk)
Path Group: asynchronous
Path Type: max

  Delay    Time   Description
---------------------------------------------------------
   0.00    0.00   clock spi_clk (rise edge)
   0.00    0.00   clock network delay (ideal)
   0.00    0.00 v input external delay
   0.00    0.00 v spi_rst (in)
   0.01    0.01 ^ _110270_/ZN (INV_X1)
   0.00    0.01 ^ _110459_/RN (DFFR_X1)
           0.01   data arrival time

   0.62    0.62   clock spi_clk (rise edge)
   0.00    0.62   clock network delay (ideal)
   0.00    0.62   clock reconvergence pessimism
           0.62 ^ _110459_/CK (DFFR_X1)
   0.05    0.67   library recovery time
           0.67   data required time
---------------------------------------------------------
           0.67   data required time
          -0.01   data arrival time
---------------------------------------------------------
           0.66   slack (MET)


Startpoint: spi_rst (input port clocked by spi_clk)
Endpoint: _110460_ (recovery check against rising-edge clock spi_clk)
Path Group: asynchronous
Path Type: max

  Delay    Time   Description
---------------------------------------------------------
   0.00    0.00   clock spi_clk (rise edge)
   0.00    0.00   clock network delay (ideal)
   0.00    0.00 v input external delay
   0.00    0.00 v spi_rst (in)
   0.01    0.01 ^ _110269_/ZN (INV_X1)
   0.00    0.01 ^ _110460_/RN (DFFR_X1)
           0.01   data arrival time

   0.62    0.62   clock spi_clk (rise edge)
   0.00    0.62   clock network delay (ideal)
   0.00    0.62   clock reconvergence pessimism
           0.62 ^ _110460_/CK (DFFR_X1)
   0.05    0.67   library recovery time
           0.67   data required time
---------------------------------------------------------
           0.67   data required time
          -0.01   data arrival time
---------------------------------------------------------
           0.66   slack (MET)


Startpoint: spi_rst (input port clocked by spi_clk)
Endpoint: _110461_ (recovery check against rising-edge clock spi_clk)
Path Group: asynchronous
Path Type: max

  Delay    Time   Description
---------------------------------------------------------
   0.00    0.00   clock spi_clk (rise edge)
   0.00    0.00   clock network delay (ideal)
   0.00    0.00 v input external delay
   0.00    0.00 v spi_rst (in)
   0.01    0.01 ^ _110283_/ZN (INV_X1)
   0.00    0.01 ^ _110461_/RN (DFFR_X1)
           0.01   data arrival time

   0.62    0.62   clock spi_clk (rise edge)
   0.00    0.62   clock network delay (ideal)
   0.00    0.62   clock reconvergence pessimism
           0.62 ^ _110461_/CK (DFFR_X1)
   0.05    0.67   library recovery time
           0.67   data required time
---------------------------------------------------------
           0.67   data required time
          -0.01   data arrival time
---------------------------------------------------------
           0.66   slack (MET)


Startpoint: spi_rst (input port clocked by spi_clk)
Endpoint: _110462_ (recovery check against rising-edge clock spi_clk)
Path Group: asynchronous
Path Type: max

  Delay    Time   Description
---------------------------------------------------------
   0.00    0.00   clock spi_clk (rise edge)
   0.00    0.00   clock network delay (ideal)
   0.00    0.00 v input external delay
   0.00    0.00 v spi_rst (in)
   0.01    0.01 ^ _110268_/ZN (INV_X1)
   0.00    0.01 ^ _110462_/RN (DFFR_X1)
           0.01   data arrival time

   0.62    0.62   clock spi_clk (rise edge)
   0.00    0.62   clock network delay (ideal)
   0.00    0.62   clock reconvergence pessimism
           0.62 ^ _110462_/CK (DFFR_X1)
   0.05    0.67   library recovery time
           0.67   data required time
---------------------------------------------------------
           0.67   data required time
          -0.01   data arrival time
---------------------------------------------------------
           0.66   slack (MET)


Startpoint: spi_rst (input port clocked by spi_clk)
Endpoint: _110463_ (recovery check against rising-edge clock spi_clk)
Path Group: asynchronous
Path Type: max

  Delay    Time   Description
---------------------------------------------------------
   0.00    0.00   clock spi_clk (rise edge)
   0.00    0.00   clock network delay (ideal)
   0.00    0.00 v input external delay
   0.00    0.00 v spi_rst (in)
   0.01    0.01 ^ _110267_/ZN (INV_X1)
   0.00    0.01 ^ _110463_/RN (DFFR_X1)
           0.01   data arrival time

   0.62    0.62   clock spi_clk (rise edge)
   0.00    0.62   clock network delay (ideal)
   0.00    0.62   clock reconvergence pessimism
           0.62 ^ _110463_/CK (DFFR_X1)
   0.05    0.67   library recovery time
           0.67   data required time
---------------------------------------------------------
           0.67   data required time
          -0.01   data arrival time
---------------------------------------------------------
           0.66   slack (MET)


Startpoint: spi_rst (input port clocked by spi_clk)
Endpoint: _110464_ (recovery check against rising-edge clock spi_clk)
Path Group: asynchronous
Path Type: max

  Delay    Time   Description
---------------------------------------------------------
   0.00    0.00   clock spi_clk (rise edge)
   0.00    0.00   clock network delay (ideal)
   0.00    0.00 v input external delay
   0.00    0.00 v spi_rst (in)
   0.01    0.01 ^ _110296_/ZN (INV_X1)
   0.00    0.01 ^ _110464_/RN (DFFR_X1)
           0.01   data arrival time

   0.62    0.62   clock spi_clk (rise edge)
   0.00    0.62   clock network delay (ideal)
   0.00    0.62   clock reconvergence pessimism
           0.62 ^ _110464_/CK (DFFR_X1)
   0.05    0.67   library recovery time
           0.67   data required time
---------------------------------------------------------
           0.67   data required time
          -0.01   data arrival time
---------------------------------------------------------
           0.66   slack (MET)


Startpoint: spi_rst (input port clocked by spi_clk)
Endpoint: _110471_ (recovery check against rising-edge clock spi_clk)
Path Group: asynchronous
Path Type: max

  Delay    Time   Description
---------------------------------------------------------
   0.00    0.00   clock spi_clk (rise edge)
   0.00    0.00   clock network delay (ideal)
   0.00    0.00 v input external delay
   0.00    0.00 v spi_rst (in)
   0.01    0.01 ^ _110300_/ZN (INV_X1)
   0.00    0.01 ^ _110471_/RN (DFFR_X1)
           0.01   data arrival time

   0.62    0.62   clock spi_clk (rise edge)
   0.00    0.62   clock network delay (ideal)
   0.00    0.62   clock reconvergence pessimism
           0.62 ^ _110471_/CK (DFFR_X1)
   0.05    0.67   library recovery time
           0.67   data required time
---------------------------------------------------------
           0.67   data required time
          -0.01   data arrival time
---------------------------------------------------------
           0.66   slack (MET)


Startpoint: spi_rst (input port clocked by spi_clk)
Endpoint: _110472_ (recovery check against rising-edge clock spi_clk)
Path Group: asynchronous
Path Type: max

  Delay    Time   Description
---------------------------------------------------------
   0.00    0.00   clock spi_clk (rise edge)
   0.00    0.00   clock network delay (ideal)
   0.00    0.00 v input external delay
   0.00    0.00 v spi_rst (in)
   0.01    0.01 ^ _110266_/ZN (INV_X1)
   0.00    0.01 ^ _110472_/RN (DFFR_X1)
           0.01   data arrival time

   0.62    0.62   clock spi_clk (rise edge)
   0.00    0.62   clock network delay (ideal)
   0.00    0.62   clock reconvergence pessimism
           0.62 ^ _110472_/CK (DFFR_X1)
   0.05    0.67   library recovery time
           0.67   data required time
---------------------------------------------------------
           0.67   data required time
          -0.01   data arrival time
---------------------------------------------------------
           0.66   slack (MET)


Startpoint: spi_rst (input port clocked by spi_clk)
Endpoint: _110473_ (recovery check against rising-edge clock spi_clk)
Path Group: asynchronous
Path Type: max

  Delay    Time   Description
---------------------------------------------------------
   0.00    0.00   clock spi_clk (rise edge)
   0.00    0.00   clock network delay (ideal)
   0.00    0.00 v input external delay
   0.00    0.00 v spi_rst (in)
   0.01    0.01 ^ _110265_/ZN (INV_X1)
   0.00    0.01 ^ _110473_/RN (DFFR_X1)
           0.01   data arrival time

   0.62    0.62   clock spi_clk (rise edge)
   0.00    0.62   clock network delay (ideal)
   0.00    0.62   clock reconvergence pessimism
           0.62 ^ _110473_/CK (DFFR_X1)
   0.05    0.67   library recovery time
           0.67   data required time
---------------------------------------------------------
           0.67   data required time
          -0.01   data arrival time
---------------------------------------------------------
           0.66   slack (MET)


Startpoint: spi_rst (input port clocked by spi_clk)
Endpoint: _110474_ (recovery check against rising-edge clock spi_clk)
Path Group: asynchronous
Path Type: max

  Delay    Time   Description
---------------------------------------------------------
   0.00    0.00   clock spi_clk (rise edge)
   0.00    0.00   clock network delay (ideal)
   0.00    0.00 v input external delay
   0.00    0.00 v spi_rst (in)
   0.01    0.01 ^ _110264_/ZN (INV_X1)
   0.00    0.01 ^ _110474_/RN (DFFR_X1)
           0.01   data arrival time

   0.62    0.62   clock spi_clk (rise edge)
   0.00    0.62   clock network delay (ideal)
   0.00    0.62   clock reconvergence pessimism
           0.62 ^ _110474_/CK (DFFR_X1)
   0.05    0.67   library recovery time
           0.67   data required time
---------------------------------------------------------
           0.67   data required time
          -0.01   data arrival time
---------------------------------------------------------
           0.66   slack (MET)


Startpoint: spi_rst (input port clocked by spi_clk)
Endpoint: _110475_ (recovery check against rising-edge clock spi_clk)
Path Group: asynchronous
Path Type: max

  Delay    Time   Description
---------------------------------------------------------
   0.00    0.00   clock spi_clk (rise edge)
   0.00    0.00   clock network delay (ideal)
   0.00    0.00 v input external delay
   0.00    0.00 v spi_rst (in)
   0.01    0.01 ^ _110263_/ZN (INV_X1)
   0.00    0.01 ^ _110475_/RN (DFFR_X1)
           0.01   data arrival time

   0.62    0.62   clock spi_clk (rise edge)
   0.00    0.62   clock network delay (ideal)
   0.00    0.62   clock reconvergence pessimism
           0.62 ^ _110475_/CK (DFFR_X1)
   0.05    0.67   library recovery time
           0.67   data required time
---------------------------------------------------------
           0.67   data required time
          -0.01   data arrival time
---------------------------------------------------------
           0.66   slack (MET)


Startpoint: spi_rst (input port clocked by spi_clk)
Endpoint: _110476_ (recovery check against rising-edge clock spi_clk)
Path Group: asynchronous
Path Type: max

  Delay    Time   Description
---------------------------------------------------------
   0.00    0.00   clock spi_clk (rise edge)
   0.00    0.00   clock network delay (ideal)
   0.00    0.00 v input external delay
   0.00    0.00 v spi_rst (in)
   0.01    0.01 ^ _110289_/ZN (INV_X1)
   0.00    0.01 ^ _110476_/RN (DFFR_X1)
           0.01   data arrival time

   0.62    0.62   clock spi_clk (rise edge)
   0.00    0.62   clock network delay (ideal)
   0.00    0.62   clock reconvergence pessimism
           0.62 ^ _110476_/CK (DFFR_X1)
   0.05    0.67   library recovery time
           0.67   data required time
---------------------------------------------------------
           0.67   data required time
          -0.01   data arrival time
---------------------------------------------------------
           0.66   slack (MET)


Startpoint: spi_rst (input port clocked by spi_clk)
Endpoint: _110489_ (recovery check against rising-edge clock spi_clk)
Path Group: asynchronous
Path Type: max

  Delay    Time   Description
---------------------------------------------------------
   0.00    0.00   clock spi_clk (rise edge)
   0.00    0.00   clock network delay (ideal)
   0.00    0.00 v input external delay
   0.00    0.00 v spi_rst (in)
   0.01    0.01 ^ _110262_/ZN (INV_X1)
   0.00    0.01 ^ _110489_/RN (DFFR_X1)
           0.01   data arrival time

   0.62    0.62   clock spi_clk (rise edge)
   0.00    0.62   clock network delay (ideal)
   0.00    0.62   clock reconvergence pessimism
           0.62 ^ _110489_/CK (DFFR_X1)
   0.05    0.67   library recovery time
           0.67   data required time
---------------------------------------------------------
           0.67   data required time
          -0.01   data arrival time
---------------------------------------------------------
           0.66   slack (MET)


Startpoint: spi_rst (input port clocked by spi_clk)
Endpoint: _110490_ (recovery check against rising-edge clock spi_clk)
Path Group: asynchronous
Path Type: max

  Delay    Time   Description
---------------------------------------------------------
   0.00    0.00   clock spi_clk (rise edge)
   0.00    0.00   clock network delay (ideal)
   0.00    0.00 v input external delay
   0.00    0.00 v spi_rst (in)
   0.01    0.01 ^ _110261_/ZN (INV_X1)
   0.00    0.01 ^ _110490_/RN (DFFR_X1)
           0.01   data arrival time

   0.62    0.62   clock spi_clk (rise edge)
   0.00    0.62   clock network delay (ideal)
   0.00    0.62   clock reconvergence pessimism
           0.62 ^ _110490_/CK (DFFR_X1)
   0.05    0.67   library recovery time
           0.67   data required time
---------------------------------------------------------
           0.67   data required time
          -0.01   data arrival time
---------------------------------------------------------
           0.66   slack (MET)


Startpoint: spi_rst (input port clocked by spi_clk)
Endpoint: _110491_ (recovery check against rising-edge clock spi_clk)
Path Group: asynchronous
Path Type: max

  Delay    Time   Description
---------------------------------------------------------
   0.00    0.00   clock spi_clk (rise edge)
   0.00    0.00   clock network delay (ideal)
   0.00    0.00 v input external delay
   0.00    0.00 v spi_rst (in)
   0.01    0.01 ^ _110307_/ZN (INV_X1)
   0.00    0.01 ^ _110491_/RN (DFFR_X1)
           0.01   data arrival time

   0.62    0.62   clock spi_clk (rise edge)
   0.00    0.62   clock network delay (ideal)
   0.00    0.62   clock reconvergence pessimism
           0.62 ^ _110491_/CK (DFFR_X1)
   0.05    0.67   library recovery time
           0.67   data required time
---------------------------------------------------------
           0.67   data required time
          -0.01   data arrival time
---------------------------------------------------------
           0.66   slack (MET)


Startpoint: spi_rst (input port clocked by spi_clk)
Endpoint: _110492_ (recovery check against rising-edge clock spi_clk)
Path Group: asynchronous
Path Type: max

  Delay    Time   Description
---------------------------------------------------------
   0.00    0.00   clock spi_clk (rise edge)
   0.00    0.00   clock network delay (ideal)
   0.00    0.00 v input external delay
   0.00    0.00 v spi_rst (in)
   0.01    0.01 ^ _110260_/ZN (INV_X1)
   0.00    0.01 ^ _110492_/RN (DFFR_X1)
           0.01   data arrival time

   0.62    0.62   clock spi_clk (rise edge)
   0.00    0.62   clock network delay (ideal)
   0.00    0.62   clock reconvergence pessimism
           0.62 ^ _110492_/CK (DFFR_X1)
   0.05    0.67   library recovery time
           0.67   data required time
---------------------------------------------------------
           0.67   data required time
          -0.01   data arrival time
---------------------------------------------------------
           0.66   slack (MET)


Startpoint: spi_rst (input port clocked by spi_clk)
Endpoint: _110493_ (recovery check against rising-edge clock spi_clk)
Path Group: asynchronous
Path Type: max

  Delay    Time   Description
---------------------------------------------------------
   0.00    0.00   clock spi_clk (rise edge)
   0.00    0.00   clock network delay (ideal)
   0.00    0.00 v input external delay
   0.00    0.00 v spi_rst (in)
   0.01    0.01 ^ _110259_/ZN (INV_X1)
   0.00    0.01 ^ _110493_/RN (DFFR_X1)
           0.01   data arrival time

   0.62    0.62   clock spi_clk (rise edge)
   0.00    0.62   clock network delay (ideal)
   0.00    0.62   clock reconvergence pessimism
           0.62 ^ _110493_/CK (DFFR_X1)
   0.05    0.67   library recovery time
           0.67   data required time
---------------------------------------------------------
           0.67   data required time
          -0.01   data arrival time
---------------------------------------------------------
           0.66   slack (MET)


Startpoint: spi_rst (input port clocked by spi_clk)
Endpoint: _110494_ (recovery check against rising-edge clock spi_clk)
Path Group: asynchronous
Path Type: max

  Delay    Time   Description
---------------------------------------------------------
   0.00    0.00   clock spi_clk (rise edge)
   0.00    0.00   clock network delay (ideal)
   0.00    0.00 v input external delay
   0.00    0.00 v spi_rst (in)
   0.01    0.01 ^ _110308_/ZN (INV_X1)
   0.00    0.01 ^ _110494_/RN (DFFR_X1)
           0.01   data arrival time

   0.62    0.62   clock spi_clk (rise edge)
   0.00    0.62   clock network delay (ideal)
   0.00    0.62   clock reconvergence pessimism
           0.62 ^ _110494_/CK (DFFR_X1)
   0.05    0.67   library recovery time
           0.67   data required time
---------------------------------------------------------
           0.67   data required time
          -0.01   data arrival time
---------------------------------------------------------
           0.66   slack (MET)


Startpoint: _125268_ (rising edge-triggered flip-flop clocked by cpu_clk)
Endpoint: _110412_ (rising edge-triggered flip-flop clocked by cpu_clk)
Path Group: cpu_clk
Path Type: max

  Delay    Time   Description
---------------------------------------------------------
   0.00    0.00   clock cpu_clk (rise edge)
   0.00    0.00   clock network delay (ideal)
   0.00    0.00 ^ _125268_/CK (DFF_X1)
  10.60   10.60 ^ _125268_/Q (DFF_X1)
 155.70  166.30 v _062952_/ZN (INV_X1)
 701.58  867.88 ^ _065299_/ZN (NOR2_X1)
   0.01  867.90 v _086706_/ZN (OAI21_X1)
   0.37  868.27 ^ _086707_/ZN (OAI21_X1)
   0.02  868.29 v _086708_/ZN (OAI21_X1)
   0.23  868.52 ^ _086802_/ZN (AOI22_X1)
   0.01  868.54 v _086950_/ZN (NOR2_X1)
   0.06  868.60 ^ _087100_/ZN (OAI33_X1)
   0.04  868.64 ^ _087101_/Z (MUX2_X1)
   0.00  868.64 ^ _110412_/D (DFF_X1)
         868.64   data arrival time

   1.55    1.55   clock cpu_clk (rise edge)
   0.00    1.55   clock network delay (ideal)
   0.00    1.55   clock reconvergence pessimism
           1.55 ^ _110412_/CK (DFF_X1)
  -0.03    1.52   library setup time
           1.52   data required time
---------------------------------------------------------
           1.52   data required time
        -868.64   data arrival time
---------------------------------------------------------
        -867.13   slack (VIOLATED)


Startpoint: _125268_ (rising edge-triggered flip-flop clocked by cpu_clk)
Endpoint: _110419_ (rising edge-triggered flip-flop clocked by cpu_clk)
Path Group: cpu_clk
Path Type: max

  Delay    Time   Description
---------------------------------------------------------
   0.00    0.00   clock cpu_clk (rise edge)
   0.00    0.00   clock network delay (ideal)
   0.00    0.00 ^ _125268_/CK (DFF_X1)
  10.60   10.60 ^ _125268_/Q (DFF_X1)
 155.70  166.30 v _062952_/ZN (INV_X1)
 701.58  867.88 ^ _065299_/ZN (NOR2_X1)
   0.01  867.90 v _083695_/ZN (OAI21_X1)
   0.37  868.27 ^ _083696_/ZN (OAI21_X1)
   0.02  868.29 v _083697_/ZN (OAI21_X1)
   0.21  868.50 v _083778_/ZN (AND3_X1)
   0.06  868.56 ^ _083779_/ZN (AOI221_X1)
   0.02  868.58 v _083782_/ZN (OAI21_X1)
   0.02  868.60 ^ _083932_/ZN (OAI21_X1)
   0.04  868.64 ^ _083933_/Z (MUX2_X1)
   0.00  868.64 ^ _110419_/D (DFF_X1)
         868.64   data arrival time

   1.55    1.55   clock cpu_clk (rise edge)
   0.00    1.55   clock network delay (ideal)
   0.00    1.55   clock reconvergence pessimism
           1.55 ^ _110419_/CK (DFF_X1)
  -0.03    1.52   library setup time
           1.52   data required time
---------------------------------------------------------
           1.52   data required time
        -868.64   data arrival time
---------------------------------------------------------
        -867.12   slack (VIOLATED)


Startpoint: _125268_ (rising edge-triggered flip-flop clocked by cpu_clk)
Endpoint: _110410_ (rising edge-triggered flip-flop clocked by cpu_clk)
Path Group: cpu_clk
Path Type: max

  Delay    Time   Description
---------------------------------------------------------
   0.00    0.00   clock cpu_clk (rise edge)
   0.00    0.00   clock network delay (ideal)
   0.00    0.00 ^ _125268_/CK (DFF_X1)
  10.60   10.60 ^ _125268_/Q (DFF_X1)
 155.70  166.30 v _062952_/ZN (INV_X1)
 701.58  867.88 ^ _065299_/ZN (NOR2_X1)
   0.01  867.90 v _087686_/ZN (OAI21_X1)
   0.37  868.27 ^ _087687_/ZN (OAI21_X1)
   0.02  868.29 v _087688_/ZN (OAI21_X1)
   0.17  868.47 ^ _087834_/ZN (OAI221_X1)
   0.02  868.48 v _087835_/ZN (AOI211_X1)
   0.08  868.56 ^ _087836_/ZN (AOI211_X1)
   0.01  868.57 v _087841_/ZN (NOR2_X1)
   0.02  868.60 ^ _087992_/ZN (OAI21_X1)
   0.04  868.64 ^ _087993_/Z (MUX2_X1)
   0.00  868.64 ^ _110410_/D (DFF_X1)
         868.64   data arrival time

   1.55    1.55   clock cpu_clk (rise edge)
   0.00    1.55   clock network delay (ideal)
   0.00    1.55   clock reconvergence pessimism
           1.55 ^ _110410_/CK (DFF_X1)
  -0.03    1.52   library setup time
           1.52   data required time
---------------------------------------------------------
           1.52   data required time
        -868.64   data arrival time
---------------------------------------------------------
        -867.12   slack (VIOLATED)


Startpoint: _125268_ (rising edge-triggered flip-flop clocked by cpu_clk)
Endpoint: _110416_ (rising edge-triggered flip-flop clocked by cpu_clk)
Path Group: cpu_clk
Path Type: max

  Delay    Time   Description
---------------------------------------------------------
   0.00    0.00   clock cpu_clk (rise edge)
   0.00    0.00   clock network delay (ideal)
   0.00    0.00 ^ _125268_/CK (DFF_X1)
  10.60   10.60 ^ _125268_/Q (DFF_X1)
 155.70  166.30 v _062952_/ZN (INV_X1)
 701.58  867.88 ^ _065299_/ZN (NOR2_X1)
   0.01  867.90 v _085054_/ZN (OAI21_X1)
   0.37  868.27 ^ _085055_/ZN (OAI21_X1)
   0.02  868.29 v _085056_/ZN (OAI21_X1)
   0.19  868.48 ^ _085057_/ZN (OAI211_X1)
   0.01  868.49 v _085134_/ZN (AOI21_X1)
   0.07  868.57 v _085135_/Z (MUX2_X1)
   0.03  868.60 ^ _085283_/ZN (OAI22_X1)
   0.04  868.64 ^ _085284_/Z (MUX2_X1)
   0.00  868.64 ^ _110416_/D (DFF_X1)
         868.64   data arrival time

   1.55    1.55   clock cpu_clk (rise edge)
   0.00    1.55   clock network delay (ideal)
   0.00    1.55   clock reconvergence pessimism
           1.55 ^ _110416_/CK (DFF_X1)
  -0.03    1.52   library setup time
           1.52   data required time
---------------------------------------------------------
           1.52   data required time
        -868.64   data arrival time
---------------------------------------------------------
        -867.12   slack (VIOLATED)


Startpoint: _125268_ (rising edge-triggered flip-flop clocked by cpu_clk)
Endpoint: _110405_ (rising edge-triggered flip-flop clocked by cpu_clk)
Path Group: cpu_clk
Path Type: max

  Delay    Time   Description
---------------------------------------------------------
   0.00    0.00   clock cpu_clk (rise edge)
   0.00    0.00   clock network delay (ideal)
   0.00    0.00 ^ _125268_/CK (DFF_X1)
  10.60   10.60 ^ _125268_/Q (DFF_X1)
 155.70  166.30 v _062952_/ZN (INV_X1)
 701.58  867.88 ^ _065299_/ZN (NOR2_X1)
   0.01  867.90 v _090103_/ZN (OAI21_X1)
   0.37  868.27 ^ _090104_/ZN (OAI21_X1)
   0.02  868.29 v _090105_/ZN (OAI21_X1)
   0.18  868.48 ^ _090106_/ZN (NAND4_X1)
   0.03  868.51 v _090109_/ZN (OAI21_X1)
   0.04  868.55 ^ _090260_/ZN (AOI21_X1)
   0.02  868.57 v _090261_/ZN (OAI21_X1)
   0.03  868.60 ^ _090262_/ZN (NAND2_X1)
   0.04  868.63 ^ _090263_/Z (MUX2_X1)
   0.00  868.63 ^ _110405_/D (DFF_X1)
         868.63   data arrival time

   1.55    1.55   clock cpu_clk (rise edge)
   0.00    1.55   clock network delay (ideal)
   0.00    1.55   clock reconvergence pessimism
           1.55 ^ _110405_/CK (DFF_X1)
  -0.03    1.52   library setup time
           1.52   data required time
---------------------------------------------------------
           1.52   data required time
        -868.63   data arrival time
---------------------------------------------------------
        -867.12   slack (VIOLATED)


Startpoint: _125268_ (rising edge-triggered flip-flop clocked by cpu_clk)
Endpoint: _110401_ (rising edge-triggered flip-flop clocked by cpu_clk)
Path Group: cpu_clk
Path Type: max

  Delay    Time   Description
---------------------------------------------------------
   0.00    0.00   clock cpu_clk (rise edge)
   0.00    0.00   clock network delay (ideal)
   0.00    0.00 ^ _125268_/CK (DFF_X1)
  10.60   10.60 ^ _125268_/Q (DFF_X1)
 155.70  166.30 v _062952_/ZN (INV_X1)
 701.58  867.88 ^ _065299_/ZN (NOR2_X1)
   0.01  867.90 v _091874_/ZN (OAI21_X1)
   0.37  868.27 ^ _091875_/ZN (OAI21_X1)
   0.02  868.29 v _091876_/ZN (OAI21_X1)
   0.19  868.48 v _091897_/ZN (AND2_X1)
   0.04  868.52 ^ _091898_/ZN (AOI21_X1)
   0.02  868.54 v _091902_/ZN (AOI22_X1)
   0.03  868.57 ^ _092046_/ZN (OAI22_X1)
   0.04  868.61 ^ _092047_/Z (MUX2_X1)
   0.00  868.61 ^ _110401_/D (DFF_X1)
         868.61   data arrival time

   1.55    1.55   clock cpu_clk (rise edge)
   0.00    1.55   clock network delay (ideal)
   0.00    1.55   clock reconvergence pessimism
           1.55 ^ _110401_/CK (DFF_X1)
  -0.03    1.52   library setup time
           1.52   data required time
---------------------------------------------------------
           1.52   data required time
        -868.61   data arrival time
---------------------------------------------------------
        -867.10   slack (VIOLATED)


Startpoint: _125268_ (rising edge-triggered flip-flop clocked by cpu_clk)
Endpoint: _110417_ (rising edge-triggered flip-flop clocked by cpu_clk)
Path Group: cpu_clk
Path Type: max

  Delay    Time   Description
---------------------------------------------------------
   0.00    0.00   clock cpu_clk (rise edge)
   0.00    0.00   clock network delay (ideal)
   0.00    0.00 ^ _125268_/CK (DFF_X1)
  10.60   10.60 ^ _125268_/Q (DFF_X1)
 155.70  166.30 v _062952_/ZN (INV_X1)
 701.58  867.88 ^ _065299_/ZN (NOR2_X1)
   0.01  867.90 v _084581_/ZN (OAI21_X1)
   0.37  868.27 ^ _084582_/ZN (OAI21_X1)
   0.02  868.29 v _084583_/ZN (OAI21_X1)
   0.19  868.48 v _084677_/ZN (AND2_X1)
   0.04  868.52 ^ _084678_/ZN (AOI21_X1)
   0.02  868.54 v _084682_/ZN (AOI22_X1)
   0.03  868.57 ^ _084834_/ZN (OAI21_X1)
   0.04  868.61 ^ _084835_/Z (MUX2_X1)
   0.00  868.61 ^ _110417_/D (DFF_X1)
         868.61   data arrival time

   1.55    1.55   clock cpu_clk (rise edge)
   0.00    1.55   clock network delay (ideal)
   0.00    1.55   clock reconvergence pessimism
           1.55 ^ _110417_/CK (DFF_X1)
  -0.03    1.52   library setup time
           1.52   data required time
---------------------------------------------------------
           1.52   data required time
        -868.61   data arrival time
---------------------------------------------------------
        -867.09   slack (VIOLATED)


Startpoint: _125268_ (rising edge-triggered flip-flop clocked by cpu_clk)
Endpoint: _110421_ (rising edge-triggered flip-flop clocked by cpu_clk)
Path Group: cpu_clk
Path Type: max

  Delay    Time   Description
---------------------------------------------------------
   0.00    0.00   clock cpu_clk (rise edge)
   0.00    0.00   clock network delay (ideal)
   0.00    0.00 ^ _125268_/CK (DFF_X1)
  10.60   10.60 ^ _125268_/Q (DFF_X1)
 155.70  166.30 v _062952_/ZN (INV_X1)
 701.58  867.88 ^ _065299_/ZN (NOR2_X1)
   0.02  867.91 v _082636_/ZN (OAI211_X1)
   0.36  868.26 ^ _082641_/ZN (OAI21_X1)
   0.02  868.28 v _082642_/ZN (OAI21_X1)
   0.17  868.46 ^ _082643_/ZN (OAI21_X1)
   0.02  868.48 v _082644_/ZN (AOI211_X1)
   0.08  868.55 ^ _083019_/ZN (OAI33_X1)
   0.04  868.60 ^ _083020_/Z (MUX2_X1)
   0.00  868.60 ^ _110421_/D (DFF_X1)
         868.60   data arrival time

   1.55    1.55   clock cpu_clk (rise edge)
   0.00    1.55   clock network delay (ideal)
   0.00    1.55   clock reconvergence pessimism
           1.55 ^ _110421_/CK (DFF_X1)
  -0.03    1.52   library setup time
           1.52   data required time
---------------------------------------------------------
           1.52   data required time
        -868.60   data arrival time
---------------------------------------------------------
        -867.08   slack (VIOLATED)


Startpoint: _125268_ (rising edge-triggered flip-flop clocked by cpu_clk)
Endpoint: _110426_ (rising edge-triggered flip-flop clocked by cpu_clk)
Path Group: cpu_clk
Path Type: max

  Delay    Time   Description
---------------------------------------------------------
   0.00    0.00   clock cpu_clk (rise edge)
   0.00    0.00   clock network delay (ideal)
   0.00    0.00 ^ _125268_/CK (DFF_X1)
  10.60   10.60 ^ _125268_/Q (DFF_X1)
 155.70  166.30 v _062952_/ZN (INV_X1)
 701.58  867.88 ^ _065299_/ZN (NOR2_X1)
   0.01  867.90 v _080671_/ZN (OAI21_X1)
   0.37  868.27 ^ _080672_/ZN (OAI21_X1)
   0.02  868.29 v _080673_/ZN (OAI21_X1)
   0.16  868.46 ^ _080759_/ZN (NAND4_X1)
   0.02  868.48 v _080760_/ZN (AOI21_X1)
   0.08  868.55 ^ _080763_/ZN (OAI33_X1)
   0.04  868.60 ^ _080764_/Z (MUX2_X1)
   0.00  868.60 ^ _110426_/D (DFF_X1)
         868.60   data arrival time

   1.55    1.55   clock cpu_clk (rise edge)
   0.00    1.55   clock network delay (ideal)
   0.00    1.55   clock reconvergence pessimism
           1.55 ^ _110426_/CK (DFF_X1)
  -0.03    1.52   library setup time
           1.52   data required time
---------------------------------------------------------
           1.52   data required time
        -868.60   data arrival time
---------------------------------------------------------
        -867.08   slack (VIOLATED)


Startpoint: _125268_ (rising edge-triggered flip-flop clocked by cpu_clk)
Endpoint: _110427_ (rising edge-triggered flip-flop clocked by cpu_clk)
Path Group: cpu_clk
Path Type: max

  Delay    Time   Description
---------------------------------------------------------
   0.00    0.00   clock cpu_clk (rise edge)
   0.00    0.00   clock network delay (ideal)
   0.00    0.00 ^ _125268_/CK (DFF_X1)
  10.60   10.60 ^ _125268_/Q (DFF_X1)
 155.70  166.30 v _062952_/ZN (INV_X1)
 701.58  867.88 ^ _065299_/ZN (NOR2_X1)
   0.01  867.90 v _080313_/ZN (OAI21_X1)
   0.40  868.30 ^ _080318_/ZN (OAI21_X1)
   0.02  868.32 v _080319_/ZN (OAI21_X1)
   0.18  868.50 ^ _080320_/ZN (NAND4_X1)
   0.03  868.53 v _080323_/ZN (NAND3_X1)
   0.03  868.56 ^ _080324_/ZN (OAI21_X1)
   0.04  868.60 ^ _080325_/Z (MUX2_X1)
   0.00  868.60 ^ _110427_/D (DFF_X1)
         868.60   data arrival time

   1.55    1.55   clock cpu_clk (rise edge)
   0.00    1.55   clock network delay (ideal)
   0.00    1.55   clock reconvergence pessimism
           1.55 ^ _110427_/CK (DFF_X1)
  -0.03    1.52   library setup time
           1.52   data required time
---------------------------------------------------------
           1.52   data required time
        -868.60   data arrival time
---------------------------------------------------------
        -867.08   slack (VIOLATED)


Startpoint: _125268_ (rising edge-triggered flip-flop clocked by cpu_clk)
Endpoint: _110422_ (rising edge-triggered flip-flop clocked by cpu_clk)
Path Group: cpu_clk
Path Type: max

  Delay    Time   Description
---------------------------------------------------------
   0.00    0.00   clock cpu_clk (rise edge)
   0.00    0.00   clock network delay (ideal)
   0.00    0.00 ^ _125268_/CK (DFF_X1)
  10.60   10.60 ^ _125268_/Q (DFF_X1)
 155.70  166.30 v _062952_/ZN (INV_X1)
 701.58  867.88 ^ _065299_/ZN (NOR2_X1)
   0.01  867.90 v _082556_/ZN (OAI21_X1)
   0.37  868.27 ^ _082557_/ZN (OAI21_X1)
   0.02  868.29 v _082558_/ZN (OAI21_X1)
   0.18  868.48 ^ _082559_/ZN (NAND4_X1)
   0.02  868.50 v _082563_/ZN (NAND2_X1)
   0.04  868.53 ^ _082564_/ZN (OAI21_X1)
   0.04  868.57 ^ _082565_/Z (MUX2_X1)
   0.00  868.57 ^ _110422_/D (DFF_X1)
         868.57   data arrival time

   1.55    1.55   clock cpu_clk (rise edge)
   0.00    1.55   clock network delay (ideal)
   0.00    1.55   clock reconvergence pessimism
           1.55 ^ _110422_/CK (DFF_X1)
  -0.03    1.52   library setup time
           1.52   data required time
---------------------------------------------------------
           1.52   data required time
        -868.57   data arrival time
---------------------------------------------------------
        -867.05   slack (VIOLATED)


Startpoint: _125268_ (rising edge-triggered flip-flop clocked by cpu_clk)
Endpoint: _110420_ (rising edge-triggered flip-flop clocked by cpu_clk)
Path Group: cpu_clk
Path Type: max

  Delay    Time   Description
---------------------------------------------------------
   0.00    0.00   clock cpu_clk (rise edge)
   0.00    0.00   clock network delay (ideal)
   0.00    0.00 ^ _125268_/CK (DFF_X1)
  10.60   10.60 ^ _125268_/Q (DFF_X1)
 155.70  166.30 v _062952_/ZN (INV_X1)
 701.58  867.88 ^ _065299_/ZN (NOR2_X1)
   0.01  867.90 v _083433_/ZN (OAI21_X1)
   0.37  868.27 ^ _083434_/ZN (OAI21_X1)
   0.02  868.29 v _083435_/ZN (OAI21_X1)
   0.19  868.48 v _083473_/ZN (AND3_X1)
   0.04  868.51 ^ _083474_/ZN (NOR2_X1)
   0.02  868.54 v _083475_/ZN (AOI22_X1)
   0.03  868.56 ^ _083477_/ZN (AOI21_X1)
   0.00  868.56 ^ _110420_/D (DFF_X1)
         868.56   data arrival time

   1.55    1.55   clock cpu_clk (rise edge)
   0.00    1.55   clock network delay (ideal)
   0.00    1.55   clock reconvergence pessimism
           1.55 ^ _110420_/CK (DFF_X1)
  -0.04    1.51   library setup time
           1.51   data required time
---------------------------------------------------------
           1.51   data required time
        -868.56   data arrival time
---------------------------------------------------------
        -867.05   slack (VIOLATED)


Startpoint: _125268_ (rising edge-triggered flip-flop clocked by cpu_clk)
Endpoint: _110408_ (rising edge-triggered flip-flop clocked by cpu_clk)
Path Group: cpu_clk
Path Type: max

  Delay    Time   Description
---------------------------------------------------------
   0.00    0.00   clock cpu_clk (rise edge)
   0.00    0.00   clock network delay (ideal)
   0.00    0.00 ^ _125268_/CK (DFF_X1)
  10.60   10.60 ^ _125268_/Q (DFF_X1)
 155.70  166.30 v _062952_/ZN (INV_X1)
 701.58  867.88 ^ _065299_/ZN (NOR2_X1)
   0.02  867.91 v _088556_/ZN (OAI211_X1)
   0.34  868.25 ^ _088557_/ZN (NAND3_X1)
   0.04  868.28 v _088558_/ZN (OAI22_X1)
   0.04  868.33 ^ _088559_/ZN (NOR2_X1)
   0.02  868.35 v _088598_/ZN (AOI211_X1)
   0.09  868.44 v _088599_/Z (MUX2_X1)
   0.06  868.50 v _088749_/Z (MUX2_X1)
   0.03  868.53 ^ _088901_/ZN (OAI22_X1)
   0.04  868.57 ^ _088902_/Z (MUX2_X1)
   0.00  868.57 ^ _110408_/D (DFF_X1)
         868.57   data arrival time

   1.55    1.55   clock cpu_clk (rise edge)
   0.00    1.55   clock network delay (ideal)
   0.00    1.55   clock reconvergence pessimism
           1.55 ^ _110408_/CK (DFF_X1)
  -0.03    1.52   library setup time
           1.52   data required time
---------------------------------------------------------
           1.52   data required time
        -868.57   data arrival time
---------------------------------------------------------
        -867.05   slack (VIOLATED)


Startpoint: _125268_ (rising edge-triggered flip-flop clocked by cpu_clk)
Endpoint: _110424_ (rising edge-triggered flip-flop clocked by cpu_clk)
Path Group: cpu_clk
Path Type: max

  Delay    Time   Description
---------------------------------------------------------
   0.00    0.00   clock cpu_clk (rise edge)
   0.00    0.00   clock network delay (ideal)
   0.00    0.00 ^ _125268_/CK (DFF_X1)
  10.60   10.60 ^ _125268_/Q (DFF_X1)
 155.70  166.30 v _062952_/ZN (INV_X1)
 701.58  867.88 ^ _065299_/ZN (NOR2_X1)
   0.02  867.91 v _081611_/ZN (OAI211_X1)
   0.34  868.25 ^ _081612_/ZN (NAND3_X1)
   0.04  868.28 v _081613_/ZN (OAI22_X1)
   0.04  868.33 ^ _081614_/ZN (NOR2_X1)
   0.02  868.35 v _081649_/ZN (AOI211_X1)
   0.06  868.41 ^ _081651_/ZN (OAI21_X1)
   0.02  868.43 v _081652_/ZN (AOI21_X1)
   0.09  868.51 ^ _081653_/ZN (OAI33_X1)
   0.04  868.56 ^ _081654_/Z (MUX2_X1)
   0.00  868.56 ^ _110424_/D (DFF_X1)
         868.56   data arrival time

   1.55    1.55   clock cpu_clk (rise edge)
   0.00    1.55   clock network delay (ideal)
   0.00    1.55   clock reconvergence pessimism
           1.55 ^ _110424_/CK (DFF_X1)
  -0.03    1.52   library setup time
           1.52   data required time
---------------------------------------------------------
           1.52   data required time
        -868.56   data arrival time
---------------------------------------------------------
        -867.04   slack (VIOLATED)


Startpoint: _125268_ (rising edge-triggered flip-flop clocked by cpu_clk)
Endpoint: _110406_ (rising edge-triggered flip-flop clocked by cpu_clk)
Path Group: cpu_clk
Path Type: max

  Delay    Time   Description
---------------------------------------------------------
   0.00    0.00   clock cpu_clk (rise edge)
   0.00    0.00   clock network delay (ideal)
   0.00    0.00 ^ _125268_/CK (DFF_X1)
  10.60   10.60 ^ _125268_/Q (DFF_X1)
 155.70  166.30 v _062952_/ZN (INV_X1)
 701.58  867.88 ^ _065299_/ZN (NOR2_X1)
   0.01  867.90 v _089419_/ZN (OAI21_X1)
   0.43  868.32 ^ _089420_/ZN (AOI21_X1)
  -0.02  868.31 v _089421_/ZN (AOI221_X1)
   0.06  868.37 ^ _089494_/ZN (OAI21_X1)
   0.03  868.40 v _089495_/ZN (OAI33_X1)
   0.06  868.45 v _089646_/ZN (AND2_X1)
   0.05  868.50 ^ _089801_/ZN (OAI33_X1)
   0.05  868.55 ^ _089802_/Z (MUX2_X1)
   0.00  868.55 ^ _110406_/D (DFF_X1)
         868.55   data arrival time

   1.55    1.55   clock cpu_clk (rise edge)
   0.00    1.55   clock network delay (ideal)
   0.00    1.55   clock reconvergence pessimism
           1.55 ^ _110406_/CK (DFF_X1)
  -0.03    1.52   library setup time
           1.52   data required time
---------------------------------------------------------
           1.52   data required time
        -868.55   data arrival time
---------------------------------------------------------
        -867.03   slack (VIOLATED)


Startpoint: _125268_ (rising edge-triggered flip-flop clocked by cpu_clk)
Endpoint: _110428_ (rising edge-triggered flip-flop clocked by cpu_clk)
Path Group: cpu_clk
Path Type: max

  Delay    Time   Description
---------------------------------------------------------
   0.00    0.00   clock cpu_clk (rise edge)
   0.00    0.00   clock network delay (ideal)
   0.00    0.00 ^ _125268_/CK (DFF_X1)
  10.60   10.60 ^ _125268_/Q (DFF_X1)
 155.70  166.30 v _062952_/ZN (INV_X1)
 701.58  867.88 ^ _065299_/ZN (NOR2_X1)
   0.01  867.90 v _107899_/ZN (OAI21_X1)
   0.43  868.32 ^ _107900_/ZN (AOI21_X1)
  -0.02  868.31 v _107901_/ZN (AOI221_X1)
   0.08  868.39 ^ _107902_/ZN (OAI22_X1)
   0.01  868.40 v _108131_/ZN (NOR3_X1)
   0.07  868.47 ^ _108133_/ZN (AOI211_X1)
   0.03  868.50 ^ _108134_/ZN (OR2_X1)
   0.01  868.52 v _108288_/ZN (AOI21_X1)
   0.03  868.54 ^ _108290_/ZN (AOI21_X1)
   0.00  868.54 ^ _110428_/D (DFF_X1)
         868.54   data arrival time

   1.55    1.55   clock cpu_clk (rise edge)
   0.00    1.55   clock network delay (ideal)
   0.00    1.55   clock reconvergence pessimism
           1.55 ^ _110428_/CK (DFF_X1)
  -0.04    1.51   library setup time
           1.51   data required time
---------------------------------------------------------
           1.51   data required time
        -868.54   data arrival time
---------------------------------------------------------
        -867.03   slack (VIOLATED)


Startpoint: _125268_ (rising edge-triggered flip-flop clocked by cpu_clk)
Endpoint: _110398_ (rising edge-triggered flip-flop clocked by cpu_clk)
Path Group: cpu_clk
Path Type: max

  Delay    Time   Description
---------------------------------------------------------
   0.00    0.00   clock cpu_clk (rise edge)
   0.00    0.00   clock network delay (ideal)
   0.00    0.00 ^ _125268_/CK (DFF_X1)
  10.60   10.60 ^ _125268_/Q (DFF_X1)
 155.70  166.30 v _062952_/ZN (INV_X1)
 701.58  867.88 ^ _065299_/ZN (NOR2_X1)
   0.01  867.90 v _093090_/ZN (OAI21_X1)
   0.37  868.27 ^ _093091_/ZN (OAI21_X1)
   0.02  868.29 v _093092_/ZN (OAI21_X1)
   0.16  868.46 ^ _093094_/ZN (NAND4_X1)
   0.02  868.48 v _093250_/ZN (AOI21_X1)
   0.03  868.51 ^ _093404_/ZN (OAI21_X1)
   0.04  868.54 ^ _093405_/Z (MUX2_X1)
   0.00  868.54 ^ _110398_/D (DFF_X1)
         868.54   data arrival time

   1.55    1.55   clock cpu_clk (rise edge)
   0.00    1.55   clock network delay (ideal)
   0.00    1.55   clock reconvergence pessimism
           1.55 ^ _110398_/CK (DFF_X1)
  -0.03    1.52   library setup time
           1.52   data required time
---------------------------------------------------------
           1.52   data required time
        -868.54   data arrival time
---------------------------------------------------------
        -867.03   slack (VIOLATED)


Startpoint: _125268_ (rising edge-triggered flip-flop clocked by cpu_clk)
Endpoint: _110414_ (rising edge-triggered flip-flop clocked by cpu_clk)
Path Group: cpu_clk
Path Type: max

  Delay    Time   Description
---------------------------------------------------------
   0.00    0.00   clock cpu_clk (rise edge)
   0.00    0.00   clock network delay (ideal)
   0.00    0.00 ^ _125268_/CK (DFF_X1)
  10.60   10.60 ^ _125268_/Q (DFF_X1)
 155.70  166.30 v _062952_/ZN (INV_X1)
 701.58  867.88 ^ _065299_/ZN (NOR2_X1)
   0.01  867.90 v _085807_/ZN (OAI21_X1)
   0.37  868.27 ^ _085808_/ZN (OAI21_X1)
   0.02  868.29 v _085809_/ZN (OAI21_X1)
   0.05  868.35 ^ _085883_/ZN (OAI21_X1)
   0.02  868.37 v _085884_/ZN (AOI211_X1)
   0.07  868.44 ^ _085885_/ZN (AOI21_X1)
   0.02  868.46 v _086037_/ZN (AOI21_X1)
   0.03  868.49 ^ _086194_/ZN (OAI21_X1)
   0.04  868.53 ^ _086195_/Z (MUX2_X1)
   0.00  868.53 ^ _110414_/D (DFF_X1)
         868.53   data arrival time

   1.55    1.55   clock cpu_clk (rise edge)
   0.00    1.55   clock network delay (ideal)
   0.00    1.55   clock reconvergence pessimism
           1.55 ^ _110414_/CK (DFF_X1)
  -0.03    1.52   library setup time
           1.52   data required time
---------------------------------------------------------
           1.52   data required time
        -868.53   data arrival time
---------------------------------------------------------
        -867.01   slack (VIOLATED)


Startpoint: _125268_ (rising edge-triggered flip-flop clocked by cpu_clk)
Endpoint: _110425_ (rising edge-triggered flip-flop clocked by cpu_clk)
Path Group: cpu_clk
Path Type: max

  Delay    Time   Description
---------------------------------------------------------
   0.00    0.00   clock cpu_clk (rise edge)
   0.00    0.00   clock network delay (ideal)
   0.00    0.00 ^ _125268_/CK (DFF_X1)
  10.60   10.60 ^ _125268_/Q (DFF_X1)
 155.70  166.30 v _062952_/ZN (INV_X1)
 701.58  867.88 ^ _065299_/ZN (NOR2_X1)
   0.02  867.91 v _080878_/ZN (OAI211_X1)
   0.34  868.25 ^ _080879_/ZN (NAND3_X1)
   0.04  868.28 v _080880_/ZN (OAI22_X1)
   0.05  868.33 ^ _080881_/ZN (NOR2_X1)
   0.02  868.35 v _081059_/ZN (AOI211_X1)
   0.09  868.43 ^ _081060_/ZN (AOI221_X1)
   0.02  868.45 v _081067_/ZN (AOI21_X1)
   0.03  868.48 ^ _081207_/ZN (OAI22_X1)
   0.04  868.52 ^ _081208_/Z (MUX2_X1)
   0.00  868.52 ^ _110425_/D (DFF_X1)
         868.52   data arrival time

   1.55    1.55   clock cpu_clk (rise edge)
   0.00    1.55   clock network delay (ideal)
   0.00    1.55   clock reconvergence pessimism
           1.55 ^ _110425_/CK (DFF_X1)
  -0.03    1.52   library setup time
           1.52   data required time
---------------------------------------------------------
           1.52   data required time
        -868.52   data arrival time
---------------------------------------------------------
        -867.01   slack (VIOLATED)


Startpoint: _125268_ (rising edge-triggered flip-flop clocked by cpu_clk)
Endpoint: _110407_ (rising edge-triggered flip-flop clocked by cpu_clk)
Path Group: cpu_clk
Path Type: max

  Delay    Time   Description
---------------------------------------------------------
   0.00    0.00   clock cpu_clk (rise edge)
   0.00    0.00   clock network delay (ideal)
   0.00    0.00 ^ _125268_/CK (DFF_X1)
  10.60   10.60 ^ _125268_/Q (DFF_X1)
 155.70  166.30 v _062952_/ZN (INV_X1)
 701.58  867.88 ^ _065299_/ZN (NOR2_X1)
   0.02  867.91 v _089062_/ZN (OAI211_X1)
   0.37  868.28 ^ _089063_/ZN (NAND4_X1)
   0.04  868.31 v _089082_/ZN (OAI211_X1)
   0.05  868.36 ^ _089192_/ZN (OAI211_X1)
   0.02  868.39 v _089193_/ZN (OAI21_X1)
   0.05  868.44 ^ _089194_/ZN (AOI21_X1)
   0.02  868.46 v _089199_/ZN (AOI21_X1)
   0.02  868.48 ^ _089350_/ZN (OAI21_X1)
   0.04  868.52 ^ _089351_/Z (MUX2_X1)
   0.00  868.52 ^ _110407_/D (DFF_X1)
         868.52   data arrival time

   1.55    1.55   clock cpu_clk (rise edge)
   0.00    1.55   clock network delay (ideal)
   0.00    1.55   clock reconvergence pessimism
           1.55 ^ _110407_/CK (DFF_X1)
  -0.03    1.52   library setup time
           1.52   data required time
---------------------------------------------------------
           1.52   data required time
        -868.52   data arrival time
---------------------------------------------------------
        -867.00   slack (VIOLATED)


Startpoint: _124937_ (rising edge-triggered flip-flop clocked by cpu_div2)
Endpoint: _124944_ (rising edge-triggered flip-flop clocked by cpu_div2)
Path Group: cpu_div2
Path Type: max

  Delay    Time   Description
---------------------------------------------------------
   0.00    0.00   clock cpu_div2 (rise edge)
   0.00    0.00   clock network delay (ideal)
   0.00    0.00 ^ _124937_/CK (DFF_X1)
   0.09    0.09 ^ _124937_/Q (DFF_X1)
   0.05    0.15 ^ _077632_/ZN (AND3_X1)
   0.04    0.19 ^ _077633_/ZN (AND2_X1)
   0.04    0.23 ^ _077634_/ZN (AND2_X1)
   0.04    0.27 ^ _077635_/ZN (AND2_X1)
   0.04    0.31 ^ _077636_/ZN (AND2_X1)
   0.02    0.32 v _109736_/ZN (OAI21_X1)
   0.04    0.36 ^ _109737_/ZN (AOI21_X1)
   0.00    0.36 ^ _124944_/D (DFF_X1)
           0.36   data arrival time

   3.10    3.10   clock cpu_div2 (rise edge)
   0.00    3.10   clock network delay (ideal)
   0.00    3.10   clock reconvergence pessimism
           3.10 ^ _124944_/CK (DFF_X1)
  -0.03    3.07   library setup time
           3.07   data required time
---------------------------------------------------------
           3.07   data required time
          -0.36   data arrival time
---------------------------------------------------------
           2.71   slack (MET)


Startpoint: _124937_ (rising edge-triggered flip-flop clocked by cpu_div2)
Endpoint: _124943_ (rising edge-triggered flip-flop clocked by cpu_div2)
Path Group: cpu_div2
Path Type: max

  Delay    Time   Description
---------------------------------------------------------
   0.00    0.00   clock cpu_div2 (rise edge)
   0.00    0.00   clock network delay (ideal)
   0.00    0.00 ^ _124937_/CK (DFF_X1)
   0.09    0.09 ^ _124937_/Q (DFF_X1)
   0.05    0.15 ^ _077632_/ZN (AND3_X1)
   0.04    0.19 ^ _077633_/ZN (AND2_X1)
   0.04    0.23 ^ _077634_/ZN (AND2_X1)
   0.04    0.27 ^ _077635_/ZN (AND2_X1)
   0.04    0.31 ^ _077636_/ZN (AND2_X1)
   0.01    0.32 v _077638_/ZN (NOR2_X1)
   0.00    0.32 v _124943_/D (DFF_X1)
           0.32   data arrival time

   3.10    3.10   clock cpu_div2 (rise edge)
   0.00    3.10   clock network delay (ideal)
   0.00    3.10   clock reconvergence pessimism
           3.10 ^ _124943_/CK (DFF_X1)
  -0.04    3.06   library setup time
           3.06   data required time
---------------------------------------------------------
           3.06   data required time
          -0.32   data arrival time
---------------------------------------------------------
           2.75   slack (MET)


Startpoint: _124937_ (rising edge-triggered flip-flop clocked by cpu_div2)
Endpoint: _124942_ (rising edge-triggered flip-flop clocked by cpu_div2)
Path Group: cpu_div2
Path Type: max

  Delay    Time   Description
---------------------------------------------------------
   0.00    0.00   clock cpu_div2 (rise edge)
   0.00    0.00   clock network delay (ideal)
   0.00    0.00 ^ _124937_/CK (DFF_X1)
   0.09    0.09 ^ _124937_/Q (DFF_X1)
   0.05    0.15 ^ _077632_/ZN (AND3_X1)
   0.04    0.19 ^ _077633_/ZN (AND2_X1)
   0.04    0.23 ^ _077634_/ZN (AND2_X1)
   0.04    0.27 ^ _077635_/ZN (AND2_X1)
   0.01    0.27 v _077640_/ZN (NOR2_X1)
   0.00    0.27 v _124942_/D (DFF_X1)
           0.27   data arrival time

   3.10    3.10   clock cpu_div2 (rise edge)
   0.00    3.10   clock network delay (ideal)
   0.00    3.10   clock reconvergence pessimism
           3.10 ^ _124942_/CK (DFF_X1)
  -0.04    3.06   library setup time
           3.06   data required time
---------------------------------------------------------
           3.06   data required time
          -0.27   data arrival time
---------------------------------------------------------
           2.79   slack (MET)


Startpoint: _124937_ (rising edge-triggered flip-flop clocked by cpu_div2)
Endpoint: _124941_ (rising edge-triggered flip-flop clocked by cpu_div2)
Path Group: cpu_div2
Path Type: max

  Delay    Time   Description
---------------------------------------------------------
   0.00    0.00   clock cpu_div2 (rise edge)
   0.00    0.00   clock network delay (ideal)
   0.00    0.00 ^ _124937_/CK (DFF_X1)
   0.09    0.09 ^ _124937_/Q (DFF_X1)
   0.05    0.15 ^ _077632_/ZN (AND3_X1)
   0.04    0.19 ^ _077633_/ZN (AND2_X1)
   0.04    0.23 ^ _077634_/ZN (AND2_X1)
   0.01    0.23 v _077642_/ZN (NOR2_X1)
   0.00    0.23 v _124941_/D (DFF_X1)
           0.23   data arrival time

   3.10    3.10   clock cpu_div2 (rise edge)
   0.00    3.10   clock network delay (ideal)
   0.00    3.10   clock reconvergence pessimism
           3.10 ^ _124941_/CK (DFF_X1)
  -0.04    3.06   library setup time
           3.06   data required time
---------------------------------------------------------
           3.06   data required time
          -0.23   data arrival time
---------------------------------------------------------
           2.83   slack (MET)


Startpoint: _124937_ (rising edge-triggered flip-flop clocked by cpu_div2)
Endpoint: _124940_ (rising edge-triggered flip-flop clocked by cpu_div2)
Path Group: cpu_div2
Path Type: max

  Delay    Time   Description
---------------------------------------------------------
   0.00    0.00   clock cpu_div2 (rise edge)
   0.00    0.00   clock network delay (ideal)
   0.00    0.00 ^ _124937_/CK (DFF_X1)
   0.09    0.09 ^ _124937_/Q (DFF_X1)
   0.05    0.15 ^ _077632_/ZN (AND3_X1)
   0.04    0.19 ^ _077633_/ZN (AND2_X1)
   0.01    0.19 v _077644_/ZN (NOR2_X1)
   0.00    0.19 v _124940_/D (DFF_X1)
           0.19   data arrival time

   3.10    3.10   clock cpu_div2 (rise edge)
   0.00    3.10   clock network delay (ideal)
   0.00    3.10   clock reconvergence pessimism
           3.10 ^ _124940_/CK (DFF_X1)
  -0.04    3.06   library setup time
           3.06   data required time
---------------------------------------------------------
           3.06   data required time
          -0.19   data arrival time
---------------------------------------------------------
           2.87   slack (MET)


Startpoint: _124937_ (rising edge-triggered flip-flop clocked by cpu_div2)
Endpoint: _124939_ (rising edge-triggered flip-flop clocked by cpu_div2)
Path Group: cpu_div2
Path Type: max

  Delay    Time   Description
---------------------------------------------------------
   0.00    0.00   clock cpu_div2 (rise edge)
   0.00    0.00   clock network delay (ideal)
   0.00    0.00 ^ _124937_/CK (DFF_X1)
   0.09    0.09 ^ _124937_/Q (DFF_X1)
   0.05    0.15 ^ _077632_/ZN (AND3_X1)
   0.01    0.16 v _077646_/ZN (NOR3_X1)
   0.00    0.16 v _124939_/D (DFF_X1)
           0.16   data arrival time

   3.10    3.10   clock cpu_div2 (rise edge)
   0.00    3.10   clock network delay (ideal)
   0.00    3.10   clock reconvergence pessimism
           3.10 ^ _124939_/CK (DFF_X1)
  -0.06    3.04   library setup time
           3.04   data required time
---------------------------------------------------------
           3.04   data required time
          -0.16   data arrival time
---------------------------------------------------------
           2.89   slack (MET)


Startpoint: _124937_ (rising edge-triggered flip-flop clocked by cpu_div2)
Endpoint: _124938_ (rising edge-triggered flip-flop clocked by cpu_div2)
Path Group: cpu_div2
Path Type: max

  Delay    Time   Description
---------------------------------------------------------
   0.00    0.00   clock cpu_div2 (rise edge)
   0.00    0.00   clock network delay (ideal)
   0.00    0.00 ^ _124937_/CK (DFF_X1)
   0.09    0.09 ^ _124937_/Q (DFF_X1)
   0.04    0.13 ^ _077631_/ZN (AND2_X1)
   0.01    0.14 v _077647_/ZN (NOR2_X1)
   0.03    0.17 ^ _077648_/ZN (AOI21_X1)
   0.00    0.17 ^ _124938_/D (DFF_X1)
           0.17   data arrival time

   3.10    3.10   clock cpu_div2 (rise edge)
   0.00    3.10   clock network delay (ideal)
   0.00    3.10   clock reconvergence pessimism
           3.10 ^ _124938_/CK (DFF_X1)
  -0.03    3.07   library setup time
           3.07   data required time
---------------------------------------------------------
           3.07   data required time
          -0.17   data arrival time
---------------------------------------------------------
           2.89   slack (MET)


Startpoint: _124937_ (rising edge-triggered flip-flop clocked by cpu_div2)
Endpoint: _124937_ (rising edge-triggered flip-flop clocked by cpu_div2)
Path Group: cpu_div2
Path Type: max

  Delay    Time   Description
---------------------------------------------------------
   0.00    0.00   clock cpu_div2 (rise edge)
   0.00    0.00   clock network delay (ideal)
   0.00    0.00 ^ _124937_/CK (DFF_X1)
   0.06    0.06 v _124937_/QN (DFF_X1)
   0.03    0.09 v _077649_/ZN (AND2_X1)
   0.00    0.09 v _124937_/D (DFF_X1)
           0.09   data arrival time

   3.10    3.10   clock cpu_div2 (rise edge)
   0.00    3.10   clock network delay (ideal)
   0.00    3.10   clock reconvergence pessimism
           3.10 ^ _124937_/CK (DFF_X1)
  -0.04    3.06   library setup time
           3.06   data required time
---------------------------------------------------------
           3.06   data required time
          -0.09   data arrival time
---------------------------------------------------------
           2.97   slack (MET)


Startpoint: _125670_ (rising edge-triggered flip-flop clocked by fir_clk)
Endpoint: _125763_ (rising edge-triggered flip-flop clocked by fir_clk)
Path Group: fir_clk
Path Type: max

  Delay    Time   Description
---------------------------------------------------------
   0.00    0.00   clock fir_clk (rise edge)
   0.00    0.00   clock network delay (ideal)
   0.00    0.00 ^ _125670_/CK (DFF_X1)
   0.13    0.13 ^ _125670_/Q (DFF_X1)
   0.08    0.21 ^ _071274_/Z (XOR2_X1)
   0.06    0.27 ^ _071286_/ZN (XNOR2_X1)
   0.05    0.32 ^ _071322_/ZN (XNOR2_X1)
   0.06    0.39 ^ _071337_/Z (XOR2_X1)
   0.05    0.44 ^ _071342_/ZN (XNOR2_X1)
   0.01    0.45 v _071343_/ZN (NOR2_X1)
   0.05    0.51 ^ _071347_/ZN (AOI21_X1)
   0.01    0.52 v _071348_/ZN (NOR2_X1)
   0.04    0.56 ^ _071349_/ZN (NOR2_X1)
   0.01    0.58 v _071350_/ZN (NOR2_X1)
   0.04    0.61 ^ _071351_/ZN (OAI21_X1)
   0.03    0.64 v _071352_/ZN (OAI21_X1)
   0.02    0.66 ^ _071354_/ZN (NAND2_X1)
   0.02    0.67 v _071357_/ZN (AOI21_X1)
   0.05    0.73 v _071358_/ZN (OR2_X1)
   0.02    0.75 ^ _071359_/ZN (NAND2_X1)
   0.02    0.77 v _071361_/ZN (AOI21_X1)
   0.08    0.84 v _071442_/ZN (OR3_X1)
   0.02    0.86 ^ _071443_/ZN (NAND2_X1)
   0.05    0.92 ^ _071498_/Z (XOR2_X1)
   0.03    0.95 ^ _071672_/ZN (OR3_X1)
   0.02    0.97 v _071673_/ZN (NAND2_X1)
   0.05    1.02 v _071747_/Z (XOR2_X1)
   0.08    1.10 v _071895_/ZN (OR3_X1)
   0.04    1.13 v _071896_/ZN (AND2_X1)
   0.05    1.18 v _071969_/Z (XOR2_X1)
   0.03    1.22 v _071970_/ZN (AND2_X1)
   0.04    1.26 ^ _071971_/ZN (AOI21_X1)
   0.03    1.30 ^ _071972_/ZN (OR2_X1)
   0.02    1.31 v _071973_/ZN (NAND2_X1)
   0.03    1.34 v _071975_/ZN (AND2_X1)
   0.04    1.38 ^ _071976_/ZN (NOR2_X1)
   0.02    1.39 v _072024_/ZN (OAI21_X1)
   0.06    1.45 ^ _072025_/ZN (AOI21_X1)
   0.00    1.45 ^ _125763_/D (DFF_X1)
           1.45   data arrival time

   1.46    1.46   clock fir_clk (rise edge)
   0.00    1.46   clock network delay (ideal)
   0.00    1.46   clock reconvergence pessimism
           1.46 ^ _125763_/CK (DFF_X1)
  -0.04    1.42   library setup time
           1.42   data required time
---------------------------------------------------------
           1.42   data required time
          -1.45   data arrival time
---------------------------------------------------------
          -0.03   slack (VIOLATED)


Startpoint: _125719_ (rising edge-triggered flip-flop clocked by fir_clk)
Endpoint: _125779_ (rising edge-triggered flip-flop clocked by fir_clk)
Path Group: fir_clk
Path Type: max

  Delay    Time   Description
---------------------------------------------------------
   0.00    0.00   clock fir_clk (rise edge)
   0.00    0.00   clock network delay (ideal)
   0.00    0.00 ^ _125719_/CK (DFF_X1)
   0.10    0.10 v _125719_/Q (DFF_X1)
   0.03    0.13 ^ _070469_/ZN (NAND2_X1)
   0.01    0.14 v _070470_/ZN (INV_X1)
   0.05    0.19 ^ _070513_/ZN (NOR2_X1)
   0.06    0.25 ^ _070543_/ZN (XNOR2_X1)
   0.05    0.30 ^ _070566_/ZN (XNOR2_X1)
   0.05    0.35 ^ _070568_/ZN (XNOR2_X1)
   0.05    0.40 ^ _070581_/ZN (XNOR2_X1)
   0.06    0.47 ^ _070587_/Z (XOR2_X1)
   0.03    0.50 v _070645_/ZN (XNOR2_X1)
   0.06    0.56 v _070675_/Z (XOR2_X1)
   0.03    0.59 v _070676_/ZN (AND2_X1)
   0.08    0.67 v _070722_/ZN (OR3_X1)
   0.04    0.71 v _070723_/ZN (AND2_X1)
   0.05    0.76 v _070727_/Z (XOR2_X1)
   0.07    0.82 v _071045_/ZN (OR3_X1)
   0.02    0.85 ^ _071046_/ZN (NAND2_X1)
   0.04    0.89 ^ _071049_/ZN (XNOR2_X1)
   0.01    0.90 v _071085_/ZN (NOR2_X1)
   0.05    0.95 ^ _071086_/ZN (NOR2_X1)
   0.02    0.97 v _071088_/ZN (OAI21_X1)
   0.03    1.00 v _071090_/ZN (AND2_X1)
   0.03    1.03 ^ _071091_/ZN (NOR2_X1)
   0.03    1.06 ^ _071093_/ZN (OR2_X1)
   0.02    1.08 v _071094_/ZN (NAND2_X1)
   0.03    1.11 v _071095_/ZN (AND2_X1)
   0.04    1.16 ^ _071096_/ZN (NOR2_X1)
   0.02    1.18 v _071098_/ZN (OAI21_X1)
   0.03    1.21 v _071100_/ZN (AND2_X1)
   0.05    1.27 ^ _071101_/ZN (AOI21_X1)
   0.02    1.29 v _071102_/ZN (OAI21_X1)
   0.03    1.32 v _071104_/ZN (AND2_X1)
   0.04    1.36 ^ _071105_/ZN (NOR2_X1)
   0.02    1.38 v _071152_/ZN (OAI21_X1)
   0.06    1.44 ^ _071153_/ZN (AOI21_X1)
   0.00    1.44 ^ _125779_/D (DFF_X1)
           1.44   data arrival time

   1.46    1.46   clock fir_clk (rise edge)
   0.00    1.46   clock network delay (ideal)
   0.00    1.46   clock reconvergence pessimism
           1.46 ^ _125779_/CK (DFF_X1)
  -0.04    1.42   library setup time
           1.42   data required time
---------------------------------------------------------
           1.42   data required time
          -1.44   data arrival time
---------------------------------------------------------
          -0.01   slack (VIOLATED)


Startpoint: _125670_ (rising edge-triggered flip-flop clocked by fir_clk)
Endpoint: _125762_ (rising edge-triggered flip-flop clocked by fir_clk)
Path Group: fir_clk
Path Type: max

  Delay    Time   Description
---------------------------------------------------------
   0.00    0.00   clock fir_clk (rise edge)
   0.00    0.00   clock network delay (ideal)
   0.00    0.00 ^ _125670_/CK (DFF_X1)
   0.13    0.13 ^ _125670_/Q (DFF_X1)
   0.08    0.21 ^ _071274_/Z (XOR2_X1)
   0.06    0.27 ^ _071286_/ZN (XNOR2_X1)
   0.05    0.32 ^ _071322_/ZN (XNOR2_X1)
   0.06    0.39 ^ _071337_/Z (XOR2_X1)
   0.05    0.44 ^ _071342_/ZN (XNOR2_X1)
   0.05    0.49 ^ _071346_/ZN (XNOR2_X1)
   0.05    0.54 ^ _071476_/ZN (XNOR2_X1)
   0.06    0.60 ^ _071483_/Z (XOR2_X1)
   0.06    0.66 ^ _071706_/Z (XOR2_X1)
   0.06    0.72 ^ _071730_/Z (XOR2_X1)
   0.05    0.77 ^ _071924_/ZN (XNOR2_X1)
   0.07    0.84 ^ _071950_/Z (XOR2_X1)
   0.03    0.86 v _071951_/ZN (AOI21_X1)
   0.03    0.90 ^ _071953_/ZN (OAI21_X1)
   0.04    0.94 ^ _071954_/ZN (AND2_X1)
   0.01    0.95 v _071955_/ZN (AOI21_X1)
   0.05    1.00 v _071957_/ZN (OR2_X1)
   0.02    1.02 ^ _071958_/ZN (NAND2_X1)
   0.04    1.06 ^ _071960_/ZN (AND2_X1)
   0.01    1.07 v _071961_/ZN (NOR2_X1)
   0.05    1.12 ^ _071963_/ZN (OAI21_X1)
   0.02    1.14 v _071965_/ZN (AOI21_X1)
   0.05    1.19 v _071967_/ZN (OR2_X1)
   0.02    1.21 ^ _071968_/ZN (NAND2_X1)
   0.04    1.24 ^ _071970_/ZN (AND2_X1)
   0.01    1.26 v _071971_/ZN (AOI21_X1)
   0.05    1.31 v _071972_/ZN (OR2_X1)
   0.02    1.33 ^ _071973_/ZN (NAND2_X1)
   0.01    1.35 v _072026_/ZN (OAI21_X1)
   0.04    1.39 ^ _072027_/ZN (NOR2_X1)
   0.00    1.39 ^ _125762_/D (DFF_X1)
           1.39   data arrival time

   1.46    1.46   clock fir_clk (rise edge)
   0.00    1.46   clock network delay (ideal)
   0.00    1.46   clock reconvergence pessimism
           1.46 ^ _125762_/CK (DFF_X1)
  -0.03    1.43   library setup time
           1.43   data required time
---------------------------------------------------------
           1.43   data required time
          -1.39   data arrival time
---------------------------------------------------------
           0.03   slack (MET)


Startpoint: _125670_ (rising edge-triggered flip-flop clocked by fir_clk)
Endpoint: _125761_ (rising edge-triggered flip-flop clocked by fir_clk)
Path Group: fir_clk
Path Type: max

  Delay    Time   Description
---------------------------------------------------------
   0.00    0.00   clock fir_clk (rise edge)
   0.00    0.00   clock network delay (ideal)
   0.00    0.00 ^ _125670_/CK (DFF_X1)
   0.13    0.13 ^ _125670_/Q (DFF_X1)
   0.08    0.21 ^ _071274_/Z (XOR2_X1)
   0.06    0.27 ^ _071286_/ZN (XNOR2_X1)
   0.05    0.32 ^ _071322_/ZN (XNOR2_X1)
   0.06    0.39 ^ _071337_/Z (XOR2_X1)
   0.05    0.44 ^ _071342_/ZN (XNOR2_X1)
   0.01    0.45 v _071343_/ZN (NOR2_X1)
   0.05    0.51 ^ _071347_/ZN (AOI21_X1)
   0.01    0.52 v _071348_/ZN (NOR2_X1)
   0.04    0.56 ^ _071349_/ZN (NOR2_X1)
   0.01    0.58 v _071350_/ZN (NOR2_X1)
   0.04    0.61 ^ _071351_/ZN (OAI21_X1)
   0.03    0.64 v _071352_/ZN (OAI21_X1)
   0.02    0.66 ^ _071354_/ZN (NAND2_X1)
   0.02    0.67 v _071357_/ZN (AOI21_X1)
   0.05    0.73 v _071358_/ZN (OR2_X1)
   0.02    0.75 ^ _071359_/ZN (NAND2_X1)
   0.02    0.77 v _071361_/ZN (AOI21_X1)
   0.08    0.84 v _071442_/ZN (OR3_X1)
   0.02    0.86 ^ _071443_/ZN (NAND2_X1)
   0.05    0.92 ^ _071498_/Z (XOR2_X1)
   0.03    0.95 ^ _071672_/ZN (OR3_X1)
   0.02    0.97 v _071673_/ZN (NAND2_X1)
   0.05    1.02 v _071747_/Z (XOR2_X1)
   0.08    1.10 v _071895_/ZN (OR3_X1)
   0.04    1.13 v _071896_/ZN (AND2_X1)
   0.05    1.18 v _071969_/Z (XOR2_X1)
   0.03    1.22 v _071970_/ZN (AND2_X1)
   0.04    1.26 ^ _071971_/ZN (AOI21_X1)
   0.03    1.30 ^ _071972_/ZN (OR2_X1)
   0.01    1.31 v _072028_/ZN (NAND2_X1)
   0.06    1.37 ^ _072029_/ZN (AOI21_X1)
   0.00    1.37 ^ _125761_/D (DFF_X1)
           1.37   data arrival time

   1.46    1.46   clock fir_clk (rise edge)
   0.00    1.46   clock network delay (ideal)
   0.00    1.46   clock reconvergence pessimism
           1.46 ^ _125761_/CK (DFF_X1)
  -0.04    1.42   library setup time
           1.42   data required time
---------------------------------------------------------
           1.42   data required time
          -1.37   data arrival time
---------------------------------------------------------
           0.05   slack (MET)


Startpoint: _125719_ (rising edge-triggered flip-flop clocked by fir_clk)
Endpoint: _125777_ (rising edge-triggered flip-flop clocked by fir_clk)
Path Group: fir_clk
Path Type: max

  Delay    Time   Description
---------------------------------------------------------
   0.00    0.00   clock fir_clk (rise edge)
   0.00    0.00   clock network delay (ideal)
   0.00    0.00 ^ _125719_/CK (DFF_X1)
   0.10    0.10 v _125719_/Q (DFF_X1)
   0.03    0.13 ^ _070469_/ZN (NAND2_X1)
   0.01    0.14 v _070470_/ZN (INV_X1)
   0.05    0.19 ^ _070513_/ZN (NOR2_X1)
   0.06    0.25 ^ _070543_/ZN (XNOR2_X1)
   0.05    0.30 ^ _070566_/ZN (XNOR2_X1)
   0.05    0.35 ^ _070568_/ZN (XNOR2_X1)
   0.05    0.40 ^ _070581_/ZN (XNOR2_X1)
   0.06    0.47 ^ _070587_/Z (XOR2_X1)
   0.03    0.50 v _070645_/ZN (XNOR2_X1)
   0.06    0.56 v _070675_/Z (XOR2_X1)
   0.03    0.59 v _070676_/ZN (AND2_X1)
   0.08    0.67 v _070722_/ZN (OR3_X1)
   0.04    0.71 v _070723_/ZN (AND2_X1)
   0.05    0.76 v _070727_/Z (XOR2_X1)
   0.07    0.82 v _071045_/ZN (OR3_X1)
   0.02    0.85 ^ _071046_/ZN (NAND2_X1)
   0.04    0.89 ^ _071049_/ZN (XNOR2_X1)
   0.01    0.90 v _071085_/ZN (NOR2_X1)
   0.05    0.95 ^ _071086_/ZN (NOR2_X1)
   0.02    0.97 v _071088_/ZN (OAI21_X1)
   0.03    1.00 v _071090_/ZN (AND2_X1)
   0.03    1.03 ^ _071091_/ZN (NOR2_X1)
   0.03    1.06 ^ _071093_/ZN (OR2_X1)
   0.02    1.08 v _071094_/ZN (NAND2_X1)
   0.03    1.11 v _071095_/ZN (AND2_X1)
   0.04    1.16 ^ _071096_/ZN (NOR2_X1)
   0.02    1.18 v _071098_/ZN (OAI21_X1)
   0.03    1.21 v _071100_/ZN (AND2_X1)
   0.05    1.27 ^ _071101_/ZN (AOI21_X1)
   0.02    1.29 v _071156_/ZN (OAI21_X1)
   0.06    1.35 ^ _071157_/ZN (AOI21_X1)
   0.00    1.35 ^ _125777_/D (DFF_X1)
           1.35   data arrival time

   1.46    1.46   clock fir_clk (rise edge)
   0.00    1.46   clock network delay (ideal)
   0.00    1.46   clock reconvergence pessimism
           1.46 ^ _125777_/CK (DFF_X1)
  -0.04    1.42   library setup time
           1.42   data required time
---------------------------------------------------------
           1.42   data required time
          -1.35   data arrival time
---------------------------------------------------------
           0.08   slack (MET)


Startpoint: _125719_ (rising edge-triggered flip-flop clocked by fir_clk)
Endpoint: _125778_ (rising edge-triggered flip-flop clocked by fir_clk)
Path Group: fir_clk
Path Type: max

  Delay    Time   Description
---------------------------------------------------------
   0.00    0.00   clock fir_clk (rise edge)
   0.00    0.00   clock network delay (ideal)
   0.00    0.00 ^ _125719_/CK (DFF_X1)
   0.10    0.10 v _125719_/Q (DFF_X1)
   0.03    0.13 ^ _070469_/ZN (NAND2_X1)
   0.01    0.14 v _070470_/ZN (INV_X1)
   0.05    0.19 ^ _070513_/ZN (NOR2_X1)
   0.06    0.25 ^ _070543_/ZN (XNOR2_X1)
   0.05    0.30 ^ _070566_/ZN (XNOR2_X1)
   0.05    0.35 ^ _070568_/ZN (XNOR2_X1)
   0.05    0.40 ^ _070581_/ZN (XNOR2_X1)
   0.06    0.47 ^ _070587_/Z (XOR2_X1)
   0.03    0.50 v _070645_/ZN (XNOR2_X1)
   0.06    0.56 v _070675_/Z (XOR2_X1)
   0.03    0.59 v _070676_/ZN (AND2_X1)
   0.08    0.67 v _070722_/ZN (OR3_X1)
   0.04    0.71 v _070723_/ZN (AND2_X1)
   0.05    0.76 v _070727_/Z (XOR2_X1)
   0.02    0.78 ^ _070741_/ZN (OAI21_X1)
   0.04    0.82 ^ _070742_/ZN (AND2_X1)
   0.01    0.83 v _070743_/ZN (NOR2_X1)
   0.08    0.91 v _071038_/ZN (OR3_X1)
   0.02    0.93 ^ _071039_/ZN (NAND2_X1)
   0.05    0.99 ^ _071089_/Z (XOR2_X1)
   0.04    1.03 ^ _071090_/ZN (AND2_X1)
   0.01    1.04 v _071091_/ZN (NOR2_X1)
   0.05    1.08 v _071093_/ZN (OR2_X1)
   0.02    1.10 ^ _071094_/ZN (NAND2_X1)
   0.04    1.14 ^ _071095_/ZN (AND2_X1)
   0.01    1.16 v _071096_/ZN (NOR2_X1)
   0.03    1.19 ^ _071098_/ZN (OAI21_X1)
   0.04    1.23 ^ _071100_/ZN (AND2_X1)
   0.02    1.24 v _071101_/ZN (AOI21_X1)
   0.04    1.28 ^ _071102_/ZN (OAI21_X1)
   0.02    1.30 v _071154_/ZN (OAI21_X1)
   0.04    1.34 ^ _071155_/ZN (NOR2_X1)
   0.00    1.34 ^ _125778_/D (DFF_X1)
           1.34   data arrival time

   1.46    1.46   clock fir_clk (rise edge)
   0.00    1.46   clock network delay (ideal)
   0.00    1.46   clock reconvergence pessimism
           1.46 ^ _125778_/CK (DFF_X1)
  -0.03    1.43   library setup time
           1.43   data required time
---------------------------------------------------------
           1.43   data required time
          -1.34   data arrival time
---------------------------------------------------------
           0.08   slack (MET)


Startpoint: _125670_ (rising edge-triggered flip-flop clocked by fir_clk)
Endpoint: _125760_ (rising edge-triggered flip-flop clocked by fir_clk)
Path Group: fir_clk
Path Type: max

  Delay    Time   Description
---------------------------------------------------------
   0.00    0.00   clock fir_clk (rise edge)
   0.00    0.00   clock network delay (ideal)
   0.00    0.00 ^ _125670_/CK (DFF_X1)
   0.13    0.13 ^ _125670_/Q (DFF_X1)
   0.08    0.21 ^ _071274_/Z (XOR2_X1)
   0.06    0.27 ^ _071286_/ZN (XNOR2_X1)
   0.05    0.32 ^ _071322_/ZN (XNOR2_X1)
   0.06    0.39 ^ _071337_/Z (XOR2_X1)
   0.05    0.44 ^ _071342_/ZN (XNOR2_X1)
   0.05    0.49 ^ _071346_/ZN (XNOR2_X1)
   0.05    0.54 ^ _071476_/ZN (XNOR2_X1)
   0.06    0.60 ^ _071483_/Z (XOR2_X1)
   0.06    0.66 ^ _071706_/Z (XOR2_X1)
   0.06    0.72 ^ _071730_/Z (XOR2_X1)
   0.05    0.77 ^ _071924_/ZN (XNOR2_X1)
   0.07    0.84 ^ _071950_/Z (XOR2_X1)
   0.03    0.86 v _071951_/ZN (AOI21_X1)
   0.03    0.90 ^ _071953_/ZN (OAI21_X1)
   0.04    0.94 ^ _071954_/ZN (AND2_X1)
   0.01    0.95 v _071955_/ZN (AOI21_X1)
   0.05    1.00 v _071957_/ZN (OR2_X1)
   0.02    1.02 ^ _071958_/ZN (NAND2_X1)
   0.04    1.06 ^ _071960_/ZN (AND2_X1)
   0.01    1.07 v _071961_/ZN (NOR2_X1)
   0.05    1.12 ^ _071963_/ZN (OAI21_X1)
   0.02    1.14 v _071965_/ZN (AOI21_X1)
   0.05    1.19 v _071967_/ZN (OR2_X1)
   0.02    1.21 ^ _071968_/ZN (NAND2_X1)
   0.01    1.22 v _072030_/ZN (OAI21_X1)
   0.04    1.27 ^ _072031_/ZN (NOR2_X1)
   0.00    1.27 ^ _125760_/D (DFF_X1)
           1.27   data arrival time

   1.46    1.46   clock fir_clk (rise edge)
   0.00    1.46   clock network delay (ideal)
   0.00    1.46   clock reconvergence pessimism
           1.46 ^ _125760_/CK (DFF_X1)
  -0.03    1.43   library setup time
           1.43   data required time
---------------------------------------------------------
           1.43   data required time
          -1.27   data arrival time
---------------------------------------------------------
           0.16   slack (MET)


Startpoint: _125719_ (rising edge-triggered flip-flop clocked by fir_clk)
Endpoint: _125776_ (rising edge-triggered flip-flop clocked by fir_clk)
Path Group: fir_clk
Path Type: max

  Delay    Time   Description
---------------------------------------------------------
   0.00    0.00   clock fir_clk (rise edge)
   0.00    0.00   clock network delay (ideal)
   0.00    0.00 ^ _125719_/CK (DFF_X1)
   0.10    0.10 v _125719_/Q (DFF_X1)
   0.03    0.13 ^ _070469_/ZN (NAND2_X1)
   0.01    0.14 v _070470_/ZN (INV_X1)
   0.05    0.19 ^ _070513_/ZN (NOR2_X1)
   0.06    0.25 ^ _070543_/ZN (XNOR2_X1)
   0.05    0.30 ^ _070566_/ZN (XNOR2_X1)
   0.05    0.35 ^ _070568_/ZN (XNOR2_X1)
   0.05    0.40 ^ _070581_/ZN (XNOR2_X1)
   0.06    0.47 ^ _070587_/Z (XOR2_X1)
   0.03    0.50 v _070645_/ZN (XNOR2_X1)
   0.06    0.56 v _070675_/Z (XOR2_X1)
   0.03    0.59 v _070676_/ZN (AND2_X1)
   0.08    0.67 v _070722_/ZN (OR3_X1)
   0.04    0.71 v _070723_/ZN (AND2_X1)
   0.05    0.76 v _070727_/Z (XOR2_X1)
   0.02    0.78 ^ _070741_/ZN (OAI21_X1)
   0.04    0.82 ^ _070742_/ZN (AND2_X1)
   0.01    0.83 v _070743_/ZN (NOR2_X1)
   0.08    0.91 v _071038_/ZN (OR3_X1)
   0.02    0.93 ^ _071039_/ZN (NAND2_X1)
   0.05    0.99 ^ _071089_/Z (XOR2_X1)
   0.04    1.03 ^ _071090_/ZN (AND2_X1)
   0.01    1.04 v _071091_/ZN (NOR2_X1)
   0.05    1.08 v _071093_/ZN (OR2_X1)
   0.02    1.10 ^ _071094_/ZN (NAND2_X1)
   0.04    1.14 ^ _071095_/ZN (AND2_X1)
   0.01    1.16 v _071096_/ZN (NOR2_X1)
   0.03    1.19 ^ _071098_/ZN (OAI21_X1)
   0.02    1.20 v _071158_/ZN (OAI21_X1)
   0.04    1.25 ^ _071159_/ZN (NOR2_X1)
   0.00    1.25 ^ _125776_/D (DFF_X1)
           1.25   data arrival time

   1.46    1.46   clock fir_clk (rise edge)
   0.00    1.46   clock network delay (ideal)
   0.00    1.46   clock reconvergence pessimism
           1.46 ^ _125776_/CK (DFF_X1)
  -0.03    1.43   library setup time
           1.43   data required time
---------------------------------------------------------
           1.43   data required time
          -1.25   data arrival time
---------------------------------------------------------
           0.18   slack (MET)


Startpoint: _125670_ (rising edge-triggered flip-flop clocked by fir_clk)
Endpoint: _125759_ (rising edge-triggered flip-flop clocked by fir_clk)
Path Group: fir_clk
Path Type: max

  Delay    Time   Description
---------------------------------------------------------
   0.00    0.00   clock fir_clk (rise edge)
   0.00    0.00   clock network delay (ideal)
   0.00    0.00 ^ _125670_/CK (DFF_X1)
   0.13    0.13 ^ _125670_/Q (DFF_X1)
   0.08    0.21 ^ _071274_/Z (XOR2_X1)
   0.06    0.27 ^ _071286_/ZN (XNOR2_X1)
   0.05    0.32 ^ _071322_/ZN (XNOR2_X1)
   0.06    0.39 ^ _071337_/Z (XOR2_X1)
   0.05    0.44 ^ _071342_/ZN (XNOR2_X1)
   0.05    0.49 ^ _071346_/ZN (XNOR2_X1)
   0.05    0.54 ^ _071476_/ZN (XNOR2_X1)
   0.06    0.60 ^ _071483_/Z (XOR2_X1)
   0.06    0.66 ^ _071706_/Z (XOR2_X1)
   0.06    0.72 ^ _071730_/Z (XOR2_X1)
   0.03    0.75 v _071924_/ZN (XNOR2_X1)
   0.06    0.81 v _071950_/Z (XOR2_X1)
   0.05    0.86 ^ _071951_/ZN (AOI21_X1)
   0.02    0.88 v _071953_/ZN (OAI21_X1)
   0.04    0.91 v _071954_/ZN (AND2_X1)
   0.04    0.96 ^ _071955_/ZN (AOI21_X1)
   0.03    0.99 ^ _071957_/ZN (OR2_X1)
   0.02    1.00 v _071958_/ZN (NAND2_X1)
   0.03    1.04 v _071960_/ZN (AND2_X1)
   0.04    1.08 ^ _071961_/ZN (NOR2_X1)
   0.03    1.10 v _071963_/ZN (OAI21_X1)
   0.03    1.14 ^ _071965_/ZN (AOI21_X1)
   0.03    1.17 ^ _071967_/ZN (OR2_X1)
   0.01    1.18 v _072032_/ZN (NAND2_X1)
   0.06    1.25 ^ _072033_/ZN (AOI21_X1)
   0.00    1.25 ^ _125759_/D (DFF_X1)
           1.25   data arrival time

   1.46    1.46   clock fir_clk (rise edge)
   0.00    1.46   clock network delay (ideal)
   0.00    1.46   clock reconvergence pessimism
           1.46 ^ _125759_/CK (DFF_X1)
  -0.04    1.42   library setup time
           1.42   data required time
---------------------------------------------------------
           1.42   data required time
          -1.25   data arrival time
---------------------------------------------------------
           0.18   slack (MET)


Startpoint: _110563_ (rising edge-triggered flip-flop clocked by fir_clk)
Endpoint: _125747_ (rising edge-triggered flip-flop clocked by fir_clk)
Path Group: fir_clk
Path Type: max

  Delay    Time   Description
---------------------------------------------------------
   0.00    0.00   clock fir_clk (rise edge)
   0.00    0.00   clock network delay (ideal)
   0.00    0.00 ^ _110563_/CK (DFFS_X1)
   0.31    0.31 ^ _110563_/Q (DFFS_X1)
   0.74    1.05 v _062846_/ZN (INV_X1)
   0.12    1.17 ^ _109656_/ZN (OAI21_X1)
   0.02    1.19 v _109657_/ZN (AOI21_X1)
   0.00    1.19 v _125747_/D (DFF_X1)
           1.19   data arrival time

   1.46    1.46   clock fir_clk (rise edge)
   0.00    1.46   clock network delay (ideal)
   0.00    1.46   clock reconvergence pessimism
           1.46 ^ _125747_/CK (DFF_X1)
  -0.08    1.38   library setup time
           1.38   data required time
---------------------------------------------------------
           1.38   data required time
          -1.19   data arrival time
---------------------------------------------------------
           0.19   slack (MET)


Startpoint: _125719_ (rising edge-triggered flip-flop clocked by fir_clk)
Endpoint: _125775_ (rising edge-triggered flip-flop clocked by fir_clk)
Path Group: fir_clk
Path Type: max

  Delay    Time   Description
---------------------------------------------------------
   0.00    0.00   clock fir_clk (rise edge)
   0.00    0.00   clock network delay (ideal)
   0.00    0.00 ^ _125719_/CK (DFF_X1)
   0.10    0.10 v _125719_/Q (DFF_X1)
   0.03    0.13 ^ _070469_/ZN (NAND2_X1)
   0.01    0.14 v _070470_/ZN (INV_X1)
   0.05    0.19 ^ _070513_/ZN (NOR2_X1)
   0.06    0.25 ^ _070543_/ZN (XNOR2_X1)
   0.05    0.30 ^ _070566_/ZN (XNOR2_X1)
   0.05    0.35 ^ _070568_/ZN (XNOR2_X1)
   0.05    0.40 ^ _070581_/ZN (XNOR2_X1)
   0.06    0.47 ^ _070587_/Z (XOR2_X1)
   0.03    0.50 v _070645_/ZN (XNOR2_X1)
   0.06    0.56 v _070675_/Z (XOR2_X1)
   0.03    0.59 v _070676_/ZN (AND2_X1)
   0.08    0.67 v _070722_/ZN (OR3_X1)
   0.04    0.71 v _070723_/ZN (AND2_X1)
   0.05    0.76 v _070727_/Z (XOR2_X1)
   0.07    0.82 v _071045_/ZN (OR3_X1)
   0.02    0.85 ^ _071046_/ZN (NAND2_X1)
   0.04    0.89 ^ _071049_/ZN (XNOR2_X1)
   0.01    0.90 v _071085_/ZN (NOR2_X1)
   0.05    0.95 ^ _071086_/ZN (NOR2_X1)
   0.02    0.97 v _071088_/ZN (OAI21_X1)
   0.03    1.00 v _071090_/ZN (AND2_X1)
   0.03    1.03 ^ _071091_/ZN (NOR2_X1)
   0.03    1.06 ^ _071093_/ZN (OR2_X1)
   0.02    1.08 v _071094_/ZN (NAND2_X1)
   0.03    1.11 v _071095_/ZN (AND2_X1)
   0.04    1.16 ^ _071096_/ZN (NOR2_X1)
   0.02    1.17 v _071160_/ZN (OAI21_X1)
   0.06    1.23 ^ _071161_/ZN (AOI21_X1)
   0.00    1.23 ^ _125775_/D (DFF_X1)
           1.23   data arrival time

   1.46    1.46   clock fir_clk (rise edge)
   0.00    1.46   clock network delay (ideal)
   0.00    1.46   clock reconvergence pessimism
           1.46 ^ _125775_/CK (DFF_X1)
  -0.04    1.42   library setup time
           1.42   data required time
---------------------------------------------------------
           1.42   data required time
          -1.23   data arrival time
---------------------------------------------------------
           0.19   slack (MET)


Startpoint: _110563_ (rising edge-triggered flip-flop clocked by fir_clk)
Endpoint: _110571_ (rising edge-triggered flip-flop clocked by fir_clk)
Path Group: fir_clk
Path Type: max

  Delay    Time   Description
---------------------------------------------------------
   0.00    0.00   clock fir_clk (rise edge)
   0.00    0.00   clock network delay (ideal)
   0.00    0.00 ^ _110563_/CK (DFFS_X1)
   0.31    0.31 ^ _110563_/Q (DFFS_X1)
   0.74    1.05 v _062846_/ZN (INV_X1)
   0.11    1.17 ^ _096598_/ZN (OAI21_X1)
   0.02    1.19 v _096599_/ZN (AOI21_X1)
   0.00    1.19 v _110571_/D (DFF_X1)
           1.19   data arrival time

   1.46    1.46   clock fir_clk (rise edge)
   0.00    1.46   clock network delay (ideal)
   0.00    1.46   clock reconvergence pessimism
           1.46 ^ _110571_/CK (DFF_X1)
  -0.07    1.39   library setup time
           1.39   data required time
---------------------------------------------------------
           1.39   data required time
          -1.19   data arrival time
---------------------------------------------------------
           0.20   slack (MET)


Startpoint: _110563_ (rising edge-triggered flip-flop clocked by fir_clk)
Endpoint: _110572_ (rising edge-triggered flip-flop clocked by fir_clk)
Path Group: fir_clk
Path Type: max

  Delay    Time   Description
---------------------------------------------------------
   0.00    0.00   clock fir_clk (rise edge)
   0.00    0.00   clock network delay (ideal)
   0.00    0.00 ^ _110563_/CK (DFFS_X1)
   0.31    0.31 ^ _110563_/Q (DFFS_X1)
   0.74    1.05 v _062846_/ZN (INV_X1)
   0.11    1.17 ^ _096587_/ZN (OAI21_X1)
   0.02    1.19 v _096588_/ZN (AOI21_X1)
   0.00    1.19 v _110572_/D (DFF_X1)
           1.19   data arrival time

   1.46    1.46   clock fir_clk (rise edge)
   0.00    1.46   clock network delay (ideal)
   0.00    1.46   clock reconvergence pessimism
           1.46 ^ _110572_/CK (DFF_X1)
  -0.07    1.39   library setup time
           1.39   data required time
---------------------------------------------------------
           1.39   data required time
          -1.19   data arrival time
---------------------------------------------------------
           0.20   slack (MET)


Startpoint: _110563_ (rising edge-triggered flip-flop clocked by fir_clk)
Endpoint: _110573_ (rising edge-triggered flip-flop clocked by fir_clk)
Path Group: fir_clk
Path Type: max

  Delay    Time   Description
---------------------------------------------------------
   0.00    0.00   clock fir_clk (rise edge)
   0.00    0.00   clock network delay (ideal)
   0.00    0.00 ^ _110563_/CK (DFFS_X1)
   0.31    0.31 ^ _110563_/Q (DFFS_X1)
   0.74    1.05 v _062846_/ZN (INV_X1)
   0.11    1.17 ^ _096576_/ZN (OAI21_X1)
   0.02    1.19 v _096577_/ZN (AOI21_X1)
   0.00    1.19 v _110573_/D (DFF_X1)
           1.19   data arrival time

   1.46    1.46   clock fir_clk (rise edge)
   0.00    1.46   clock network delay (ideal)
   0.00    1.46   clock reconvergence pessimism
           1.46 ^ _110573_/CK (DFF_X1)
  -0.07    1.39   library setup time
           1.39   data required time
---------------------------------------------------------
           1.39   data required time
          -1.19   data arrival time
---------------------------------------------------------
           0.20   slack (MET)


Startpoint: _110563_ (rising edge-triggered flip-flop clocked by fir_clk)
Endpoint: _110574_ (rising edge-triggered flip-flop clocked by fir_clk)
Path Group: fir_clk
Path Type: max

  Delay    Time   Description
---------------------------------------------------------
   0.00    0.00   clock fir_clk (rise edge)
   0.00    0.00   clock network delay (ideal)
   0.00    0.00 ^ _110563_/CK (DFFS_X1)
   0.31    0.31 ^ _110563_/Q (DFFS_X1)
   0.74    1.05 v _062846_/ZN (INV_X1)
   0.11    1.17 ^ _096565_/ZN (OAI21_X1)
   0.02    1.19 v _096566_/ZN (AOI21_X1)
   0.00    1.19 v _110574_/D (DFF_X1)
           1.19   data arrival time

   1.46    1.46   clock fir_clk (rise edge)
   0.00    1.46   clock network delay (ideal)
   0.00    1.46   clock reconvergence pessimism
           1.46 ^ _110574_/CK (DFF_X1)
  -0.07    1.39   library setup time
           1.39   data required time
---------------------------------------------------------
           1.39   data required time
          -1.19   data arrival time
---------------------------------------------------------
           0.20   slack (MET)


Startpoint: _110563_ (rising edge-triggered flip-flop clocked by fir_clk)
Endpoint: _110575_ (rising edge-triggered flip-flop clocked by fir_clk)
Path Group: fir_clk
Path Type: max

  Delay    Time   Description
---------------------------------------------------------
   0.00    0.00   clock fir_clk (rise edge)
   0.00    0.00   clock network delay (ideal)
   0.00    0.00 ^ _110563_/CK (DFFS_X1)
   0.31    0.31 ^ _110563_/Q (DFFS_X1)
   0.74    1.05 v _062846_/ZN (INV_X1)
   0.11    1.17 ^ _096554_/ZN (OAI21_X1)
   0.02    1.19 v _096555_/ZN (AOI21_X1)
   0.00    1.19 v _110575_/D (DFF_X1)
           1.19   data arrival time

   1.46    1.46   clock fir_clk (rise edge)
   0.00    1.46   clock network delay (ideal)
   0.00    1.46   clock reconvergence pessimism
           1.46 ^ _110575_/CK (DFF_X1)
  -0.07    1.39   library setup time
           1.39   data required time
---------------------------------------------------------
           1.39   data required time
          -1.19   data arrival time
---------------------------------------------------------
           0.20   slack (MET)


Startpoint: _110563_ (rising edge-triggered flip-flop clocked by fir_clk)
Endpoint: _110576_ (rising edge-triggered flip-flop clocked by fir_clk)
Path Group: fir_clk
Path Type: max

  Delay    Time   Description
---------------------------------------------------------
   0.00    0.00   clock fir_clk (rise edge)
   0.00    0.00   clock network delay (ideal)
   0.00    0.00 ^ _110563_/CK (DFFS_X1)
   0.31    0.31 ^ _110563_/Q (DFFS_X1)
   0.74    1.05 v _062846_/ZN (INV_X1)
   0.11    1.17 ^ _096543_/ZN (OAI21_X1)
   0.02    1.19 v _096544_/ZN (AOI21_X1)
   0.00    1.19 v _110576_/D (DFF_X1)
           1.19   data arrival time

   1.46    1.46   clock fir_clk (rise edge)
   0.00    1.46   clock network delay (ideal)
   0.00    1.46   clock reconvergence pessimism
           1.46 ^ _110576_/CK (DFF_X1)
  -0.07    1.39   library setup time
           1.39   data required time
---------------------------------------------------------
           1.39   data required time
          -1.19   data arrival time
---------------------------------------------------------
           0.20   slack (MET)


Startpoint: _110563_ (rising edge-triggered flip-flop clocked by fir_clk)
Endpoint: _110577_ (rising edge-triggered flip-flop clocked by fir_clk)
Path Group: fir_clk
Path Type: max

  Delay    Time   Description
---------------------------------------------------------
   0.00    0.00   clock fir_clk (rise edge)
   0.00    0.00   clock network delay (ideal)
   0.00    0.00 ^ _110563_/CK (DFFS_X1)
   0.31    0.31 ^ _110563_/Q (DFFS_X1)
   0.74    1.05 v _062846_/ZN (INV_X1)
   0.11    1.17 ^ _096532_/ZN (OAI21_X1)
   0.02    1.19 v _096533_/ZN (AOI21_X1)
   0.00    1.19 v _110577_/D (DFF_X1)
           1.19   data arrival time

   1.46    1.46   clock fir_clk (rise edge)
   0.00    1.46   clock network delay (ideal)
   0.00    1.46   clock reconvergence pessimism
           1.46 ^ _110577_/CK (DFF_X1)
  -0.07    1.39   library setup time
           1.39   data required time
---------------------------------------------------------
           1.39   data required time
          -1.19   data arrival time
---------------------------------------------------------
           0.20   slack (MET)


Startpoint: _110563_ (rising edge-triggered flip-flop clocked by fir_clk)
Endpoint: _110578_ (rising edge-triggered flip-flop clocked by fir_clk)
Path Group: fir_clk
Path Type: max

  Delay    Time   Description
---------------------------------------------------------
   0.00    0.00   clock fir_clk (rise edge)
   0.00    0.00   clock network delay (ideal)
   0.00    0.00 ^ _110563_/CK (DFFS_X1)
   0.31    0.31 ^ _110563_/Q (DFFS_X1)
   0.74    1.05 v _062846_/ZN (INV_X1)
   0.11    1.17 ^ _096521_/ZN (OAI21_X1)
   0.02    1.19 v _096522_/ZN (AOI21_X1)
   0.00    1.19 v _110578_/D (DFF_X1)
           1.19   data arrival time

   1.46    1.46   clock fir_clk (rise edge)
   0.00    1.46   clock network delay (ideal)
   0.00    1.46   clock reconvergence pessimism
           1.46 ^ _110578_/CK (DFF_X1)
  -0.07    1.39   library setup time
           1.39   data required time
---------------------------------------------------------
           1.39   data required time
          -1.19   data arrival time
---------------------------------------------------------
           0.20   slack (MET)


Startpoint: _110563_ (rising edge-triggered flip-flop clocked by fir_clk)
Endpoint: _110579_ (rising edge-triggered flip-flop clocked by fir_clk)
Path Group: fir_clk
Path Type: max

  Delay    Time   Description
---------------------------------------------------------
   0.00    0.00   clock fir_clk (rise edge)
   0.00    0.00   clock network delay (ideal)
   0.00    0.00 ^ _110563_/CK (DFFS_X1)
   0.31    0.31 ^ _110563_/Q (DFFS_X1)
   0.74    1.05 v _062846_/ZN (INV_X1)
   0.11    1.17 ^ _096510_/ZN (OAI21_X1)
   0.02    1.19 v _096511_/ZN (AOI21_X1)
   0.00    1.19 v _110579_/D (DFF_X1)
           1.19   data arrival time

   1.46    1.46   clock fir_clk (rise edge)
   0.00    1.46   clock network delay (ideal)
   0.00    1.46   clock reconvergence pessimism
           1.46 ^ _110579_/CK (DFF_X1)
  -0.07    1.39   library setup time
           1.39   data required time
---------------------------------------------------------
           1.39   data required time
          -1.19   data arrival time
---------------------------------------------------------
           0.20   slack (MET)


Startpoint: fir_rst (input port clocked by fir_clk)
Endpoint: _125169_ (rising edge-triggered flip-flop clocked by fir_div32)
Path Group: fir_div32
Path Type: max

  Delay    Time   Description
---------------------------------------------------------
  45.26   45.26   clock fir_clk (rise edge)
   0.00   45.26   clock network delay (ideal)
   0.00   45.26 v input external delay
   0.00   45.26 v fir_rst (in)
   0.62   45.88 ^ _064251_/ZN (INV_X1)
   0.03   45.91 v _077157_/ZN (OAI21_X1)
   0.06   45.97 ^ _077158_/ZN (AOI21_X1)
   0.00   45.97 ^ _125169_/D (DFF_X1)
          45.97   data arrival time

  46.72   46.72   clock fir_div32 (rise edge)
   0.00   46.72   clock network delay (ideal)
   0.00   46.72   clock reconvergence pessimism
          46.72 ^ _125169_/CK (DFF_X1)
  -0.04   46.68   library setup time
          46.68   data required time
---------------------------------------------------------
          46.68   data required time
         -45.97   data arrival time
---------------------------------------------------------
           0.71   slack (MET)


Startpoint: fir_rst (input port clocked by fir_clk)
Endpoint: _125166_ (rising edge-triggered flip-flop clocked by fir_div32)
Path Group: fir_div32
Path Type: max

  Delay    Time   Description
---------------------------------------------------------
  45.26   45.26   clock fir_clk (rise edge)
   0.00   45.26   clock network delay (ideal)
   0.00   45.26 v input external delay
   0.00   45.26 v fir_rst (in)
   0.62   45.88 ^ _064251_/ZN (INV_X1)
   0.03   45.91 v _077163_/ZN (OAI21_X1)
   0.04   45.96 ^ _077164_/ZN (NOR2_X1)
   0.00   45.96 ^ _125166_/D (DFF_X1)
          45.96   data arrival time

  46.72   46.72   clock fir_div32 (rise edge)
   0.00   46.72   clock network delay (ideal)
   0.00   46.72   clock reconvergence pessimism
          46.72 ^ _125166_/CK (DFF_X1)
  -0.03   46.69   library setup time
          46.69   data required time
---------------------------------------------------------
          46.69   data required time
         -45.96   data arrival time
---------------------------------------------------------
           0.73   slack (MET)


Startpoint: fir_rst (input port clocked by fir_clk)
Endpoint: _125167_ (rising edge-triggered flip-flop clocked by fir_div32)
Path Group: fir_div32
Path Type: max

  Delay    Time   Description
---------------------------------------------------------
  45.26   45.26   clock fir_clk (rise edge)
   0.00   45.26   clock network delay (ideal)
   0.00   45.26 v input external delay
   0.00   45.26 v fir_rst (in)
   0.62   45.88 ^ _064251_/ZN (INV_X1)
   0.03   45.91 v _077161_/ZN (OAI21_X1)
   0.04   45.96 ^ _077162_/ZN (NOR2_X1)
   0.00   45.96 ^ _125167_/D (DFF_X1)
          45.96   data arrival time

  46.72   46.72   clock fir_div32 (rise edge)
   0.00   46.72   clock network delay (ideal)
   0.00   46.72   clock reconvergence pessimism
          46.72 ^ _125167_/CK (DFF_X1)
  -0.03   46.69   library setup time
          46.69   data required time
---------------------------------------------------------
          46.69   data required time
         -45.96   data arrival time
---------------------------------------------------------
           0.73   slack (MET)


Startpoint: fir_rst (input port clocked by fir_clk)
Endpoint: _125168_ (rising edge-triggered flip-flop clocked by fir_div32)
Path Group: fir_div32
Path Type: max

  Delay    Time   Description
---------------------------------------------------------
  45.26   45.26   clock fir_clk (rise edge)
   0.00   45.26   clock network delay (ideal)
   0.00   45.26 v input external delay
   0.00   45.26 v fir_rst (in)
   0.62   45.88 ^ _064251_/ZN (INV_X1)
   0.03   45.91 v _077159_/ZN (OAI21_X1)
   0.04   45.96 ^ _077160_/ZN (NOR2_X1)
   0.00   45.96 ^ _125168_/D (DFF_X1)
          45.96   data arrival time

  46.72   46.72   clock fir_div32 (rise edge)
   0.00   46.72   clock network delay (ideal)
   0.00   46.72   clock reconvergence pessimism
          46.72 ^ _125168_/CK (DFF_X1)
  -0.03   46.69   library setup time
          46.69   data required time
---------------------------------------------------------
          46.69   data required time
         -45.96   data arrival time
---------------------------------------------------------
           0.73   slack (MET)


Startpoint: fir_rst (input port clocked by fir_clk)
Endpoint: _125163_ (rising edge-triggered flip-flop clocked by fir_div32)
Path Group: fir_div32
Path Type: max

  Delay    Time   Description
---------------------------------------------------------
  45.26   45.26   clock fir_clk (rise edge)
   0.00   45.26   clock network delay (ideal)
   0.00   45.26 v input external delay
   0.00   45.26 v fir_rst (in)
   0.62   45.88 ^ _064251_/ZN (INV_X1)
   0.07   45.95 ^ _077169_/ZN (AND2_X1)
   0.00   45.95 ^ _125163_/D (DFF_X1)
          45.95   data arrival time

  46.72   46.72   clock fir_div32 (rise edge)
   0.00   46.72   clock network delay (ideal)
   0.00   46.72   clock reconvergence pessimism
          46.72 ^ _125163_/CK (DFF_X1)
  -0.04   46.68   library setup time
          46.68   data required time
---------------------------------------------------------
          46.68   data required time
         -45.95   data arrival time
---------------------------------------------------------
           0.73   slack (MET)


Startpoint: fir_rst (input port clocked by fir_clk)
Endpoint: _125164_ (rising edge-triggered flip-flop clocked by fir_div32)
Path Group: fir_div32
Path Type: max

  Delay    Time   Description
---------------------------------------------------------
  45.26   45.26   clock fir_clk (rise edge)
   0.00   45.26   clock network delay (ideal)
   0.00   45.26 v input external delay
   0.00   45.26 v fir_rst (in)
   0.03   45.29 ^ _077151_/ZN (NOR2_X1)
   0.01   45.30 v _077167_/ZN (NOR2_X1)
   0.04   45.34 ^ _077168_/ZN (AOI21_X1)
   0.00   45.34 ^ _125164_/D (DFF_X1)
          45.34   data arrival time

  46.72   46.72   clock fir_div32 (rise edge)
   0.00   46.72   clock network delay (ideal)
   0.00   46.72   clock reconvergence pessimism
          46.72 ^ _125164_/CK (DFF_X1)
  -0.03   46.69   library setup time
          46.69   data required time
---------------------------------------------------------
          46.69   data required time
         -45.34   data arrival time
---------------------------------------------------------
           1.35   slack (MET)


Startpoint: fir_rst (input port clocked by fir_clk)
Endpoint: _125165_ (rising edge-triggered flip-flop clocked by fir_div32)
Path Group: fir_div32
Path Type: max

  Delay    Time   Description
---------------------------------------------------------
  45.26   45.26   clock fir_clk (rise edge)
   0.00   45.26   clock network delay (ideal)
   0.00   45.26 v input external delay
   0.00   45.26 v fir_rst (in)
   0.03   45.29 ^ _077166_/ZN (NOR3_X1)
   0.00   45.29 ^ _125165_/D (DFF_X1)
          45.29   data arrival time

  46.72   46.72   clock fir_div32 (rise edge)
   0.00   46.72   clock network delay (ideal)
   0.00   46.72   clock reconvergence pessimism
          46.72 ^ _125165_/CK (DFF_X1)
  -0.04   46.68   library setup time
          46.68   data required time
---------------------------------------------------------
          46.68   data required time
         -45.29   data arrival time
---------------------------------------------------------
           1.40   slack (MET)


Startpoint: fir_rst (input port clocked by fir_clk)
Endpoint: _125170_ (rising edge-triggered flip-flop clocked by fir_div32)
Path Group: fir_div32
Path Type: max

  Delay    Time   Description
---------------------------------------------------------
  45.26   45.26   clock fir_clk (rise edge)
   0.00   45.26   clock network delay (ideal)
   0.00   45.26 v input external delay
   0.00   45.26 v fir_rst (in)
   0.02   45.28 ^ _109925_/ZN (NOR2_X1)
   0.00   45.28 ^ _125170_/D (DFF_X1)
          45.28   data arrival time

  46.72   46.72   clock fir_div32 (rise edge)
   0.00   46.72   clock network delay (ideal)
   0.00   46.72   clock reconvergence pessimism
          46.72 ^ _125170_/CK (DFF_X1)
  -0.03   46.69   library setup time
          46.69   data required time
---------------------------------------------------------
          46.69   data required time
         -45.28   data arrival time
---------------------------------------------------------
           1.41   slack (MET)


Startpoint: _124926_ (rising edge-triggered flip-flop clocked by i2c_clk)
Endpoint: _124919_ (rising edge-triggered flip-flop clocked by i2c_clk)
Path Group: i2c_clk
Path Type: max

  Delay    Time   Description
---------------------------------------------------------
   0.00    0.00   clock i2c_clk (rise edge)
   0.00    0.00   clock network delay (ideal)
   0.00    0.00 ^ _124926_/CK (DFF_X1)
   0.08    0.08 v _124926_/Q (DFF_X1)
   0.12    0.20 v _077653_/ZN (OR4_X1)
   0.05    0.26 v _077654_/ZN (OR2_X1)
   0.05    0.31 v _077655_/ZN (OR2_X1)
   0.09    0.40 ^ _077657_/ZN (NOR3_X1)
   0.03    0.44 v _077688_/ZN (NAND3_X1)
   0.12    0.56 v _077689_/ZN (OR4_X1)
   0.02    0.58 ^ _077690_/ZN (NAND2_X1)
   0.01    0.59 v _077691_/ZN (NOR2_X1)
   0.02    0.61 ^ _077711_/ZN (NAND2_X1)
   0.02    0.64 v _077712_/ZN (OAI21_X1)
   0.10    0.74 ^ _077713_/ZN (NAND2_X1)
   0.04    0.78 v _077714_/ZN (INV_X1)
   0.05    0.83 ^ _077755_/ZN (AOI22_X1)
   0.01    0.84 v _077756_/ZN (NOR2_X1)
   0.00    0.84 v _124919_/D (DFF_X1)
           0.84   data arrival time

   0.90    0.90   clock i2c_clk (rise edge)
   0.00    0.90   clock network delay (ideal)
   0.00    0.90   clock reconvergence pessimism
           0.90 ^ _124919_/CK (DFF_X1)
  -0.04    0.86   library setup time
           0.86   data required time
---------------------------------------------------------
           0.86   data required time
          -0.84   data arrival time
---------------------------------------------------------
           0.02   slack (MET)


Startpoint: _124926_ (rising edge-triggered flip-flop clocked by i2c_clk)
Endpoint: _124924_ (rising edge-triggered flip-flop clocked by i2c_clk)
Path Group: i2c_clk
Path Type: max

  Delay    Time   Description
---------------------------------------------------------
   0.00    0.00   clock i2c_clk (rise edge)
   0.00    0.00   clock network delay (ideal)
   0.00    0.00 ^ _124926_/CK (DFF_X1)
   0.08    0.08 v _124926_/Q (DFF_X1)
   0.12    0.20 v _077653_/ZN (OR4_X1)
   0.05    0.26 v _077654_/ZN (OR2_X1)
   0.05    0.31 v _077655_/ZN (OR2_X1)
   0.09    0.40 ^ _077657_/ZN (NOR3_X1)
   0.03    0.44 v _077688_/ZN (NAND3_X1)
   0.12    0.56 v _077689_/ZN (OR4_X1)
   0.02    0.58 ^ _077690_/ZN (NAND2_X1)
   0.01    0.59 v _077691_/ZN (NOR2_X1)
   0.02    0.61 ^ _077711_/ZN (NAND2_X1)
   0.02    0.64 v _077712_/ZN (OAI21_X1)
   0.10    0.74 ^ _077713_/ZN (NAND2_X1)
   0.04    0.78 v _077714_/ZN (INV_X1)
   0.05    0.83 ^ _077744_/ZN (AOI22_X1)
   0.01    0.84 v _077745_/ZN (NOR2_X1)
   0.00    0.84 v _124924_/D (DFF_X1)
           0.84   data arrival time

   0.90    0.90   clock i2c_clk (rise edge)
   0.00    0.90   clock network delay (ideal)
   0.00    0.90   clock reconvergence pessimism
           0.90 ^ _124924_/CK (DFF_X1)
  -0.04    0.86   library setup time
           0.86   data required time
---------------------------------------------------------
           0.86   data required time
          -0.84   data arrival time
---------------------------------------------------------
           0.02   slack (MET)


Startpoint: _124926_ (rising edge-triggered flip-flop clocked by i2c_clk)
Endpoint: _124928_ (rising edge-triggered flip-flop clocked by i2c_clk)
Path Group: i2c_clk
Path Type: max

  Delay    Time   Description
---------------------------------------------------------
   0.00    0.00   clock i2c_clk (rise edge)
   0.00    0.00   clock network delay (ideal)
   0.00    0.00 ^ _124926_/CK (DFF_X1)
   0.08    0.08 v _124926_/Q (DFF_X1)
   0.12    0.20 v _077653_/ZN (OR4_X1)
   0.05    0.26 v _077654_/ZN (OR2_X1)
   0.05    0.31 v _077655_/ZN (OR2_X1)
   0.09    0.40 ^ _077657_/ZN (NOR3_X1)
   0.03    0.44 v _077688_/ZN (NAND3_X1)
   0.12    0.56 v _077689_/ZN (OR4_X1)
   0.02    0.58 ^ _077690_/ZN (NAND2_X1)
   0.01    0.59 v _077691_/ZN (NOR2_X1)
   0.02    0.61 ^ _077711_/ZN (NAND2_X1)
   0.02    0.64 v _077712_/ZN (OAI21_X1)
   0.10    0.74 ^ _077713_/ZN (NAND2_X1)
   0.04    0.78 v _077714_/ZN (INV_X1)
   0.05    0.83 ^ _077734_/ZN (AOI22_X1)
   0.01    0.84 v _077735_/ZN (NOR2_X1)
   0.00    0.84 v _124928_/D (DFF_X1)
           0.84   data arrival time

   0.90    0.90   clock i2c_clk (rise edge)
   0.00    0.90   clock network delay (ideal)
   0.00    0.90   clock reconvergence pessimism
           0.90 ^ _124928_/CK (DFF_X1)
  -0.04    0.86   library setup time
           0.86   data required time
---------------------------------------------------------
           0.86   data required time
          -0.84   data arrival time
---------------------------------------------------------
           0.02   slack (MET)


Startpoint: _124926_ (rising edge-triggered flip-flop clocked by i2c_clk)
Endpoint: _124932_ (rising edge-triggered flip-flop clocked by i2c_clk)
Path Group: i2c_clk
Path Type: max

  Delay    Time   Description
---------------------------------------------------------
   0.00    0.00   clock i2c_clk (rise edge)
   0.00    0.00   clock network delay (ideal)
   0.00    0.00 ^ _124926_/CK (DFF_X1)
   0.08    0.08 v _124926_/Q (DFF_X1)
   0.12    0.20 v _077653_/ZN (OR4_X1)
   0.05    0.26 v _077654_/ZN (OR2_X1)
   0.05    0.31 v _077655_/ZN (OR2_X1)
   0.09    0.40 ^ _077657_/ZN (NOR3_X1)
   0.03    0.44 v _077688_/ZN (NAND3_X1)
   0.12    0.56 v _077689_/ZN (OR4_X1)
   0.02    0.58 ^ _077690_/ZN (NAND2_X1)
   0.01    0.59 v _077691_/ZN (NOR2_X1)
   0.02    0.61 ^ _077711_/ZN (NAND2_X1)
   0.02    0.64 v _077712_/ZN (OAI21_X1)
   0.10    0.74 ^ _077713_/ZN (NAND2_X1)
   0.04    0.78 v _077714_/ZN (INV_X1)
   0.05    0.83 ^ _077725_/ZN (AOI22_X1)
   0.01    0.84 v _077726_/ZN (NOR2_X1)
   0.00    0.84 v _124932_/D (DFF_X1)
           0.84   data arrival time

   0.90    0.90   clock i2c_clk (rise edge)
   0.00    0.90   clock network delay (ideal)
   0.00    0.90   clock reconvergence pessimism
           0.90 ^ _124932_/CK (DFF_X1)
  -0.04    0.86   library setup time
           0.86   data required time
---------------------------------------------------------
           0.86   data required time
          -0.84   data arrival time
---------------------------------------------------------
           0.02   slack (MET)


Startpoint: _124926_ (rising edge-triggered flip-flop clocked by i2c_clk)
Endpoint: _124921_ (rising edge-triggered flip-flop clocked by i2c_clk)
Path Group: i2c_clk
Path Type: max

  Delay    Time   Description
---------------------------------------------------------
   0.00    0.00   clock i2c_clk (rise edge)
   0.00    0.00   clock network delay (ideal)
   0.00    0.00 ^ _124926_/CK (DFF_X1)
   0.08    0.08 v _124926_/Q (DFF_X1)
   0.12    0.20 v _077653_/ZN (OR4_X1)
   0.05    0.26 v _077654_/ZN (OR2_X1)
   0.05    0.31 v _077655_/ZN (OR2_X1)
   0.09    0.40 ^ _077657_/ZN (NOR3_X1)
   0.03    0.44 v _077688_/ZN (NAND3_X1)
   0.12    0.56 v _077689_/ZN (OR4_X1)
   0.02    0.58 ^ _077690_/ZN (NAND2_X1)
   0.01    0.59 v _077691_/ZN (NOR2_X1)
   0.02    0.61 ^ _077711_/ZN (NAND2_X1)
   0.02    0.64 v _077712_/ZN (OAI21_X1)
   0.10    0.74 ^ _077713_/ZN (NAND2_X1)
   0.04    0.78 v _077714_/ZN (INV_X1)
   0.04    0.82 ^ _077750_/ZN (OAI21_X1)
   0.01    0.83 v _077751_/ZN (AOI21_X1)
   0.00    0.83 v _124921_/D (DFF_X1)
           0.83   data arrival time

   0.90    0.90   clock i2c_clk (rise edge)
   0.00    0.90   clock network delay (ideal)
   0.00    0.90   clock reconvergence pessimism
           0.90 ^ _124921_/CK (DFF_X1)
  -0.04    0.86   library setup time
           0.86   data required time
---------------------------------------------------------
           0.86   data required time
          -0.83   data arrival time
---------------------------------------------------------
           0.02   slack (MET)


Startpoint: _124926_ (rising edge-triggered flip-flop clocked by i2c_clk)
Endpoint: _124935_ (rising edge-triggered flip-flop clocked by i2c_clk)
Path Group: i2c_clk
Path Type: max

  Delay    Time   Description
---------------------------------------------------------
   0.00    0.00   clock i2c_clk (rise edge)
   0.00    0.00   clock network delay (ideal)
   0.00    0.00 ^ _124926_/CK (DFF_X1)
   0.08    0.08 v _124926_/Q (DFF_X1)
   0.12    0.20 v _077653_/ZN (OR4_X1)
   0.05    0.26 v _077654_/ZN (OR2_X1)
   0.05    0.31 v _077655_/ZN (OR2_X1)
   0.09    0.40 ^ _077657_/ZN (NOR3_X1)
   0.03    0.44 v _077688_/ZN (NAND3_X1)
   0.12    0.56 v _077689_/ZN (OR4_X1)
   0.02    0.58 ^ _077690_/ZN (NAND2_X1)
   0.01    0.59 v _077691_/ZN (NOR2_X1)
   0.02    0.61 ^ _077711_/ZN (NAND2_X1)
   0.02    0.64 v _077712_/ZN (OAI21_X1)
   0.10    0.74 ^ _077713_/ZN (NAND2_X1)
   0.04    0.78 v _077714_/ZN (INV_X1)
   0.04    0.82 ^ _077716_/ZN (OAI21_X1)
   0.01    0.83 v _077717_/ZN (AOI21_X1)
   0.00    0.83 v _124935_/D (DFF_X1)
           0.83   data arrival time

   0.90    0.90   clock i2c_clk (rise edge)
   0.00    0.90   clock network delay (ideal)
   0.00    0.90   clock reconvergence pessimism
           0.90 ^ _124935_/CK (DFF_X1)
  -0.04    0.86   library setup time
           0.86   data required time
---------------------------------------------------------
           0.86   data required time
          -0.83   data arrival time
---------------------------------------------------------
           0.02   slack (MET)


Startpoint: _124926_ (rising edge-triggered flip-flop clocked by i2c_clk)
Endpoint: _124934_ (rising edge-triggered flip-flop clocked by i2c_clk)
Path Group: i2c_clk
Path Type: max

  Delay    Time   Description
---------------------------------------------------------
   0.00    0.00   clock i2c_clk (rise edge)
   0.00    0.00   clock network delay (ideal)
   0.00    0.00 ^ _124926_/CK (DFF_X1)
   0.08    0.08 v _124926_/Q (DFF_X1)
   0.12    0.20 v _077653_/ZN (OR4_X1)
   0.05    0.26 v _077654_/ZN (OR2_X1)
   0.05    0.31 v _077655_/ZN (OR2_X1)
   0.09    0.40 ^ _077657_/ZN (NOR3_X1)
   0.03    0.44 v _077688_/ZN (NAND3_X1)
   0.12    0.56 v _077689_/ZN (OR4_X1)
   0.02    0.58 ^ _077690_/ZN (NAND2_X1)
   0.01    0.59 v _077691_/ZN (NOR2_X1)
   0.02    0.61 ^ _077711_/ZN (NAND2_X1)
   0.02    0.64 v _077712_/ZN (OAI21_X1)
   0.10    0.74 ^ _077713_/ZN (NAND2_X1)
   0.04    0.78 v _077714_/ZN (INV_X1)
   0.03    0.81 ^ _077718_/ZN (NAND2_X1)
   0.01    0.82 v _077720_/ZN (AOI21_X1)
   0.00    0.82 v _124934_/D (DFF_X1)
           0.82   data arrival time

   0.90    0.90   clock i2c_clk (rise edge)
   0.00    0.90   clock network delay (ideal)
   0.00    0.90   clock reconvergence pessimism
           0.90 ^ _124934_/CK (DFF_X1)
  -0.04    0.86   library setup time
           0.86   data required time
---------------------------------------------------------
           0.86   data required time
          -0.82   data arrival time
---------------------------------------------------------
           0.04   slack (MET)


Startpoint: _124926_ (rising edge-triggered flip-flop clocked by i2c_clk)
Endpoint: _124923_ (rising edge-triggered flip-flop clocked by i2c_clk)
Path Group: i2c_clk
Path Type: max

  Delay    Time   Description
---------------------------------------------------------
   0.00    0.00   clock i2c_clk (rise edge)
   0.00    0.00   clock network delay (ideal)
   0.00    0.00 ^ _124926_/CK (DFF_X1)
   0.08    0.08 v _124926_/Q (DFF_X1)
   0.12    0.20 v _077653_/ZN (OR4_X1)
   0.05    0.26 v _077654_/ZN (OR2_X1)
   0.05    0.31 v _077655_/ZN (OR2_X1)
   0.09    0.40 ^ _077657_/ZN (NOR3_X1)
   0.03    0.44 v _077688_/ZN (NAND3_X1)
   0.12    0.56 v _077689_/ZN (OR4_X1)
   0.02    0.58 ^ _077690_/ZN (NAND2_X1)
   0.01    0.59 v _077691_/ZN (NOR2_X1)
   0.02    0.61 ^ _077711_/ZN (NAND2_X1)
   0.02    0.64 v _077712_/ZN (OAI21_X1)
   0.10    0.74 ^ _077713_/ZN (NAND2_X1)
   0.01    0.75 v _077746_/ZN (NOR2_X1)
   0.06    0.81 ^ _077747_/ZN (AOI211_X1)
   0.00    0.81 ^ _124923_/D (DFF_X1)
           0.81   data arrival time

   0.90    0.90   clock i2c_clk (rise edge)
   0.00    0.90   clock network delay (ideal)
   0.00    0.90   clock reconvergence pessimism
           0.90 ^ _124923_/CK (DFF_X1)
  -0.04    0.86   library setup time
           0.86   data required time
---------------------------------------------------------
           0.86   data required time
          -0.81   data arrival time
---------------------------------------------------------
           0.05   slack (MET)


Startpoint: _124926_ (rising edge-triggered flip-flop clocked by i2c_clk)
Endpoint: _124925_ (rising edge-triggered flip-flop clocked by i2c_clk)
Path Group: i2c_clk
Path Type: max

  Delay    Time   Description
---------------------------------------------------------
   0.00    0.00   clock i2c_clk (rise edge)
   0.00    0.00   clock network delay (ideal)
   0.00    0.00 ^ _124926_/CK (DFF_X1)
   0.08    0.08 v _124926_/Q (DFF_X1)
   0.12    0.20 v _077653_/ZN (OR4_X1)
   0.05    0.26 v _077654_/ZN (OR2_X1)
   0.05    0.31 v _077655_/ZN (OR2_X1)
   0.09    0.40 ^ _077657_/ZN (NOR3_X1)
   0.03    0.44 v _077688_/ZN (NAND3_X1)
   0.12    0.56 v _077689_/ZN (OR4_X1)
   0.02    0.58 ^ _077690_/ZN (NAND2_X1)
   0.01    0.59 v _077691_/ZN (NOR2_X1)
   0.02    0.61 ^ _077711_/ZN (NAND2_X1)
   0.02    0.64 v _077712_/ZN (OAI21_X1)
   0.10    0.74 ^ _077713_/ZN (NAND2_X1)
   0.01    0.75 v _077740_/ZN (NOR2_X1)
   0.06    0.81 ^ _077741_/ZN (AOI211_X1)
   0.00    0.81 ^ _124925_/D (DFF_X1)
           0.81   data arrival time

   0.90    0.90   clock i2c_clk (rise edge)
   0.00    0.90   clock network delay (ideal)
   0.00    0.90   clock reconvergence pessimism
           0.90 ^ _124925_/CK (DFF_X1)
  -0.04    0.86   library setup time
           0.86   data required time
---------------------------------------------------------
           0.86   data required time
          -0.81   data arrival time
---------------------------------------------------------
           0.05   slack (MET)


Startpoint: _124926_ (rising edge-triggered flip-flop clocked by i2c_clk)
Endpoint: _124926_ (rising edge-triggered flip-flop clocked by i2c_clk)
Path Group: i2c_clk
Path Type: max

  Delay    Time   Description
---------------------------------------------------------
   0.00    0.00   clock i2c_clk (rise edge)
   0.00    0.00   clock network delay (ideal)
   0.00    0.00 ^ _124926_/CK (DFF_X1)
   0.08    0.08 v _124926_/Q (DFF_X1)
   0.12    0.20 v _077653_/ZN (OR4_X1)
   0.05    0.26 v _077654_/ZN (OR2_X1)
   0.05    0.31 v _077655_/ZN (OR2_X1)
   0.09    0.40 ^ _077657_/ZN (NOR3_X1)
   0.03    0.44 v _077688_/ZN (NAND3_X1)
   0.12    0.56 v _077689_/ZN (OR4_X1)
   0.02    0.58 ^ _077690_/ZN (NAND2_X1)
   0.01    0.59 v _077691_/ZN (NOR2_X1)
   0.02    0.61 ^ _077711_/ZN (NAND2_X1)
   0.02    0.64 v _077712_/ZN (OAI21_X1)
   0.10    0.74 ^ _077713_/ZN (NAND2_X1)
   0.01    0.75 v _077738_/ZN (NOR2_X1)
   0.06    0.81 ^ _077739_/ZN (AOI211_X1)
   0.00    0.81 ^ _124926_/D (DFF_X1)
           0.81   data arrival time

   0.90    0.90   clock i2c_clk (rise edge)
   0.00    0.90   clock network delay (ideal)
   0.00    0.90   clock reconvergence pessimism
           0.90 ^ _124926_/CK (DFF_X1)
  -0.04    0.86   library setup time
           0.86   data required time
---------------------------------------------------------
           0.86   data required time
          -0.81   data arrival time
---------------------------------------------------------
           0.05   slack (MET)


Startpoint: _124926_ (rising edge-triggered flip-flop clocked by i2c_clk)
Endpoint: _124927_ (rising edge-triggered flip-flop clocked by i2c_clk)
Path Group: i2c_clk
Path Type: max

  Delay    Time   Description
---------------------------------------------------------
   0.00    0.00   clock i2c_clk (rise edge)
   0.00    0.00   clock network delay (ideal)
   0.00    0.00 ^ _124926_/CK (DFF_X1)
   0.08    0.08 v _124926_/Q (DFF_X1)
   0.12    0.20 v _077653_/ZN (OR4_X1)
   0.05    0.26 v _077654_/ZN (OR2_X1)
   0.05    0.31 v _077655_/ZN (OR2_X1)
   0.09    0.40 ^ _077657_/ZN (NOR3_X1)
   0.03    0.44 v _077688_/ZN (NAND3_X1)
   0.12    0.56 v _077689_/ZN (OR4_X1)
   0.02    0.58 ^ _077690_/ZN (NAND2_X1)
   0.01    0.59 v _077691_/ZN (NOR2_X1)
   0.02    0.61 ^ _077711_/ZN (NAND2_X1)
   0.02    0.64 v _077712_/ZN (OAI21_X1)
   0.10    0.74 ^ _077713_/ZN (NAND2_X1)
   0.01    0.75 v _077736_/ZN (NOR2_X1)
   0.06    0.81 ^ _077737_/ZN (AOI211_X1)
   0.00    0.81 ^ _124927_/D (DFF_X1)
           0.81   data arrival time

   0.90    0.90   clock i2c_clk (rise edge)
   0.00    0.90   clock network delay (ideal)
   0.00    0.90   clock reconvergence pessimism
           0.90 ^ _124927_/CK (DFF_X1)
  -0.04    0.86   library setup time
           0.86   data required time
---------------------------------------------------------
           0.86   data required time
          -0.81   data arrival time
---------------------------------------------------------
           0.05   slack (MET)


Startpoint: _124926_ (rising edge-triggered flip-flop clocked by i2c_clk)
Endpoint: _124933_ (rising edge-triggered flip-flop clocked by i2c_clk)
Path Group: i2c_clk
Path Type: max

  Delay    Time   Description
---------------------------------------------------------
   0.00    0.00   clock i2c_clk (rise edge)
   0.00    0.00   clock network delay (ideal)
   0.00    0.00 ^ _124926_/CK (DFF_X1)
   0.08    0.08 v _124926_/Q (DFF_X1)
   0.12    0.20 v _077653_/ZN (OR4_X1)
   0.05    0.26 v _077654_/ZN (OR2_X1)
   0.05    0.31 v _077655_/ZN (OR2_X1)
   0.09    0.40 ^ _077657_/ZN (NOR3_X1)
   0.03    0.44 v _077688_/ZN (NAND3_X1)
   0.12    0.56 v _077689_/ZN (OR4_X1)
   0.02    0.58 ^ _077690_/ZN (NAND2_X1)
   0.01    0.59 v _077691_/ZN (NOR2_X1)
   0.02    0.61 ^ _077711_/ZN (NAND2_X1)
   0.02    0.64 v _077712_/ZN (OAI21_X1)
   0.10    0.74 ^ _077713_/ZN (NAND2_X1)
   0.01    0.75 v _077721_/ZN (NOR2_X1)
   0.06    0.81 ^ _077722_/ZN (AOI211_X1)
   0.00    0.81 ^ _124933_/D (DFF_X1)
           0.81   data arrival time

   0.90    0.90   clock i2c_clk (rise edge)
   0.00    0.90   clock network delay (ideal)
   0.00    0.90   clock reconvergence pessimism
           0.90 ^ _124933_/CK (DFF_X1)
  -0.04    0.86   library setup time
           0.86   data required time
---------------------------------------------------------
           0.86   data required time
          -0.81   data arrival time
---------------------------------------------------------
           0.05   slack (MET)


Startpoint: _124857_ (rising edge-triggered flip-flop clocked by i2c_clk)
Endpoint: _124855_ (rising edge-triggered flip-flop clocked by i2c_clk)
Path Group: i2c_clk
Path Type: max

  Delay    Time   Description
---------------------------------------------------------
   0.00    0.00   clock i2c_clk (rise edge)
   0.00    0.00   clock network delay (ideal)
   0.00    0.00 ^ _124857_/CK (DFF_X1)
   0.09    0.09 v _124857_/Q (DFF_X1)
   0.16    0.24 ^ _077920_/ZN (NOR4_X1)
   0.04    0.28 v _077932_/ZN (NAND2_X1)
   0.10    0.38 v _077937_/ZN (OR3_X1)
   0.04    0.42 v _077942_/ZN (AND3_X1)
   0.03    0.45 v _077955_/ZN (AND3_X1)
   0.26    0.71 ^ _077977_/ZN (NOR3_X1)
   0.06    0.77 v _078022_/Z (MUX2_X1)
   0.03    0.80 v _078023_/ZN (AND2_X1)
   0.00    0.80 v _124855_/D (DFF_X1)
           0.80   data arrival time

   0.90    0.90   clock i2c_clk (rise edge)
   0.00    0.90   clock network delay (ideal)
   0.00    0.90   clock reconvergence pessimism
           0.90 ^ _124855_/CK (DFF_X1)
  -0.04    0.86   library setup time
           0.86   data required time
---------------------------------------------------------
           0.86   data required time
          -0.80   data arrival time
---------------------------------------------------------
           0.06   slack (MET)


Startpoint: _124857_ (rising edge-triggered flip-flop clocked by i2c_clk)
Endpoint: _124863_ (rising edge-triggered flip-flop clocked by i2c_clk)
Path Group: i2c_clk
Path Type: max

  Delay    Time   Description
---------------------------------------------------------
   0.00    0.00   clock i2c_clk (rise edge)
   0.00    0.00   clock network delay (ideal)
   0.00    0.00 ^ _124857_/CK (DFF_X1)
   0.09    0.09 v _124857_/Q (DFF_X1)
   0.16    0.24 ^ _077920_/ZN (NOR4_X1)
   0.04    0.28 v _077932_/ZN (NAND2_X1)
   0.10    0.38 v _077937_/ZN (OR3_X1)
   0.04    0.42 v _077942_/ZN (AND3_X1)
   0.03    0.45 v _077955_/ZN (AND3_X1)
   0.26    0.71 ^ _077977_/ZN (NOR3_X1)
   0.06    0.77 v _109845_/Z (MUX2_X1)
   0.03    0.80 v _109846_/ZN (AND2_X1)
   0.00    0.80 v _124863_/D (DFF_X1)
           0.80   data arrival time

   0.90    0.90   clock i2c_clk (rise edge)
   0.00    0.90   clock network delay (ideal)
   0.00    0.90   clock reconvergence pessimism
           0.90 ^ _124863_/CK (DFF_X1)
  -0.04    0.86   library setup time
           0.86   data required time
---------------------------------------------------------
           0.86   data required time
          -0.80   data arrival time
---------------------------------------------------------
           0.06   slack (MET)


Startpoint: _124926_ (rising edge-triggered flip-flop clocked by i2c_clk)
Endpoint: _124920_ (rising edge-triggered flip-flop clocked by i2c_clk)
Path Group: i2c_clk
Path Type: max

  Delay    Time   Description
---------------------------------------------------------
   0.00    0.00   clock i2c_clk (rise edge)
   0.00    0.00   clock network delay (ideal)
   0.00    0.00 ^ _124926_/CK (DFF_X1)
   0.08    0.08 v _124926_/Q (DFF_X1)
   0.12    0.20 v _077653_/ZN (OR4_X1)
   0.05    0.26 v _077654_/ZN (OR2_X1)
   0.05    0.31 v _077655_/ZN (OR2_X1)
   0.09    0.40 ^ _077657_/ZN (NOR3_X1)
   0.03    0.44 v _077688_/ZN (NAND3_X1)
   0.12    0.56 v _077689_/ZN (OR4_X1)
   0.02    0.58 ^ _077690_/ZN (NAND2_X1)
   0.01    0.59 v _077691_/ZN (NOR2_X1)
   0.02    0.61 ^ _077711_/ZN (NAND2_X1)
   0.02    0.64 v _077712_/ZN (OAI21_X1)
   0.10    0.74 ^ _077713_/ZN (NAND2_X1)
   0.02    0.76 v _077752_/ZN (OAI21_X1)
   0.04    0.80 ^ _077753_/ZN (AOI21_X1)
   0.00    0.80 ^ _124920_/D (DFF_X1)
           0.80   data arrival time

   0.90    0.90   clock i2c_clk (rise edge)
   0.00    0.90   clock network delay (ideal)
   0.00    0.90   clock reconvergence pessimism
           0.90 ^ _124920_/CK (DFF_X1)
  -0.04    0.86   library setup time
           0.86   data required time
---------------------------------------------------------
           0.86   data required time
          -0.80   data arrival time
---------------------------------------------------------
           0.06   slack (MET)


Startpoint: _124926_ (rising edge-triggered flip-flop clocked by i2c_clk)
Endpoint: _124922_ (rising edge-triggered flip-flop clocked by i2c_clk)
Path Group: i2c_clk
Path Type: max

  Delay    Time   Description
---------------------------------------------------------
   0.00    0.00   clock i2c_clk (rise edge)
   0.00    0.00   clock network delay (ideal)
   0.00    0.00 ^ _124926_/CK (DFF_X1)
   0.08    0.08 v _124926_/Q (DFF_X1)
   0.12    0.20 v _077653_/ZN (OR4_X1)
   0.05    0.26 v _077654_/ZN (OR2_X1)
   0.05    0.31 v _077655_/ZN (OR2_X1)
   0.09    0.40 ^ _077657_/ZN (NOR3_X1)
   0.03    0.44 v _077688_/ZN (NAND3_X1)
   0.12    0.56 v _077689_/ZN (OR4_X1)
   0.02    0.58 ^ _077690_/ZN (NAND2_X1)
   0.01    0.59 v _077691_/ZN (NOR2_X1)
   0.02    0.61 ^ _077711_/ZN (NAND2_X1)
   0.02    0.64 v _077712_/ZN (OAI21_X1)
   0.10    0.74 ^ _077713_/ZN (NAND2_X1)
   0.02    0.76 v _077748_/ZN (OAI21_X1)
   0.04    0.80 ^ _077749_/ZN (AOI21_X1)
   0.00    0.80 ^ _124922_/D (DFF_X1)
           0.80   data arrival time

   0.90    0.90   clock i2c_clk (rise edge)
   0.00    0.90   clock network delay (ideal)
   0.00    0.90   clock reconvergence pessimism
           0.90 ^ _124922_/CK (DFF_X1)
  -0.04    0.86   library setup time
           0.86   data required time
---------------------------------------------------------
           0.86   data required time
          -0.80   data arrival time
---------------------------------------------------------
           0.06   slack (MET)


Startpoint: _124926_ (rising edge-triggered flip-flop clocked by i2c_clk)
Endpoint: _124929_ (rising edge-triggered flip-flop clocked by i2c_clk)
Path Group: i2c_clk
Path Type: max

  Delay    Time   Description
---------------------------------------------------------
   0.00    0.00   clock i2c_clk (rise edge)
   0.00    0.00   clock network delay (ideal)
   0.00    0.00 ^ _124926_/CK (DFF_X1)
   0.08    0.08 v _124926_/Q (DFF_X1)
   0.12    0.20 v _077653_/ZN (OR4_X1)
   0.05    0.26 v _077654_/ZN (OR2_X1)
   0.05    0.31 v _077655_/ZN (OR2_X1)
   0.09    0.40 ^ _077657_/ZN (NOR3_X1)
   0.03    0.44 v _077688_/ZN (NAND3_X1)
   0.12    0.56 v _077689_/ZN (OR4_X1)
   0.02    0.58 ^ _077690_/ZN (NAND2_X1)
   0.01    0.59 v _077691_/ZN (NOR2_X1)
   0.02    0.61 ^ _077711_/ZN (NAND2_X1)
   0.02    0.64 v _077712_/ZN (OAI21_X1)
   0.10    0.74 ^ _077713_/ZN (NAND2_X1)
   0.02    0.76 v _077731_/ZN (OAI21_X1)
   0.04    0.80 ^ _077732_/ZN (AOI21_X1)
   0.00    0.80 ^ _124929_/D (DFF_X1)
           0.80   data arrival time

   0.90    0.90   clock i2c_clk (rise edge)
   0.00    0.90   clock network delay (ideal)
   0.00    0.90   clock reconvergence pessimism
           0.90 ^ _124929_/CK (DFF_X1)
  -0.04    0.86   library setup time
           0.86   data required time
---------------------------------------------------------
           0.86   data required time
          -0.80   data arrival time
---------------------------------------------------------
           0.06   slack (MET)


Startpoint: _124926_ (rising edge-triggered flip-flop clocked by i2c_clk)
Endpoint: _124930_ (rising edge-triggered flip-flop clocked by i2c_clk)
Path Group: i2c_clk
Path Type: max

  Delay    Time   Description
---------------------------------------------------------
   0.00    0.00   clock i2c_clk (rise edge)
   0.00    0.00   clock network delay (ideal)
   0.00    0.00 ^ _124926_/CK (DFF_X1)
   0.08    0.08 v _124926_/Q (DFF_X1)
   0.12    0.20 v _077653_/ZN (OR4_X1)
   0.05    0.26 v _077654_/ZN (OR2_X1)
   0.05    0.31 v _077655_/ZN (OR2_X1)
   0.09    0.40 ^ _077657_/ZN (NOR3_X1)
   0.03    0.44 v _077688_/ZN (NAND3_X1)
   0.12    0.56 v _077689_/ZN (OR4_X1)
   0.02    0.58 ^ _077690_/ZN (NAND2_X1)
   0.01    0.59 v _077691_/ZN (NOR2_X1)
   0.02    0.61 ^ _077711_/ZN (NAND2_X1)
   0.02    0.64 v _077712_/ZN (OAI21_X1)
   0.10    0.74 ^ _077713_/ZN (NAND2_X1)
   0.02    0.76 v _077729_/ZN (OAI21_X1)
   0.04    0.80 ^ _077730_/ZN (AOI21_X1)
   0.00    0.80 ^ _124930_/D (DFF_X1)
           0.80   data arrival time

   0.90    0.90   clock i2c_clk (rise edge)
   0.00    0.90   clock network delay (ideal)
   0.00    0.90   clock reconvergence pessimism
           0.90 ^ _124930_/CK (DFF_X1)
  -0.04    0.86   library setup time
           0.86   data required time
---------------------------------------------------------
           0.86   data required time
          -0.80   data arrival time
---------------------------------------------------------
           0.06   slack (MET)


Startpoint: _124926_ (rising edge-triggered flip-flop clocked by i2c_clk)
Endpoint: _124931_ (rising edge-triggered flip-flop clocked by i2c_clk)
Path Group: i2c_clk
Path Type: max

  Delay    Time   Description
---------------------------------------------------------
   0.00    0.00   clock i2c_clk (rise edge)
   0.00    0.00   clock network delay (ideal)
   0.00    0.00 ^ _124926_/CK (DFF_X1)
   0.08    0.08 v _124926_/Q (DFF_X1)
   0.12    0.20 v _077653_/ZN (OR4_X1)
   0.05    0.26 v _077654_/ZN (OR2_X1)
   0.05    0.31 v _077655_/ZN (OR2_X1)
   0.09    0.40 ^ _077657_/ZN (NOR3_X1)
   0.03    0.44 v _077688_/ZN (NAND3_X1)
   0.12    0.56 v _077689_/ZN (OR4_X1)
   0.02    0.58 ^ _077690_/ZN (NAND2_X1)
   0.01    0.59 v _077691_/ZN (NOR2_X1)
   0.02    0.61 ^ _077711_/ZN (NAND2_X1)
   0.02    0.64 v _077712_/ZN (OAI21_X1)
   0.10    0.74 ^ _077713_/ZN (NAND2_X1)
   0.02    0.76 v _077727_/ZN (OAI21_X1)
   0.04    0.80 ^ _077728_/ZN (AOI21_X1)
   0.00    0.80 ^ _124931_/D (DFF_X1)
           0.80   data arrival time

   0.90    0.90   clock i2c_clk (rise edge)
   0.00    0.90   clock network delay (ideal)
   0.00    0.90   clock reconvergence pessimism
           0.90 ^ _124931_/CK (DFF_X1)
  -0.04    0.86   library setup time
           0.86   data required time
---------------------------------------------------------
           0.86   data required time
          -0.80   data arrival time
---------------------------------------------------------
           0.06   slack (MET)


Startpoint: _124857_ (rising edge-triggered flip-flop clocked by i2c_clk)
Endpoint: _124861_ (rising edge-triggered flip-flop clocked by i2c_clk)
Path Group: i2c_clk
Path Type: max

  Delay    Time   Description
---------------------------------------------------------
   0.00    0.00   clock i2c_clk (rise edge)
   0.00    0.00   clock network delay (ideal)
   0.00    0.00 ^ _124857_/CK (DFF_X1)
   0.09    0.09 v _124857_/Q (DFF_X1)
   0.16    0.24 ^ _077920_/ZN (NOR4_X1)
   0.04    0.28 v _077932_/ZN (NAND2_X1)
   0.10    0.38 v _077937_/ZN (OR3_X1)
   0.04    0.42 v _077942_/ZN (AND3_X1)
   0.03    0.45 v _077955_/ZN (AND3_X1)
   0.26    0.71 ^ _077977_/ZN (NOR3_X1)
   0.00    0.72 v _077986_/ZN (NOR2_X1)
   0.07    0.78 ^ _077987_/ZN (AOI211_X1)
   0.00    0.78 ^ _124861_/D (DFF_X1)
           0.78   data arrival time

   0.90    0.90   clock i2c_clk (rise edge)
   0.00    0.90   clock network delay (ideal)
   0.00    0.90   clock reconvergence pessimism
           0.90 ^ _124861_/CK (DFF_X1)
  -0.04    0.86   library setup time
           0.86   data required time
---------------------------------------------------------
           0.86   data required time
          -0.78   data arrival time
---------------------------------------------------------
           0.08   slack (MET)


Startpoint: i2c_rst (input port clocked by i2c_clk)
Endpoint: _125057_ (rising edge-triggered flip-flop clocked by i2c_div8)
Path Group: i2c_div8
Path Type: max

  Delay    Time   Description
---------------------------------------------------------
   6.30    6.30   clock i2c_clk (rise edge)
   0.00    6.30   clock network delay (ideal)
   0.00    6.30 v input external delay
   0.00    6.30 v i2c_rst (in)
   0.15    6.45 ^ _064270_/ZN (INV_X1)
   0.03    6.48 v _077407_/ZN (OAI21_X1)
   0.04    6.53 ^ _077408_/ZN (AOI21_X1)
   0.00    6.53 ^ _125057_/D (DFF_X1)
           6.53   data arrival time

   7.20    7.20   clock i2c_div8 (rise edge)
   0.00    7.20   clock network delay (ideal)
   0.00    7.20   clock reconvergence pessimism
           7.20 ^ _125057_/CK (DFF_X1)
  -0.03    7.17   library setup time
           7.17   data required time
---------------------------------------------------------
           7.17   data required time
          -6.53   data arrival time
---------------------------------------------------------
           0.64   slack (MET)


Startpoint: i2c_rst (input port clocked by i2c_clk)
Endpoint: _125054_ (rising edge-triggered flip-flop clocked by i2c_div8)
Path Group: i2c_div8
Path Type: max

  Delay    Time   Description
---------------------------------------------------------
   6.30    6.30   clock i2c_clk (rise edge)
   0.00    6.30   clock network delay (ideal)
   0.00    6.30 v input external delay
   0.00    6.30 v i2c_rst (in)
   0.15    6.45 ^ _064270_/ZN (INV_X1)
   0.03    6.48 v _077413_/ZN (OAI21_X1)
   0.03    6.51 ^ _077414_/ZN (NOR2_X1)
   0.00    6.51 ^ _125054_/D (DFF_X1)
           6.51   data arrival time

   7.20    7.20   clock i2c_div8 (rise edge)
   0.00    7.20   clock network delay (ideal)
   0.00    7.20   clock reconvergence pessimism
           7.20 ^ _125054_/CK (DFF_X1)
  -0.03    7.17   library setup time
           7.17   data required time
---------------------------------------------------------
           7.17   data required time
          -6.51   data arrival time
---------------------------------------------------------
           0.65   slack (MET)


Startpoint: i2c_rst (input port clocked by i2c_clk)
Endpoint: _125055_ (rising edge-triggered flip-flop clocked by i2c_div8)
Path Group: i2c_div8
Path Type: max

  Delay    Time   Description
---------------------------------------------------------
   6.30    6.30   clock i2c_clk (rise edge)
   0.00    6.30   clock network delay (ideal)
   0.00    6.30 v input external delay
   0.00    6.30 v i2c_rst (in)
   0.15    6.45 ^ _064270_/ZN (INV_X1)
   0.03    6.48 v _077411_/ZN (OAI21_X1)
   0.03    6.51 ^ _077412_/ZN (NOR2_X1)
   0.00    6.51 ^ _125055_/D (DFF_X1)
           6.51   data arrival time

   7.20    7.20   clock i2c_div8 (rise edge)
   0.00    7.20   clock network delay (ideal)
   0.00    7.20   clock reconvergence pessimism
           7.20 ^ _125055_/CK (DFF_X1)
  -0.03    7.17   library setup time
           7.17   data required time
---------------------------------------------------------
           7.17   data required time
          -6.51   data arrival time
---------------------------------------------------------
           0.65   slack (MET)


Startpoint: i2c_rst (input port clocked by i2c_clk)
Endpoint: _125056_ (rising edge-triggered flip-flop clocked by i2c_div8)
Path Group: i2c_div8
Path Type: max

  Delay    Time   Description
---------------------------------------------------------
   6.30    6.30   clock i2c_clk (rise edge)
   0.00    6.30   clock network delay (ideal)
   0.00    6.30 v input external delay
   0.00    6.30 v i2c_rst (in)
   0.15    6.45 ^ _064270_/ZN (INV_X1)
   0.03    6.48 v _077409_/ZN (OAI21_X1)
   0.03    6.51 ^ _077410_/ZN (NOR2_X1)
   0.00    6.51 ^ _125056_/D (DFF_X1)
           6.51   data arrival time

   7.20    7.20   clock i2c_div8 (rise edge)
   0.00    7.20   clock network delay (ideal)
   0.00    7.20   clock reconvergence pessimism
           7.20 ^ _125056_/CK (DFF_X1)
  -0.03    7.17   library setup time
           7.17   data required time
---------------------------------------------------------
           7.17   data required time
          -6.51   data arrival time
---------------------------------------------------------
           0.65   slack (MET)


Startpoint: i2c_rst (input port clocked by i2c_clk)
Endpoint: _125051_ (rising edge-triggered flip-flop clocked by i2c_div8)
Path Group: i2c_div8
Path Type: max

  Delay    Time   Description
---------------------------------------------------------
   6.30    6.30   clock i2c_clk (rise edge)
   0.00    6.30   clock network delay (ideal)
   0.00    6.30 v input external delay
   0.00    6.30 v i2c_rst (in)
   0.15    6.45 ^ _064270_/ZN (INV_X1)
   0.05    6.50 ^ _077419_/ZN (AND2_X1)
   0.00    6.50 ^ _125051_/D (DFF_X1)
           6.50   data arrival time

   7.20    7.20   clock i2c_div8 (rise edge)
   0.00    7.20   clock network delay (ideal)
   0.00    7.20   clock reconvergence pessimism
           7.20 ^ _125051_/CK (DFF_X1)
  -0.03    7.17   library setup time
           7.17   data required time
---------------------------------------------------------
           7.17   data required time
          -6.50   data arrival time
---------------------------------------------------------
           0.67   slack (MET)


Startpoint: i2c_rst (input port clocked by i2c_clk)
Endpoint: _125052_ (rising edge-triggered flip-flop clocked by i2c_div8)
Path Group: i2c_div8
Path Type: max

  Delay    Time   Description
---------------------------------------------------------
   6.30    6.30   clock i2c_clk (rise edge)
   0.00    6.30   clock network delay (ideal)
   0.00    6.30 v input external delay
   0.00    6.30 v i2c_rst (in)
   0.03    6.33 ^ _077401_/ZN (NOR2_X1)
   0.01    6.34 v _077417_/ZN (NOR2_X1)
   0.04    6.38 ^ _077418_/ZN (AOI21_X1)
   0.00    6.38 ^ _125052_/D (DFF_X1)
           6.38   data arrival time

   7.20    7.20   clock i2c_div8 (rise edge)
   0.00    7.20   clock network delay (ideal)
   0.00    7.20   clock reconvergence pessimism
           7.20 ^ _125052_/CK (DFF_X1)
  -0.03    7.17   library setup time
           7.17   data required time
---------------------------------------------------------
           7.17   data required time
          -6.38   data arrival time
---------------------------------------------------------
           0.79   slack (MET)


Startpoint: i2c_rst (input port clocked by i2c_clk)
Endpoint: _125053_ (rising edge-triggered flip-flop clocked by i2c_div8)
Path Group: i2c_div8
Path Type: max

  Delay    Time   Description
---------------------------------------------------------
   6.30    6.30   clock i2c_clk (rise edge)
   0.00    6.30   clock network delay (ideal)
   0.00    6.30 v input external delay
   0.00    6.30 v i2c_rst (in)
   0.03    6.33 ^ _077416_/ZN (NOR3_X1)
   0.00    6.33 ^ _125053_/D (DFF_X1)
           6.33   data arrival time

   7.20    7.20   clock i2c_div8 (rise edge)
   0.00    7.20   clock network delay (ideal)
   0.00    7.20   clock reconvergence pessimism
           7.20 ^ _125053_/CK (DFF_X1)
  -0.04    7.16   library setup time
           7.16   data required time
---------------------------------------------------------
           7.16   data required time
          -6.33   data arrival time
---------------------------------------------------------
           0.84   slack (MET)


Startpoint: i2c_rst (input port clocked by i2c_clk)
Endpoint: _125058_ (rising edge-triggered flip-flop clocked by i2c_div8)
Path Group: i2c_div8
Path Type: max

  Delay    Time   Description
---------------------------------------------------------
   6.30    6.30   clock i2c_clk (rise edge)
   0.00    6.30   clock network delay (ideal)
   0.00    6.30 v input external delay
   0.00    6.30 v i2c_rst (in)
   0.02    6.32 ^ _109660_/ZN (NOR2_X1)
   0.00    6.32 ^ _125058_/D (DFF_X1)
           6.32   data arrival time

   7.20    7.20   clock i2c_div8 (rise edge)
   0.00    7.20   clock network delay (ideal)
   0.00    7.20   clock reconvergence pessimism
           7.20 ^ _125058_/CK (DFF_X1)
  -0.03    7.17   library setup time
           7.17   data required time
---------------------------------------------------------
           7.17   data required time
          -6.32   data arrival time
---------------------------------------------------------
           0.85   slack (MET)


Startpoint: _110448_ (rising edge-triggered flip-flop clocked by spi_clk)
Endpoint: _110458_ (rising edge-triggered flip-flop clocked by spi_clk)
Path Group: spi_clk
Path Type: max

  Delay    Time   Description
---------------------------------------------------------
   0.00    0.00   clock spi_clk (rise edge)
   0.00    0.00   clock network delay (ideal)
   0.00    0.00 ^ _110448_/CK (DFF_X1)
   0.08    0.08 v _110448_/Q (DFF_X1)
   0.05    0.13 ^ _106433_/ZN (AOI21_X1)
   0.01    0.14 v _106434_/ZN (INV_X1)
   0.04    0.18 ^ _106435_/ZN (AOI21_X1)
   0.01    0.19 v _106436_/ZN (INV_X1)
   0.04    0.24 ^ _106437_/ZN (AOI21_X1)
   0.02    0.25 v _106438_/ZN (NOR2_X1)
   0.04    0.29 ^ _106439_/ZN (OAI21_X1)
   0.02    0.31 v _106440_/ZN (NAND2_X1)
   0.03    0.34 v _106441_/ZN (AND2_X1)
   0.04    0.38 ^ _106442_/ZN (NOR2_X1)
   0.02    0.40 v _106443_/ZN (OAI21_X1)
   0.04    0.44 v _106444_/ZN (AND2_X1)
   0.04    0.48 ^ _106445_/ZN (OAI21_X1)
   0.02    0.50 v _106446_/ZN (NAND2_X1)
   0.03    0.53 v _106447_/ZN (AND2_X1)
   0.03    0.56 ^ _109332_/ZN (NOR2_X1)
   0.05    0.61 ^ _109333_/Z (XOR2_X1)
   0.02    0.63 v _109334_/ZN (OAI22_X1)
   0.00    0.63 v _110458_/D (DFF_X1)
           0.63   data arrival time

   0.62    0.62   clock spi_clk (rise edge)
   0.00    0.62   clock network delay (ideal)
   0.00    0.62   clock reconvergence pessimism
           0.62 ^ _110458_/CK (DFF_X1)
  -0.04    0.58   library setup time
           0.58   data required time
---------------------------------------------------------
           0.58   data required time
          -0.63   data arrival time
---------------------------------------------------------
          -0.05   slack (VIOLATED)


Startpoint: _110605_ (rising edge-triggered flip-flop clocked by spi_clk)
Endpoint: _118677_ (rising edge-triggered flip-flop clocked by spi_clk)
Path Group: spi_clk
Path Type: max

  Delay    Time   Description
---------------------------------------------------------
   0.00    0.00   clock spi_clk (rise edge)
   0.00    0.00   clock network delay (ideal)
   0.00    0.00 ^ _110605_/CK (DFF_X1)
   0.08    0.08 v _110605_/Q (DFF_X1)
   0.15    0.24 ^ _065158_/ZN (NOR3_X1)
   0.10    0.33 ^ _065175_/ZN (AND4_X1)
   0.01    0.35 v _065176_/ZN (INV_X1)
   0.16    0.51 ^ _094862_/ZN (NOR3_X1)
   0.06    0.57 v _096909_/Z (MUX2_X1)
   0.00    0.57 v _118677_/D (DFF_X1)
           0.57   data arrival time

   0.62    0.62   clock spi_clk (rise edge)
   0.00    0.62   clock network delay (ideal)
   0.00    0.62   clock reconvergence pessimism
           0.62 ^ _118677_/CK (DFF_X1)
  -0.04    0.58   library setup time
           0.58   data required time
---------------------------------------------------------
           0.58   data required time
          -0.57   data arrival time
---------------------------------------------------------
           0.01   slack (MET)


Startpoint: _110605_ (rising edge-triggered flip-flop clocked by spi_clk)
Endpoint: _118678_ (rising edge-triggered flip-flop clocked by spi_clk)
Path Group: spi_clk
Path Type: max

  Delay    Time   Description
---------------------------------------------------------
   0.00    0.00   clock spi_clk (rise edge)
   0.00    0.00   clock network delay (ideal)
   0.00    0.00 ^ _110605_/CK (DFF_X1)
   0.08    0.08 v _110605_/Q (DFF_X1)
   0.15    0.24 ^ _065158_/ZN (NOR3_X1)
   0.10    0.33 ^ _065175_/ZN (AND4_X1)
   0.01    0.35 v _065176_/ZN (INV_X1)
   0.16    0.51 ^ _094862_/ZN (NOR3_X1)
   0.06    0.57 v _096907_/Z (MUX2_X1)
   0.00    0.57 v _118678_/D (DFF_X1)
           0.57   data arrival time

   0.62    0.62   clock spi_clk (rise edge)
   0.00    0.62   clock network delay (ideal)
   0.00    0.62   clock reconvergence pessimism
           0.62 ^ _118678_/CK (DFF_X1)
  -0.04    0.58   library setup time
           0.58   data required time
---------------------------------------------------------
           0.58   data required time
          -0.57   data arrival time
---------------------------------------------------------
           0.01   slack (MET)


Startpoint: _110605_ (rising edge-triggered flip-flop clocked by spi_clk)
Endpoint: _118679_ (rising edge-triggered flip-flop clocked by spi_clk)
Path Group: spi_clk
Path Type: max

  Delay    Time   Description
---------------------------------------------------------
   0.00    0.00   clock spi_clk (rise edge)
   0.00    0.00   clock network delay (ideal)
   0.00    0.00 ^ _110605_/CK (DFF_X1)
   0.08    0.08 v _110605_/Q (DFF_X1)
   0.15    0.24 ^ _065158_/ZN (NOR3_X1)
   0.10    0.33 ^ _065175_/ZN (AND4_X1)
   0.01    0.35 v _065176_/ZN (INV_X1)
   0.16    0.51 ^ _094862_/ZN (NOR3_X1)
   0.06    0.57 v _096905_/Z (MUX2_X1)
   0.00    0.57 v _118679_/D (DFF_X1)
           0.57   data arrival time

   0.62    0.62   clock spi_clk (rise edge)
   0.00    0.62   clock network delay (ideal)
   0.00    0.62   clock reconvergence pessimism
           0.62 ^ _118679_/CK (DFF_X1)
  -0.04    0.58   library setup time
           0.58   data required time
---------------------------------------------------------
           0.58   data required time
          -0.57   data arrival time
---------------------------------------------------------
           0.01   slack (MET)


Startpoint: _110605_ (rising edge-triggered flip-flop clocked by spi_clk)
Endpoint: _118680_ (rising edge-triggered flip-flop clocked by spi_clk)
Path Group: spi_clk
Path Type: max

  Delay    Time   Description
---------------------------------------------------------
   0.00    0.00   clock spi_clk (rise edge)
   0.00    0.00   clock network delay (ideal)
   0.00    0.00 ^ _110605_/CK (DFF_X1)
   0.08    0.08 v _110605_/Q (DFF_X1)
   0.15    0.24 ^ _065158_/ZN (NOR3_X1)
   0.10    0.33 ^ _065175_/ZN (AND4_X1)
   0.01    0.35 v _065176_/ZN (INV_X1)
   0.16    0.51 ^ _094862_/ZN (NOR3_X1)
   0.06    0.57 v _096902_/Z (MUX2_X1)
   0.00    0.57 v _118680_/D (DFF_X1)
           0.57   data arrival time

   0.62    0.62   clock spi_clk (rise edge)
   0.00    0.62   clock network delay (ideal)
   0.00    0.62   clock reconvergence pessimism
           0.62 ^ _118680_/CK (DFF_X1)
  -0.04    0.58   library setup time
           0.58   data required time
---------------------------------------------------------
           0.58   data required time
          -0.57   data arrival time
---------------------------------------------------------
           0.01   slack (MET)


Startpoint: _110605_ (rising edge-triggered flip-flop clocked by spi_clk)
Endpoint: _118681_ (rising edge-triggered flip-flop clocked by spi_clk)
Path Group: spi_clk
Path Type: max

  Delay    Time   Description
---------------------------------------------------------
   0.00    0.00   clock spi_clk (rise edge)
   0.00    0.00   clock network delay (ideal)
   0.00    0.00 ^ _110605_/CK (DFF_X1)
   0.08    0.08 v _110605_/Q (DFF_X1)
   0.15    0.24 ^ _065158_/ZN (NOR3_X1)
   0.10    0.33 ^ _065175_/ZN (AND4_X1)
   0.01    0.35 v _065176_/ZN (INV_X1)
   0.16    0.51 ^ _094862_/ZN (NOR3_X1)
   0.06    0.57 v _096899_/Z (MUX2_X1)
   0.00    0.57 v _118681_/D (DFF_X1)
           0.57   data arrival time

   0.62    0.62   clock spi_clk (rise edge)
   0.00    0.62   clock network delay (ideal)
   0.00    0.62   clock reconvergence pessimism
           0.62 ^ _118681_/CK (DFF_X1)
  -0.04    0.58   library setup time
           0.58   data required time
---------------------------------------------------------
           0.58   data required time
          -0.57   data arrival time
---------------------------------------------------------
           0.01   slack (MET)


Startpoint: _110605_ (rising edge-triggered flip-flop clocked by spi_clk)
Endpoint: _118682_ (rising edge-triggered flip-flop clocked by spi_clk)
Path Group: spi_clk
Path Type: max

  Delay    Time   Description
---------------------------------------------------------
   0.00    0.00   clock spi_clk (rise edge)
   0.00    0.00   clock network delay (ideal)
   0.00    0.00 ^ _110605_/CK (DFF_X1)
   0.08    0.08 v _110605_/Q (DFF_X1)
   0.15    0.24 ^ _065158_/ZN (NOR3_X1)
   0.10    0.33 ^ _065175_/ZN (AND4_X1)
   0.01    0.35 v _065176_/ZN (INV_X1)
   0.16    0.51 ^ _094862_/ZN (NOR3_X1)
   0.06    0.57 v _096897_/Z (MUX2_X1)
   0.00    0.57 v _118682_/D (DFF_X1)
           0.57   data arrival time

   0.62    0.62   clock spi_clk (rise edge)
   0.00    0.62   clock network delay (ideal)
   0.00    0.62   clock reconvergence pessimism
           0.62 ^ _118682_/CK (DFF_X1)
  -0.04    0.58   library setup time
           0.58   data required time
---------------------------------------------------------
           0.58   data required time
          -0.57   data arrival time
---------------------------------------------------------
           0.01   slack (MET)


Startpoint: _110605_ (rising edge-triggered flip-flop clocked by spi_clk)
Endpoint: _118683_ (rising edge-triggered flip-flop clocked by spi_clk)
Path Group: spi_clk
Path Type: max

  Delay    Time   Description
---------------------------------------------------------
   0.00    0.00   clock spi_clk (rise edge)
   0.00    0.00   clock network delay (ideal)
   0.00    0.00 ^ _110605_/CK (DFF_X1)
   0.08    0.08 v _110605_/Q (DFF_X1)
   0.15    0.24 ^ _065158_/ZN (NOR3_X1)
   0.10    0.33 ^ _065175_/ZN (AND4_X1)
   0.01    0.35 v _065176_/ZN (INV_X1)
   0.16    0.51 ^ _094862_/ZN (NOR3_X1)
   0.06    0.57 v _096895_/Z (MUX2_X1)
   0.00    0.57 v _118683_/D (DFF_X1)
           0.57   data arrival time

   0.62    0.62   clock spi_clk (rise edge)
   0.00    0.62   clock network delay (ideal)
   0.00    0.62   clock reconvergence pessimism
           0.62 ^ _118683_/CK (DFF_X1)
  -0.04    0.58   library setup time
           0.58   data required time
---------------------------------------------------------
           0.58   data required time
          -0.57   data arrival time
---------------------------------------------------------
           0.01   slack (MET)


Startpoint: _110605_ (rising edge-triggered flip-flop clocked by spi_clk)
Endpoint: _118691_ (rising edge-triggered flip-flop clocked by spi_clk)
Path Group: spi_clk
Path Type: max

  Delay    Time   Description
---------------------------------------------------------
   0.00    0.00   clock spi_clk (rise edge)
   0.00    0.00   clock network delay (ideal)
   0.00    0.00 ^ _110605_/CK (DFF_X1)
   0.08    0.08 v _110605_/Q (DFF_X1)
   0.15    0.24 ^ _065158_/ZN (NOR3_X1)
   0.10    0.33 ^ _065175_/ZN (AND4_X1)
   0.01    0.35 v _065176_/ZN (INV_X1)
   0.16    0.51 ^ _094858_/ZN (NOR3_X1)
   0.06    0.57 v _096879_/Z (MUX2_X1)
   0.00    0.57 v _118691_/D (DFF_X1)
           0.57   data arrival time

   0.62    0.62   clock spi_clk (rise edge)
   0.00    0.62   clock network delay (ideal)
   0.00    0.62   clock reconvergence pessimism
           0.62 ^ _118691_/CK (DFF_X1)
  -0.04    0.58   library setup time
           0.58   data required time
---------------------------------------------------------
           0.58   data required time
          -0.57   data arrival time
---------------------------------------------------------
           0.01   slack (MET)


Startpoint: _110605_ (rising edge-triggered flip-flop clocked by spi_clk)
Endpoint: _118692_ (rising edge-triggered flip-flop clocked by spi_clk)
Path Group: spi_clk
Path Type: max

  Delay    Time   Description
---------------------------------------------------------
   0.00    0.00   clock spi_clk (rise edge)
   0.00    0.00   clock network delay (ideal)
   0.00    0.00 ^ _110605_/CK (DFF_X1)
   0.08    0.08 v _110605_/Q (DFF_X1)
   0.15    0.24 ^ _065158_/ZN (NOR3_X1)
   0.10    0.33 ^ _065175_/ZN (AND4_X1)
   0.01    0.35 v _065176_/ZN (INV_X1)
   0.16    0.51 ^ _094858_/ZN (NOR3_X1)
   0.06    0.57 v _096878_/Z (MUX2_X1)
   0.00    0.57 v _118692_/D (DFF_X1)
           0.57   data arrival time

   0.62    0.62   clock spi_clk (rise edge)
   0.00    0.62   clock network delay (ideal)
   0.00    0.62   clock reconvergence pessimism
           0.62 ^ _118692_/CK (DFF_X1)
  -0.04    0.58   library setup time
           0.58   data required time
---------------------------------------------------------
           0.58   data required time
          -0.57   data arrival time
---------------------------------------------------------
           0.01   slack (MET)


Startpoint: _110605_ (rising edge-triggered flip-flop clocked by spi_clk)
Endpoint: _118693_ (rising edge-triggered flip-flop clocked by spi_clk)
Path Group: spi_clk
Path Type: max

  Delay    Time   Description
---------------------------------------------------------
   0.00    0.00   clock spi_clk (rise edge)
   0.00    0.00   clock network delay (ideal)
   0.00    0.00 ^ _110605_/CK (DFF_X1)
   0.08    0.08 v _110605_/Q (DFF_X1)
   0.15    0.24 ^ _065158_/ZN (NOR3_X1)
   0.10    0.33 ^ _065175_/ZN (AND4_X1)
   0.01    0.35 v _065176_/ZN (INV_X1)
   0.16    0.51 ^ _094858_/ZN (NOR3_X1)
   0.06    0.57 v _096876_/Z (MUX2_X1)
   0.00    0.57 v _118693_/D (DFF_X1)
           0.57   data arrival time

   0.62    0.62   clock spi_clk (rise edge)
   0.00    0.62   clock network delay (ideal)
   0.00    0.62   clock reconvergence pessimism
           0.62 ^ _118693_/CK (DFF_X1)
  -0.04    0.58   library setup time
           0.58   data required time
---------------------------------------------------------
           0.58   data required time
          -0.57   data arrival time
---------------------------------------------------------
           0.01   slack (MET)


Startpoint: _110605_ (rising edge-triggered flip-flop clocked by spi_clk)
Endpoint: _118694_ (rising edge-triggered flip-flop clocked by spi_clk)
Path Group: spi_clk
Path Type: max

  Delay    Time   Description
---------------------------------------------------------
   0.00    0.00   clock spi_clk (rise edge)
   0.00    0.00   clock network delay (ideal)
   0.00    0.00 ^ _110605_/CK (DFF_X1)
   0.08    0.08 v _110605_/Q (DFF_X1)
   0.15    0.24 ^ _065158_/ZN (NOR3_X1)
   0.10    0.33 ^ _065175_/ZN (AND4_X1)
   0.01    0.35 v _065176_/ZN (INV_X1)
   0.16    0.51 ^ _094858_/ZN (NOR3_X1)
   0.06    0.57 v _096875_/Z (MUX2_X1)
   0.00    0.57 v _118694_/D (DFF_X1)
           0.57   data arrival time

   0.62    0.62   clock spi_clk (rise edge)
   0.00    0.62   clock network delay (ideal)
   0.00    0.62   clock reconvergence pessimism
           0.62 ^ _118694_/CK (DFF_X1)
  -0.04    0.58   library setup time
           0.58   data required time
---------------------------------------------------------
           0.58   data required time
          -0.57   data arrival time
---------------------------------------------------------
           0.01   slack (MET)


Startpoint: _110605_ (rising edge-triggered flip-flop clocked by spi_clk)
Endpoint: _118695_ (rising edge-triggered flip-flop clocked by spi_clk)
Path Group: spi_clk
Path Type: max

  Delay    Time   Description
---------------------------------------------------------
   0.00    0.00   clock spi_clk (rise edge)
   0.00    0.00   clock network delay (ideal)
   0.00    0.00 ^ _110605_/CK (DFF_X1)
   0.08    0.08 v _110605_/Q (DFF_X1)
   0.15    0.24 ^ _065158_/ZN (NOR3_X1)
   0.10    0.33 ^ _065175_/ZN (AND4_X1)
   0.01    0.35 v _065176_/ZN (INV_X1)
   0.16    0.51 ^ _094858_/ZN (NOR3_X1)
   0.06    0.57 v _096874_/Z (MUX2_X1)
   0.00    0.57 v _118695_/D (DFF_X1)
           0.57   data arrival time

   0.62    0.62   clock spi_clk (rise edge)
   0.00    0.62   clock network delay (ideal)
   0.00    0.62   clock reconvergence pessimism
           0.62 ^ _118695_/CK (DFF_X1)
  -0.04    0.58   library setup time
           0.58   data required time
---------------------------------------------------------
           0.58   data required time
          -0.57   data arrival time
---------------------------------------------------------
           0.01   slack (MET)


Startpoint: _110605_ (rising edge-triggered flip-flop clocked by spi_clk)
Endpoint: _118696_ (rising edge-triggered flip-flop clocked by spi_clk)
Path Group: spi_clk
Path Type: max

  Delay    Time   Description
---------------------------------------------------------
   0.00    0.00   clock spi_clk (rise edge)
   0.00    0.00   clock network delay (ideal)
   0.00    0.00 ^ _110605_/CK (DFF_X1)
   0.08    0.08 v _110605_/Q (DFF_X1)
   0.15    0.24 ^ _065158_/ZN (NOR3_X1)
   0.10    0.33 ^ _065175_/ZN (AND4_X1)
   0.01    0.35 v _065176_/ZN (INV_X1)
   0.16    0.51 ^ _094858_/ZN (NOR3_X1)
   0.06    0.57 v _096873_/Z (MUX2_X1)
   0.00    0.57 v _118696_/D (DFF_X1)
           0.57   data arrival time

   0.62    0.62   clock spi_clk (rise edge)
   0.00    0.62   clock network delay (ideal)
   0.00    0.62   clock reconvergence pessimism
           0.62 ^ _118696_/CK (DFF_X1)
  -0.04    0.58   library setup time
           0.58   data required time
---------------------------------------------------------
           0.58   data required time
          -0.57   data arrival time
---------------------------------------------------------
           0.01   slack (MET)


Startpoint: _110605_ (rising edge-triggered flip-flop clocked by spi_clk)
Endpoint: _118697_ (rising edge-triggered flip-flop clocked by spi_clk)
Path Group: spi_clk
Path Type: max

  Delay    Time   Description
---------------------------------------------------------
   0.00    0.00   clock spi_clk (rise edge)
   0.00    0.00   clock network delay (ideal)
   0.00    0.00 ^ _110605_/CK (DFF_X1)
   0.08    0.08 v _110605_/Q (DFF_X1)
   0.15    0.24 ^ _065158_/ZN (NOR3_X1)
   0.10    0.33 ^ _065175_/ZN (AND4_X1)
   0.01    0.35 v _065176_/ZN (INV_X1)
   0.16    0.51 ^ _094858_/ZN (NOR3_X1)
   0.06    0.57 v _096872_/Z (MUX2_X1)
   0.00    0.57 v _118697_/D (DFF_X1)
           0.57   data arrival time

   0.62    0.62   clock spi_clk (rise edge)
   0.00    0.62   clock network delay (ideal)
   0.00    0.62   clock reconvergence pessimism
           0.62 ^ _118697_/CK (DFF_X1)
  -0.04    0.58   library setup time
           0.58   data required time
---------------------------------------------------------
           0.58   data required time
          -0.57   data arrival time
---------------------------------------------------------
           0.01   slack (MET)


Startpoint: _110605_ (rising edge-triggered flip-flop clocked by spi_clk)
Endpoint: _119845_ (rising edge-triggered flip-flop clocked by spi_clk)
Path Group: spi_clk
Path Type: max

  Delay    Time   Description
---------------------------------------------------------
   0.00    0.00   clock spi_clk (rise edge)
   0.00    0.00   clock network delay (ideal)
   0.00    0.00 ^ _110605_/CK (DFF_X1)
   0.08    0.08 v _110605_/Q (DFF_X1)
   0.15    0.24 ^ _065158_/ZN (NOR3_X1)
   0.10    0.33 ^ _065175_/ZN (AND4_X1)
   0.01    0.35 v _065176_/ZN (INV_X1)
   0.16    0.51 ^ _094862_/ZN (NOR3_X1)
   0.06    0.57 v _094863_/Z (MUX2_X1)
   0.00    0.57 v _119845_/D (DFF_X1)
           0.57   data arrival time

   0.62    0.62   clock spi_clk (rise edge)
   0.00    0.62   clock network delay (ideal)
   0.00    0.62   clock reconvergence pessimism
           0.62 ^ _119845_/CK (DFF_X1)
  -0.04    0.58   library setup time
           0.58   data required time
---------------------------------------------------------
           0.58   data required time
          -0.57   data arrival time
---------------------------------------------------------
           0.01   slack (MET)


Startpoint: _110605_ (rising edge-triggered flip-flop clocked by spi_clk)
Endpoint: _119847_ (rising edge-triggered flip-flop clocked by spi_clk)
Path Group: spi_clk
Path Type: max

  Delay    Time   Description
---------------------------------------------------------
   0.00    0.00   clock spi_clk (rise edge)
   0.00    0.00   clock network delay (ideal)
   0.00    0.00 ^ _110605_/CK (DFF_X1)
   0.08    0.08 v _110605_/Q (DFF_X1)
   0.15    0.24 ^ _065158_/ZN (NOR3_X1)
   0.10    0.33 ^ _065175_/ZN (AND4_X1)
   0.01    0.35 v _065176_/ZN (INV_X1)
   0.16    0.51 ^ _094858_/ZN (NOR3_X1)
   0.06    0.57 v _094859_/Z (MUX2_X1)
   0.00    0.57 v _119847_/D (DFF_X1)
           0.57   data arrival time

   0.62    0.62   clock spi_clk (rise edge)
   0.00    0.62   clock network delay (ideal)
   0.00    0.62   clock reconvergence pessimism
           0.62 ^ _119847_/CK (DFF_X1)
  -0.04    0.58   library setup time
           0.58   data required time
---------------------------------------------------------
           0.58   data required time
          -0.57   data arrival time
---------------------------------------------------------
           0.01   slack (MET)


Startpoint: _110448_ (rising edge-triggered flip-flop clocked by spi_clk)
Endpoint: _110457_ (rising edge-triggered flip-flop clocked by spi_clk)
Path Group: spi_clk
Path Type: max

  Delay    Time   Description
---------------------------------------------------------
   0.00    0.00   clock spi_clk (rise edge)
   0.00    0.00   clock network delay (ideal)
   0.00    0.00 ^ _110448_/CK (DFF_X1)
   0.08    0.08 v _110448_/Q (DFF_X1)
   0.05    0.13 ^ _106433_/ZN (AOI21_X1)
   0.01    0.14 v _106434_/ZN (INV_X1)
   0.04    0.18 ^ _106435_/ZN (AOI21_X1)
   0.01    0.19 v _106436_/ZN (INV_X1)
   0.04    0.24 ^ _106437_/ZN (AOI21_X1)
   0.02    0.25 v _106438_/ZN (NOR2_X1)
   0.04    0.29 ^ _106439_/ZN (OAI21_X1)
   0.02    0.31 v _106440_/ZN (NAND2_X1)
   0.03    0.34 v _106441_/ZN (AND2_X1)
   0.04    0.38 ^ _106442_/ZN (NOR2_X1)
   0.02    0.40 v _106443_/ZN (OAI21_X1)
   0.04    0.44 v _106444_/ZN (AND2_X1)
   0.04    0.48 ^ _106445_/ZN (OAI21_X1)
   0.02    0.50 v _106446_/ZN (NAND2_X1)
   0.03    0.53 v _106447_/ZN (AND2_X1)
   0.03    0.56 ^ _106449_/ZN (OAI22_X1)
   0.00    0.56 ^ _110457_/D (DFF_X1)
           0.56   data arrival time

   0.62    0.62   clock spi_clk (rise edge)
   0.00    0.62   clock network delay (ideal)
   0.00    0.62   clock reconvergence pessimism
           0.62 ^ _110457_/CK (DFF_X1)
  -0.04    0.58   library setup time
           0.58   data required time
---------------------------------------------------------
           0.58   data required time
          -0.56   data arrival time
---------------------------------------------------------
           0.02   slack (MET)


Startpoint: _110454_ (rising edge-triggered flip-flop clocked by spi_clk)
Endpoint: _125365_ (rising edge-triggered flip-flop clocked by spi_clk)
Path Group: spi_clk
Path Type: max

  Delay    Time   Description
---------------------------------------------------------
   0.00    0.00   clock spi_clk (rise edge)
   0.00    0.00   clock network delay (ideal)
   0.00    0.00 ^ _110454_/CK (DFF_X1)
   0.08    0.08 v _110454_/Q (DFF_X1)
   0.08    0.16 ^ _076116_/ZN (NOR4_X1)
   0.05    0.21 v _076118_/ZN (NAND3_X1)
   0.12    0.33 ^ _076122_/ZN (NOR2_X1)
   0.08    0.40 v _076143_/ZN (AOI21_X1)
   0.08    0.49 ^ _076155_/ZN (AOI211_X1)
   0.02    0.51 v _076156_/ZN (AOI221_X1)
   0.04    0.54 ^ _076157_/ZN (NOR2_X1)
   0.00    0.54 ^ _125365_/D (DFF_X1)
           0.54   data arrival time

   0.62    0.62   clock spi_clk (rise edge)
   0.00    0.62   clock network delay (ideal)
   0.00    0.62   clock reconvergence pessimism
           0.62 ^ _125365_/CK (DFF_X1)
  -0.03    0.59   library setup time
           0.59   data required time
---------------------------------------------------------
           0.59   data required time
          -0.54   data arrival time
---------------------------------------------------------
           0.04   slack (MET)


Startpoint: _110454_ (rising edge-triggered flip-flop clocked by spi_clk)
Endpoint: _125360_ (rising edge-triggered flip-flop clocked by spi_clk)
Path Group: spi_clk
Path Type: max

  Delay    Time   Description
---------------------------------------------------------
   0.00    0.00   clock spi_clk (rise edge)
   0.00    0.00   clock network delay (ideal)
   0.00    0.00 ^ _110454_/CK (DFF_X1)
   0.08    0.08 v _110454_/Q (DFF_X1)
   0.08    0.16 ^ _076116_/ZN (NOR4_X1)
   0.05    0.21 v _076118_/ZN (NAND3_X1)
   0.12    0.33 ^ _076122_/ZN (NOR2_X1)
   0.08    0.40 v _076143_/ZN (AOI21_X1)
   0.08    0.49 ^ _076190_/ZN (AOI211_X1)
   0.02    0.51 v _076191_/ZN (AOI221_X1)
   0.03    0.54 ^ _076192_/ZN (NOR2_X1)
   0.00    0.54 ^ _125360_/D (DFF_X1)
           0.54   data arrival time

   0.62    0.62   clock spi_clk (rise edge)
   0.00    0.62   clock network delay (ideal)
   0.00    0.62   clock reconvergence pessimism
           0.62 ^ _125360_/CK (DFF_X1)
  -0.03    0.59   library setup time
           0.59   data required time
---------------------------------------------------------
           0.59   data required time
          -0.54   data arrival time
---------------------------------------------------------
           0.05   slack (MET)


Startpoint: spi_rst (input port clocked by spi_clk)
Endpoint: _125110_ (rising edge-triggered flip-flop clocked by spi_div16)
Path Group: spi_div16
Path Type: max

  Delay    Time   Description
---------------------------------------------------------
   9.30    9.30   clock spi_clk (rise edge)
   0.00    9.30   clock network delay (ideal)
   0.00    9.30 v input external delay
   0.00    9.30 v spi_rst (in)
   0.11    9.41 ^ _064259_/ZN (INV_X1)
   0.03    9.44 v _077274_/ZN (OAI21_X1)
   0.04    9.48 ^ _077275_/ZN (AOI21_X1)
   0.00    9.48 ^ _125110_/D (DFF_X1)
           9.48   data arrival time

   9.92    9.92   clock spi_div16 (rise edge)
   0.00    9.92   clock network delay (ideal)
   0.00    9.92   clock reconvergence pessimism
           9.92 ^ _125110_/CK (DFF_X1)
  -0.03    9.89   library setup time
           9.89   data required time
---------------------------------------------------------
           9.89   data required time
          -9.48   data arrival time
---------------------------------------------------------
           0.40   slack (MET)


Startpoint: spi_rst (input port clocked by spi_clk)
Endpoint: _125107_ (rising edge-triggered flip-flop clocked by spi_div16)
Path Group: spi_div16
Path Type: max

  Delay    Time   Description
---------------------------------------------------------
   9.30    9.30   clock spi_clk (rise edge)
   0.00    9.30   clock network delay (ideal)
   0.00    9.30 v input external delay
   0.00    9.30 v spi_rst (in)
   0.11    9.41 ^ _064259_/ZN (INV_X1)
   0.03    9.44 v _077280_/ZN (OAI21_X1)
   0.03    9.47 ^ _077281_/ZN (NOR2_X1)
   0.00    9.47 ^ _125107_/D (DFF_X1)
           9.47   data arrival time

   9.92    9.92   clock spi_div16 (rise edge)
   0.00    9.92   clock network delay (ideal)
   0.00    9.92   clock reconvergence pessimism
           9.92 ^ _125107_/CK (DFF_X1)
  -0.03    9.89   library setup time
           9.89   data required time
---------------------------------------------------------
           9.89   data required time
          -9.47   data arrival time
---------------------------------------------------------
           0.42   slack (MET)


Startpoint: spi_rst (input port clocked by spi_clk)
Endpoint: _125108_ (rising edge-triggered flip-flop clocked by spi_div16)
Path Group: spi_div16
Path Type: max

  Delay    Time   Description
---------------------------------------------------------
   9.30    9.30   clock spi_clk (rise edge)
   0.00    9.30   clock network delay (ideal)
   0.00    9.30 v input external delay
   0.00    9.30 v spi_rst (in)
   0.11    9.41 ^ _064259_/ZN (INV_X1)
   0.03    9.44 v _077278_/ZN (OAI21_X1)
   0.03    9.47 ^ _077279_/ZN (NOR2_X1)
   0.00    9.47 ^ _125108_/D (DFF_X1)
           9.47   data arrival time

   9.92    9.92   clock spi_div16 (rise edge)
   0.00    9.92   clock network delay (ideal)
   0.00    9.92   clock reconvergence pessimism
           9.92 ^ _125108_/CK (DFF_X1)
  -0.03    9.89   library setup time
           9.89   data required time
---------------------------------------------------------
           9.89   data required time
          -9.47   data arrival time
---------------------------------------------------------
           0.42   slack (MET)


Startpoint: spi_rst (input port clocked by spi_clk)
Endpoint: _125109_ (rising edge-triggered flip-flop clocked by spi_div16)
Path Group: spi_div16
Path Type: max

  Delay    Time   Description
---------------------------------------------------------
   9.30    9.30   clock spi_clk (rise edge)
   0.00    9.30   clock network delay (ideal)
   0.00    9.30 v input external delay
   0.00    9.30 v spi_rst (in)
   0.11    9.41 ^ _064259_/ZN (INV_X1)
   0.03    9.44 v _077276_/ZN (OAI21_X1)
   0.03    9.47 ^ _077277_/ZN (NOR2_X1)
   0.00    9.47 ^ _125109_/D (DFF_X1)
           9.47   data arrival time

   9.92    9.92   clock spi_div16 (rise edge)
   0.00    9.92   clock network delay (ideal)
   0.00    9.92   clock reconvergence pessimism
           9.92 ^ _125109_/CK (DFF_X1)
  -0.03    9.89   library setup time
           9.89   data required time
---------------------------------------------------------
           9.89   data required time
          -9.47   data arrival time
---------------------------------------------------------
           0.42   slack (MET)


Startpoint: spi_rst (input port clocked by spi_clk)
Endpoint: _125104_ (rising edge-triggered flip-flop clocked by spi_div16)
Path Group: spi_div16
Path Type: max

  Delay    Time   Description
---------------------------------------------------------
   9.30    9.30   clock spi_clk (rise edge)
   0.00    9.30   clock network delay (ideal)
   0.00    9.30 v input external delay
   0.00    9.30 v spi_rst (in)
   0.11    9.41 ^ _064259_/ZN (INV_X1)
   0.05    9.46 ^ _077286_/ZN (AND2_X1)
   0.00    9.46 ^ _125104_/D (DFF_X1)
           9.46   data arrival time

   9.92    9.92   clock spi_div16 (rise edge)
   0.00    9.92   clock network delay (ideal)
   0.00    9.92   clock reconvergence pessimism
           9.92 ^ _125104_/CK (DFF_X1)
  -0.03    9.89   library setup time
           9.89   data required time
---------------------------------------------------------
           9.89   data required time
          -9.46   data arrival time
---------------------------------------------------------
           0.43   slack (MET)


Startpoint: spi_rst (input port clocked by spi_clk)
Endpoint: _125105_ (rising edge-triggered flip-flop clocked by spi_div16)
Path Group: spi_div16
Path Type: max

  Delay    Time   Description
---------------------------------------------------------
   9.30    9.30   clock spi_clk (rise edge)
   0.00    9.30   clock network delay (ideal)
   0.00    9.30 v input external delay
   0.00    9.30 v spi_rst (in)
   0.03    9.33 ^ _077188_/ZN (NOR2_X1)
   0.01    9.34 v _077284_/ZN (NOR2_X1)
   0.04    9.38 ^ _077285_/ZN (AOI21_X1)
   0.00    9.38 ^ _125105_/D (DFF_X1)
           9.38   data arrival time

   9.92    9.92   clock spi_div16 (rise edge)
   0.00    9.92   clock network delay (ideal)
   0.00    9.92   clock reconvergence pessimism
           9.92 ^ _125105_/CK (DFF_X1)
  -0.03    9.89   library setup time
           9.89   data required time
---------------------------------------------------------
           9.89   data required time
          -9.38   data arrival time
---------------------------------------------------------
           0.51   slack (MET)


Startpoint: spi_rst (input port clocked by spi_clk)
Endpoint: _125106_ (rising edge-triggered flip-flop clocked by spi_div16)
Path Group: spi_div16
Path Type: max

  Delay    Time   Description
---------------------------------------------------------
   9.30    9.30   clock spi_clk (rise edge)
   0.00    9.30   clock network delay (ideal)
   0.00    9.30 v input external delay
   0.00    9.30 v spi_rst (in)
   0.03    9.33 ^ _077283_/ZN (NOR3_X1)
   0.00    9.33 ^ _125106_/D (DFF_X1)
           9.33   data arrival time

   9.92    9.92   clock spi_div16 (rise edge)
   0.00    9.92   clock network delay (ideal)
   0.00    9.92   clock reconvergence pessimism
           9.92 ^ _125106_/CK (DFF_X1)
  -0.04    9.88   library setup time
           9.88   data required time
---------------------------------------------------------
           9.88   data required time
          -9.33   data arrival time
---------------------------------------------------------
           0.56   slack (MET)


Startpoint: spi_rst (input port clocked by spi_clk)
Endpoint: _125111_ (rising edge-triggered flip-flop clocked by spi_div16)
Path Group: spi_div16
Path Type: max

  Delay    Time   Description
---------------------------------------------------------
   9.30    9.30   clock spi_clk (rise edge)
   0.00    9.30   clock network delay (ideal)
   0.00    9.30 v input external delay
   0.00    9.30 v spi_rst (in)
   0.02    9.32 ^ _109874_/ZN (NOR2_X1)
   0.00    9.32 ^ _125111_/D (DFF_X1)
           9.32   data arrival time

   9.92    9.92   clock spi_div16 (rise edge)
   0.00    9.92   clock network delay (ideal)
   0.00    9.92   clock reconvergence pessimism
           9.92 ^ _125111_/CK (DFF_X1)
  -0.03    9.89   library setup time
           9.89   data required time
---------------------------------------------------------
           9.89   data required time
          -9.32   data arrival time
---------------------------------------------------------
           0.57   slack (MET)


Startpoint: _125141_ (rising edge-triggered flip-flop clocked by uart_clk)
Endpoint: _125882_ (rising edge-triggered flip-flop clocked by uart_clk)
Path Group: uart_clk
Path Type: max

  Delay    Time   Description
---------------------------------------------------------
   0.00    0.00   clock uart_clk (rise edge)
   0.00    0.00   clock network delay (ideal)
   0.00    0.00 ^ _125141_/CK (DFF_X1)
   0.08    0.08 v _125141_/Q (DFF_X1)
   0.11    0.19 v _066207_/ZN (OR4_X1)
   0.05    0.25 ^ _066208_/ZN (NOR3_X1)
   0.03    0.28 v _066211_/ZN (NAND3_X1)
   0.08    0.35 ^ _066216_/ZN (OAI21_X1)
   0.13    0.48 ^ _066217_/ZN (AND3_X1)
   0.08    0.57 ^ _066219_/ZN (AND3_X1)
   0.10    0.67 v _066221_/ZN (NAND3_X1)
   0.09    0.76 v _066222_/Z (XOR2_X1)
   0.06    0.82 v _066227_/Z (XOR2_X1)
   0.06    0.87 v _109940_/Z (XOR2_X1)
   0.03    0.90 ^ _109946_/ZN (NOR3_X1)
   0.00    0.90 ^ _125882_/D (DFFR_X1)
           0.90   data arrival time

   0.96    0.96   clock uart_clk (rise edge)
   0.00    0.96   clock network delay (ideal)
   0.00    0.96   clock reconvergence pessimism
           0.96 ^ _125882_/CK (DFFR_X1)
  -0.04    0.92   library setup time
           0.92   data required time
---------------------------------------------------------
           0.92   data required time
          -0.90   data arrival time
---------------------------------------------------------
           0.02   slack (MET)


Startpoint: _125141_ (rising edge-triggered flip-flop clocked by uart_clk)
Endpoint: _125886_ (rising edge-triggered flip-flop clocked by uart_clk)
Path Group: uart_clk
Path Type: max

  Delay    Time   Description
---------------------------------------------------------
   0.00    0.00   clock uart_clk (rise edge)
   0.00    0.00   clock network delay (ideal)
   0.00    0.00 ^ _125141_/CK (DFF_X1)
   0.08    0.08 v _125141_/Q (DFF_X1)
   0.11    0.19 v _066207_/ZN (OR4_X1)
   0.05    0.25 ^ _066208_/ZN (NOR3_X1)
   0.03    0.28 v _066211_/ZN (NAND3_X1)
   0.08    0.35 ^ _066216_/ZN (OAI21_X1)
   0.13    0.48 ^ _066217_/ZN (AND3_X1)
   0.08    0.57 ^ _066219_/ZN (AND3_X1)
   0.10    0.67 v _066221_/ZN (NAND3_X1)
   0.09    0.76 v _066222_/Z (XOR2_X1)
   0.06    0.82 v _066227_/Z (XOR2_X1)
   0.00    0.82 v _125886_/D (DFFR_X1)
           0.82   data arrival time

   0.96    0.96   clock uart_clk (rise edge)
   0.00    0.96   clock network delay (ideal)
   0.00    0.96   clock reconvergence pessimism
           0.96 ^ _125886_/CK (DFFR_X1)
  -0.04    0.92   library setup time
           0.92   data required time
---------------------------------------------------------
           0.92   data required time
          -0.82   data arrival time
---------------------------------------------------------
           0.10   slack (MET)


Startpoint: _120166_ (rising edge-triggered flip-flop clocked by uart_clk)
Endpoint: _125146_ (rising edge-triggered flip-flop clocked by uart_clk)
Path Group: uart_clk
Path Type: max

  Delay    Time   Description
---------------------------------------------------------
   0.00    0.00   clock uart_clk (rise edge)
   0.00    0.00   clock network delay (ideal)
   0.00    0.00 ^ _120166_/CK (DFF_X1)
   0.07    0.07 v _120166_/QN (DFF_X1)
   0.14    0.22 ^ _066205_/ZN (NOR2_X1)
   0.05    0.26 ^ _077193_/ZN (OR3_X1)
   0.05    0.32 ^ _077203_/ZN (AND3_X1)
   0.04    0.36 ^ _077204_/ZN (AND2_X1)
   0.04    0.40 ^ _077205_/ZN (AND2_X1)
   0.04    0.44 ^ _077206_/ZN (AND2_X1)
   0.04    0.48 ^ _077207_/ZN (AND2_X1)
   0.04    0.52 ^ _077208_/ZN (AND2_X1)
   0.04    0.56 ^ _077209_/ZN (AND2_X1)
   0.04    0.60 ^ _077210_/ZN (AND2_X1)
   0.04    0.64 ^ _077211_/ZN (AND2_X1)
   0.04    0.68 ^ _077212_/ZN (AND2_X1)
   0.05    0.73 ^ _077213_/ZN (AND2_X1)
   0.02    0.74 v _077214_/ZN (NAND2_X1)
   0.05    0.80 v _109410_/Z (XOR2_X1)
   0.03    0.82 ^ _109411_/ZN (NOR2_X1)
   0.00    0.82 ^ _125146_/D (DFF_X1)
           0.82   data arrival time

   0.96    0.96   clock uart_clk (rise edge)
   0.00    0.96   clock network delay (ideal)
   0.00    0.96   clock reconvergence pessimism
           0.96 ^ _125146_/CK (DFF_X1)
  -0.03    0.93   library setup time
           0.93   data required time
---------------------------------------------------------
           0.93   data required time
          -0.82   data arrival time
---------------------------------------------------------
           0.10   slack (MET)


Startpoint: _110351_ (rising edge-triggered flip-flop clocked by uart_clk)
Endpoint: _110621_ (rising edge-triggered flip-flop clocked by uart_clk)
Path Group: uart_clk
Path Type: max

  Delay    Time   Description
---------------------------------------------------------
   0.00    0.00   clock uart_clk (rise edge)
   0.00    0.00   clock network delay (ideal)
   0.00    0.00 ^ _110351_/CK (DFFR_X1)
   0.51    0.51 ^ _110351_/Q (DFFR_X1)
   0.13    0.64 v _064298_/ZN (INV_X1)
   0.06    0.70 ^ _094642_/ZN (OAI21_X1)
   0.02    0.73 v _094643_/ZN (OAI21_X1)
   0.05    0.78 ^ _094644_/ZN (OAI221_X1)
   0.02    0.80 v _094657_/ZN (AOI21_X1)
   0.00    0.80 v _110621_/D (DFF_X1)
           0.80   data arrival time

   0.96    0.96   clock uart_clk (rise edge)
   0.00    0.96   clock network delay (ideal)
   0.00    0.96   clock reconvergence pessimism
           0.96 ^ _110621_/CK (DFF_X1)
  -0.04    0.92   library setup time
           0.92   data required time
---------------------------------------------------------
           0.92   data required time
          -0.80   data arrival time
---------------------------------------------------------
           0.12   slack (MET)


Startpoint: _110351_ (rising edge-triggered flip-flop clocked by uart_clk)
Endpoint: _110344_ (rising edge-triggered flip-flop clocked by uart_clk)
Path Group: uart_clk
Path Type: max

  Delay    Time   Description
---------------------------------------------------------
   0.00    0.00   clock uart_clk (rise edge)
   0.00    0.00   clock network delay (ideal)
   0.00    0.00 ^ _110351_/CK (DFFR_X1)
   0.51    0.51 ^ _110351_/Q (DFFR_X1)
   0.12    0.63 ^ _065603_/ZN (AND3_X1)
   0.02    0.65 v _065604_/ZN (NAND2_X1)
   0.05    0.70 v _065605_/ZN (XNOR2_X1)
   0.06    0.75 v _110085_/Z (XOR2_X1)
   0.05    0.80 ^ _110086_/ZN (NOR3_X1)
   0.00    0.80 ^ _110344_/D (DFFS_X1)
           0.80   data arrival time

   0.96    0.96   clock uart_clk (rise edge)
   0.00    0.96   clock network delay (ideal)
   0.00    0.96   clock reconvergence pessimism
           0.96 ^ _110344_/CK (DFFS_X1)
  -0.03    0.93   library setup time
           0.93   data required time
---------------------------------------------------------
           0.93   data required time
          -0.80   data arrival time
---------------------------------------------------------
           0.13   slack (MET)


Startpoint: _110351_ (rising edge-triggered flip-flop clocked by uart_clk)
Endpoint: _110622_ (rising edge-triggered flip-flop clocked by uart_clk)
Path Group: uart_clk
Path Type: max

  Delay    Time   Description
---------------------------------------------------------
   0.00    0.00   clock uart_clk (rise edge)
   0.00    0.00   clock network delay (ideal)
   0.00    0.00 ^ _110351_/CK (DFFR_X1)
   0.51    0.51 ^ _110351_/Q (DFFR_X1)
   0.13    0.64 v _064298_/ZN (INV_X1)
   0.06    0.70 ^ _094611_/ZN (NOR2_X1)
   0.02    0.72 v _094615_/ZN (OAI21_X1)
   0.05    0.77 ^ _094621_/ZN (OAI221_X1)
   0.02    0.79 v _094635_/ZN (AOI21_X1)
   0.00    0.79 v _110622_/D (DFF_X1)
           0.79   data arrival time

   0.96    0.96   clock uart_clk (rise edge)
   0.00    0.96   clock network delay (ideal)
   0.00    0.96   clock reconvergence pessimism
           0.96 ^ _110622_/CK (DFF_X1)
  -0.04    0.92   library setup time
           0.92   data required time
---------------------------------------------------------
           0.92   data required time
          -0.79   data arrival time
---------------------------------------------------------
           0.13   slack (MET)


Startpoint: _110351_ (rising edge-triggered flip-flop clocked by uart_clk)
Endpoint: _110623_ (rising edge-triggered flip-flop clocked by uart_clk)
Path Group: uart_clk
Path Type: max

  Delay    Time   Description
---------------------------------------------------------
   0.00    0.00   clock uart_clk (rise edge)
   0.00    0.00   clock network delay (ideal)
   0.00    0.00 ^ _110351_/CK (DFFR_X1)
   0.51    0.51 ^ _110351_/Q (DFFR_X1)
   0.13    0.64 v _064298_/ZN (INV_X1)
   0.06    0.70 ^ _094585_/ZN (NOR2_X1)
   0.02    0.72 v _094589_/ZN (OAI21_X1)
   0.05    0.77 ^ _094595_/ZN (OAI221_X1)
   0.02    0.79 v _094609_/ZN (AOI21_X1)
   0.00    0.79 v _110623_/D (DFF_X1)
           0.79   data arrival time

   0.96    0.96   clock uart_clk (rise edge)
   0.00    0.96   clock network delay (ideal)
   0.00    0.96   clock reconvergence pessimism
           0.96 ^ _110623_/CK (DFF_X1)
  -0.04    0.92   library setup time
           0.92   data required time
---------------------------------------------------------
           0.92   data required time
          -0.79   data arrival time
---------------------------------------------------------
           0.13   slack (MET)


Startpoint: _110351_ (rising edge-triggered flip-flop clocked by uart_clk)
Endpoint: _110624_ (rising edge-triggered flip-flop clocked by uart_clk)
Path Group: uart_clk
Path Type: max

  Delay    Time   Description
---------------------------------------------------------
   0.00    0.00   clock uart_clk (rise edge)
   0.00    0.00   clock network delay (ideal)
   0.00    0.00 ^ _110351_/CK (DFFR_X1)
   0.51    0.51 ^ _110351_/Q (DFFR_X1)
   0.13    0.64 v _064298_/ZN (INV_X1)
   0.06    0.70 ^ _094557_/ZN (NOR2_X1)
   0.02    0.72 v _094561_/ZN (OAI21_X1)
   0.05    0.77 ^ _094567_/ZN (OAI221_X1)
   0.02    0.79 v _094581_/ZN (AOI21_X1)
   0.00    0.79 v _110624_/D (DFF_X1)
           0.79   data arrival time

   0.96    0.96   clock uart_clk (rise edge)
   0.00    0.96   clock network delay (ideal)
   0.00    0.96   clock reconvergence pessimism
           0.96 ^ _110624_/CK (DFF_X1)
  -0.04    0.92   library setup time
           0.92   data required time
---------------------------------------------------------
           0.92   data required time
          -0.79   data arrival time
---------------------------------------------------------
           0.13   slack (MET)


Startpoint: _110351_ (rising edge-triggered flip-flop clocked by uart_clk)
Endpoint: _110625_ (rising edge-triggered flip-flop clocked by uart_clk)
Path Group: uart_clk
Path Type: max

  Delay    Time   Description
---------------------------------------------------------
   0.00    0.00   clock uart_clk (rise edge)
   0.00    0.00   clock network delay (ideal)
   0.00    0.00 ^ _110351_/CK (DFFR_X1)
   0.51    0.51 ^ _110351_/Q (DFFR_X1)
   0.13    0.64 v _064298_/ZN (INV_X1)
   0.06    0.70 ^ _094531_/ZN (NOR2_X1)
   0.02    0.72 v _094535_/ZN (OAI21_X1)
   0.05    0.77 ^ _094541_/ZN (OAI221_X1)
   0.02    0.79 v _094555_/ZN (AOI21_X1)
   0.00    0.79 v _110625_/D (DFF_X1)
           0.79   data arrival time

   0.96    0.96   clock uart_clk (rise edge)
   0.00    0.96   clock network delay (ideal)
   0.00    0.96   clock reconvergence pessimism
           0.96 ^ _110625_/CK (DFF_X1)
  -0.04    0.92   library setup time
           0.92   data required time
---------------------------------------------------------
           0.92   data required time
          -0.79   data arrival time
---------------------------------------------------------
           0.13   slack (MET)


Startpoint: _110351_ (rising edge-triggered flip-flop clocked by uart_clk)
Endpoint: _110626_ (rising edge-triggered flip-flop clocked by uart_clk)
Path Group: uart_clk
Path Type: max

  Delay    Time   Description
---------------------------------------------------------
   0.00    0.00   clock uart_clk (rise edge)
   0.00    0.00   clock network delay (ideal)
   0.00    0.00 ^ _110351_/CK (DFFR_X1)
   0.51    0.51 ^ _110351_/Q (DFFR_X1)
   0.13    0.64 v _064298_/ZN (INV_X1)
   0.06    0.70 ^ _094506_/ZN (NOR2_X1)
   0.02    0.72 v _094510_/ZN (OAI21_X1)
   0.05    0.77 ^ _094516_/ZN (OAI221_X1)
   0.02    0.79 v _094530_/ZN (AOI21_X1)
   0.00    0.79 v _110626_/D (DFF_X1)
           0.79   data arrival time

   0.96    0.96   clock uart_clk (rise edge)
   0.00    0.96   clock network delay (ideal)
   0.00    0.96   clock reconvergence pessimism
           0.96 ^ _110626_/CK (DFF_X1)
  -0.04    0.92   library setup time
           0.92   data required time
---------------------------------------------------------
           0.92   data required time
          -0.79   data arrival time
---------------------------------------------------------
           0.13   slack (MET)


Startpoint: _110351_ (rising edge-triggered flip-flop clocked by uart_clk)
Endpoint: _110627_ (rising edge-triggered flip-flop clocked by uart_clk)
Path Group: uart_clk
Path Type: max

  Delay    Time   Description
---------------------------------------------------------
   0.00    0.00   clock uart_clk (rise edge)
   0.00    0.00   clock network delay (ideal)
   0.00    0.00 ^ _110351_/CK (DFFR_X1)
   0.51    0.51 ^ _110351_/Q (DFFR_X1)
   0.13    0.64 v _064298_/ZN (INV_X1)
   0.06    0.70 ^ _094479_/ZN (NOR2_X1)
   0.02    0.72 v _094483_/ZN (OAI21_X1)
   0.05    0.77 ^ _094489_/ZN (OAI221_X1)
   0.02    0.79 v _094503_/ZN (AOI21_X1)
   0.00    0.79 v _110627_/D (DFF_X1)
           0.79   data arrival time

   0.96    0.96   clock uart_clk (rise edge)
   0.00    0.96   clock network delay (ideal)
   0.00    0.96   clock reconvergence pessimism
           0.96 ^ _110627_/CK (DFF_X1)
  -0.04    0.92   library setup time
           0.92   data required time
---------------------------------------------------------
           0.92   data required time
          -0.79   data arrival time
---------------------------------------------------------
           0.13   slack (MET)


Startpoint: _110351_ (rising edge-triggered flip-flop clocked by uart_clk)
Endpoint: _110628_ (rising edge-triggered flip-flop clocked by uart_clk)
Path Group: uart_clk
Path Type: max

  Delay    Time   Description
---------------------------------------------------------
   0.00    0.00   clock uart_clk (rise edge)
   0.00    0.00   clock network delay (ideal)
   0.00    0.00 ^ _110351_/CK (DFFR_X1)
   0.51    0.51 ^ _110351_/Q (DFFR_X1)
   0.13    0.64 v _064298_/ZN (INV_X1)
   0.06    0.70 ^ _078814_/ZN (NOR2_X1)
   0.02    0.72 v _078818_/ZN (OAI21_X1)
   0.05    0.77 ^ _078824_/ZN (OAI221_X1)
   0.02    0.79 v _078838_/ZN (AOI21_X1)
   0.00    0.79 v _110628_/D (DFF_X1)
           0.79   data arrival time

   0.96    0.96   clock uart_clk (rise edge)
   0.00    0.96   clock network delay (ideal)
   0.00    0.96   clock reconvergence pessimism
           0.96 ^ _110628_/CK (DFF_X1)
  -0.04    0.92   library setup time
           0.92   data required time
---------------------------------------------------------
           0.92   data required time
          -0.79   data arrival time
---------------------------------------------------------
           0.13   slack (MET)


Startpoint: _120166_ (rising edge-triggered flip-flop clocked by uart_clk)
Endpoint: _125145_ (rising edge-triggered flip-flop clocked by uart_clk)
Path Group: uart_clk
Path Type: max

  Delay    Time   Description
---------------------------------------------------------
   0.00    0.00   clock uart_clk (rise edge)
   0.00    0.00   clock network delay (ideal)
   0.00    0.00 ^ _120166_/CK (DFF_X1)
   0.07    0.07 v _120166_/QN (DFF_X1)
   0.14    0.22 ^ _066205_/ZN (NOR2_X1)
   0.05    0.26 ^ _077193_/ZN (OR3_X1)
   0.05    0.32 ^ _077203_/ZN (AND3_X1)
   0.04    0.36 ^ _077204_/ZN (AND2_X1)
   0.04    0.40 ^ _077205_/ZN (AND2_X1)
   0.04    0.44 ^ _077206_/ZN (AND2_X1)
   0.04    0.48 ^ _077207_/ZN (AND2_X1)
   0.04    0.52 ^ _077208_/ZN (AND2_X1)
   0.04    0.56 ^ _077209_/ZN (AND2_X1)
   0.04    0.60 ^ _077210_/ZN (AND2_X1)
   0.04    0.64 ^ _077211_/ZN (AND2_X1)
   0.04    0.68 ^ _077212_/ZN (AND2_X1)
   0.05    0.73 ^ _077213_/ZN (AND2_X1)
   0.02    0.74 v _077217_/ZN (OAI21_X1)
   0.04    0.78 ^ _077218_/ZN (AOI21_X1)
   0.00    0.78 ^ _125145_/D (DFF_X1)
           0.78   data arrival time

   0.96    0.96   clock uart_clk (rise edge)
   0.00    0.96   clock network delay (ideal)
   0.00    0.96   clock reconvergence pessimism
           0.96 ^ _125145_/CK (DFF_X1)
  -0.03    0.93   library setup time
           0.93   data required time
---------------------------------------------------------
           0.93   data required time
          -0.78   data arrival time
---------------------------------------------------------
           0.15   slack (MET)


Startpoint: _125141_ (rising edge-triggered flip-flop clocked by uart_clk)
Endpoint: _125887_ (rising edge-triggered flip-flop clocked by uart_clk)
Path Group: uart_clk
Path Type: max

  Delay    Time   Description
---------------------------------------------------------
   0.00    0.00   clock uart_clk (rise edge)
   0.00    0.00   clock network delay (ideal)
   0.00    0.00 ^ _125141_/CK (DFF_X1)
   0.08    0.08 v _125141_/Q (DFF_X1)
   0.11    0.19 v _066207_/ZN (OR4_X1)
   0.05    0.25 ^ _066208_/ZN (NOR3_X1)
   0.03    0.28 v _066211_/ZN (NAND3_X1)
   0.08    0.35 ^ _066216_/ZN (OAI21_X1)
   0.13    0.48 ^ _066217_/ZN (AND3_X1)
   0.08    0.57 ^ _066219_/ZN (AND3_X1)
   0.10    0.67 v _066221_/ZN (NAND3_X1)
   0.09    0.76 v _066222_/Z (XOR2_X1)
   0.02    0.77 ^ _066223_/ZN (INV_X1)
   0.00    0.77 ^ _125887_/D (DFFR_X1)
           0.77   data arrival time

   0.96    0.96   clock uart_clk (rise edge)
   0.00    0.96   clock network delay (ideal)
   0.00    0.96   clock reconvergence pessimism
           0.96 ^ _125887_/CK (DFFR_X1)
  -0.03    0.93   library setup time
           0.93   data required time
---------------------------------------------------------
           0.93   data required time
          -0.77   data arrival time
---------------------------------------------------------
           0.16   slack (MET)


Startpoint: _125141_ (rising edge-triggered flip-flop clocked by uart_clk)
Endpoint: _120054_ (rising edge-triggered flip-flop clocked by uart_clk)
Path Group: uart_clk
Path Type: max

  Delay    Time   Description
---------------------------------------------------------
   0.00    0.00   clock uart_clk (rise edge)
   0.00    0.00   clock network delay (ideal)
   0.00    0.00 ^ _125141_/CK (DFF_X1)
   0.08    0.08 v _125141_/Q (DFF_X1)
   0.11    0.19 v _066207_/ZN (OR4_X1)
   0.05    0.25 ^ _066208_/ZN (NOR3_X1)
   0.03    0.28 v _066211_/ZN (NAND3_X1)
   0.08    0.35 ^ _066216_/ZN (OAI21_X1)
   0.13    0.48 ^ _066217_/ZN (AND3_X1)
   0.03    0.51 v _066231_/ZN (NAND2_X1)
   0.06    0.57 ^ _066232_/ZN (NOR2_X1)
   0.12    0.69 v _078548_/ZN (NAND4_X1)
   0.04    0.74 ^ _094121_/ZN (NAND2_X1)
   0.02    0.76 v _094122_/ZN (OAI21_X1)
   0.00    0.76 v _120054_/D (DFF_X1)
           0.76   data arrival time

   0.96    0.96   clock uart_clk (rise edge)
   0.00    0.96   clock network delay (ideal)
   0.00    0.96   clock reconvergence pessimism
           0.96 ^ _120054_/CK (DFF_X1)
  -0.04    0.92   library setup time
           0.92   data required time
---------------------------------------------------------
           0.92   data required time
          -0.76   data arrival time
---------------------------------------------------------
           0.16   slack (MET)


Startpoint: _125141_ (rising edge-triggered flip-flop clocked by uart_clk)
Endpoint: _120055_ (rising edge-triggered flip-flop clocked by uart_clk)
Path Group: uart_clk
Path Type: max

  Delay    Time   Description
---------------------------------------------------------
   0.00    0.00   clock uart_clk (rise edge)
   0.00    0.00   clock network delay (ideal)
   0.00    0.00 ^ _125141_/CK (DFF_X1)
   0.08    0.08 v _125141_/Q (DFF_X1)
   0.11    0.19 v _066207_/ZN (OR4_X1)
   0.05    0.25 ^ _066208_/ZN (NOR3_X1)
   0.03    0.28 v _066211_/ZN (NAND3_X1)
   0.08    0.35 ^ _066216_/ZN (OAI21_X1)
   0.13    0.48 ^ _066217_/ZN (AND3_X1)
   0.03    0.51 v _066231_/ZN (NAND2_X1)
   0.06    0.57 ^ _066232_/ZN (NOR2_X1)
   0.12    0.69 v _078548_/ZN (NAND4_X1)
   0.04    0.74 ^ _094119_/ZN (NAND2_X1)
   0.02    0.76 v _094120_/ZN (OAI21_X1)
   0.00    0.76 v _120055_/D (DFF_X1)
           0.76   data arrival time

   0.96    0.96   clock uart_clk (rise edge)
   0.00    0.96   clock network delay (ideal)
   0.00    0.96   clock reconvergence pessimism
           0.96 ^ _120055_/CK (DFF_X1)
  -0.04    0.92   library setup time
           0.92   data required time
---------------------------------------------------------
           0.92   data required time
          -0.76   data arrival time
---------------------------------------------------------
           0.16   slack (MET)


Startpoint: _125141_ (rising edge-triggered flip-flop clocked by uart_clk)
Endpoint: _120056_ (rising edge-triggered flip-flop clocked by uart_clk)
Path Group: uart_clk
Path Type: max

  Delay    Time   Description
---------------------------------------------------------
   0.00    0.00   clock uart_clk (rise edge)
   0.00    0.00   clock network delay (ideal)
   0.00    0.00 ^ _125141_/CK (DFF_X1)
   0.08    0.08 v _125141_/Q (DFF_X1)
   0.11    0.19 v _066207_/ZN (OR4_X1)
   0.05    0.25 ^ _066208_/ZN (NOR3_X1)
   0.03    0.28 v _066211_/ZN (NAND3_X1)
   0.08    0.35 ^ _066216_/ZN (OAI21_X1)
   0.13    0.48 ^ _066217_/ZN (AND3_X1)
   0.03    0.51 v _066231_/ZN (NAND2_X1)
   0.06    0.57 ^ _066232_/ZN (NOR2_X1)
   0.12    0.69 v _078548_/ZN (NAND4_X1)
   0.04    0.74 ^ _094117_/ZN (NAND2_X1)
   0.02    0.76 v _094118_/ZN (OAI21_X1)
   0.00    0.76 v _120056_/D (DFF_X1)
           0.76   data arrival time

   0.96    0.96   clock uart_clk (rise edge)
   0.00    0.96   clock network delay (ideal)
   0.00    0.96   clock reconvergence pessimism
           0.96 ^ _120056_/CK (DFF_X1)
  -0.04    0.92   library setup time
           0.92   data required time
---------------------------------------------------------
           0.92   data required time
          -0.76   data arrival time
---------------------------------------------------------
           0.16   slack (MET)


Startpoint: _125141_ (rising edge-triggered flip-flop clocked by uart_clk)
Endpoint: _120057_ (rising edge-triggered flip-flop clocked by uart_clk)
Path Group: uart_clk
Path Type: max

  Delay    Time   Description
---------------------------------------------------------
   0.00    0.00   clock uart_clk (rise edge)
   0.00    0.00   clock network delay (ideal)
   0.00    0.00 ^ _125141_/CK (DFF_X1)
   0.08    0.08 v _125141_/Q (DFF_X1)
   0.11    0.19 v _066207_/ZN (OR4_X1)
   0.05    0.25 ^ _066208_/ZN (NOR3_X1)
   0.03    0.28 v _066211_/ZN (NAND3_X1)
   0.08    0.35 ^ _066216_/ZN (OAI21_X1)
   0.13    0.48 ^ _066217_/ZN (AND3_X1)
   0.03    0.51 v _066231_/ZN (NAND2_X1)
   0.06    0.57 ^ _066232_/ZN (NOR2_X1)
   0.12    0.69 v _078548_/ZN (NAND4_X1)
   0.04    0.74 ^ _094115_/ZN (NAND2_X1)
   0.02    0.76 v _094116_/ZN (OAI21_X1)
   0.00    0.76 v _120057_/D (DFF_X1)
           0.76   data arrival time

   0.96    0.96   clock uart_clk (rise edge)
   0.00    0.96   clock network delay (ideal)
   0.00    0.96   clock reconvergence pessimism
           0.96 ^ _120057_/CK (DFF_X1)
  -0.04    0.92   library setup time
           0.92   data required time
---------------------------------------------------------
           0.92   data required time
          -0.76   data arrival time
---------------------------------------------------------
           0.16   slack (MET)


Startpoint: _125141_ (rising edge-triggered flip-flop clocked by uart_clk)
Endpoint: _120058_ (rising edge-triggered flip-flop clocked by uart_clk)
Path Group: uart_clk
Path Type: max

  Delay    Time   Description
---------------------------------------------------------
   0.00    0.00   clock uart_clk (rise edge)
   0.00    0.00   clock network delay (ideal)
   0.00    0.00 ^ _125141_/CK (DFF_X1)
   0.08    0.08 v _125141_/Q (DFF_X1)
   0.11    0.19 v _066207_/ZN (OR4_X1)
   0.05    0.25 ^ _066208_/ZN (NOR3_X1)
   0.03    0.28 v _066211_/ZN (NAND3_X1)
   0.08    0.35 ^ _066216_/ZN (OAI21_X1)
   0.13    0.48 ^ _066217_/ZN (AND3_X1)
   0.03    0.51 v _066231_/ZN (NAND2_X1)
   0.06    0.57 ^ _066232_/ZN (NOR2_X1)
   0.12    0.69 v _078548_/ZN (NAND4_X1)
   0.04    0.74 ^ _094113_/ZN (NAND2_X1)
   0.02    0.76 v _094114_/ZN (OAI21_X1)
   0.00    0.76 v _120058_/D (DFF_X1)
           0.76   data arrival time

   0.96    0.96   clock uart_clk (rise edge)
   0.00    0.96   clock network delay (ideal)
   0.00    0.96   clock reconvergence pessimism
           0.96 ^ _120058_/CK (DFF_X1)
  -0.04    0.92   library setup time
           0.92   data required time
---------------------------------------------------------
           0.92   data required time
          -0.76   data arrival time
---------------------------------------------------------
           0.16   slack (MET)


Startpoint: _125141_ (rising edge-triggered flip-flop clocked by uart_clk)
Endpoint: _120059_ (rising edge-triggered flip-flop clocked by uart_clk)
Path Group: uart_clk
Path Type: max

  Delay    Time   Description
---------------------------------------------------------
   0.00    0.00   clock uart_clk (rise edge)
   0.00    0.00   clock network delay (ideal)
   0.00    0.00 ^ _125141_/CK (DFF_X1)
   0.08    0.08 v _125141_/Q (DFF_X1)
   0.11    0.19 v _066207_/ZN (OR4_X1)
   0.05    0.25 ^ _066208_/ZN (NOR3_X1)
   0.03    0.28 v _066211_/ZN (NAND3_X1)
   0.08    0.35 ^ _066216_/ZN (OAI21_X1)
   0.13    0.48 ^ _066217_/ZN (AND3_X1)
   0.03    0.51 v _066231_/ZN (NAND2_X1)
   0.06    0.57 ^ _066232_/ZN (NOR2_X1)
   0.12    0.69 v _078548_/ZN (NAND4_X1)
   0.04    0.74 ^ _094111_/ZN (NAND2_X1)
   0.02    0.76 v _094112_/ZN (OAI21_X1)
   0.00    0.76 v _120059_/D (DFF_X1)
           0.76   data arrival time

   0.96    0.96   clock uart_clk (rise edge)
   0.00    0.96   clock network delay (ideal)
   0.00    0.96   clock reconvergence pessimism
           0.96 ^ _120059_/CK (DFF_X1)
  -0.04    0.92   library setup time
           0.92   data required time
---------------------------------------------------------
           0.92   data required time
          -0.76   data arrival time
---------------------------------------------------------
           0.16   slack (MET)


Startpoint: uart_rst (input port clocked by uart_clk)
Endpoint: _124988_ (rising edge-triggered flip-flop clocked by uart_div4)
Path Group: uart_div4
Path Type: max

  Delay    Time   Description
---------------------------------------------------------
   2.88    2.88   clock uart_clk (rise edge)
   0.00    2.88   clock network delay (ideal)
   0.00    2.88 v input external delay
   0.00    2.88 v uart_rst (in)
   0.11    2.99 ^ _063706_/ZN (INV_X1)
   0.03    3.02 v _077524_/ZN (OAI21_X1)
   0.04    3.06 ^ _077525_/ZN (AOI21_X1)
   0.00    3.06 ^ _124988_/D (DFF_X1)
           3.06   data arrival time

   3.84    3.84   clock uart_div4 (rise edge)
   0.00    3.84   clock network delay (ideal)
   0.00    3.84   clock reconvergence pessimism
           3.84 ^ _124988_/CK (DFF_X1)
  -0.03    3.81   library setup time
           3.81   data required time
---------------------------------------------------------
           3.81   data required time
          -3.06   data arrival time
---------------------------------------------------------
           0.75   slack (MET)


Startpoint: uart_rst (input port clocked by uart_clk)
Endpoint: _124985_ (rising edge-triggered flip-flop clocked by uart_div4)
Path Group: uart_div4
Path Type: max

  Delay    Time   Description
---------------------------------------------------------
   2.88    2.88   clock uart_clk (rise edge)
   0.00    2.88   clock network delay (ideal)
   0.00    2.88 v input external delay
   0.00    2.88 v uart_rst (in)
   0.11    2.99 ^ _063706_/ZN (INV_X1)
   0.03    3.02 v _077530_/ZN (OAI21_X1)
   0.03    3.05 ^ _077531_/ZN (NOR2_X1)
   0.00    3.05 ^ _124985_/D (DFF_X1)
           3.05   data arrival time

   3.84    3.84   clock uart_div4 (rise edge)
   0.00    3.84   clock network delay (ideal)
   0.00    3.84   clock reconvergence pessimism
           3.84 ^ _124985_/CK (DFF_X1)
  -0.03    3.81   library setup time
           3.81   data required time
---------------------------------------------------------
           3.81   data required time
          -3.05   data arrival time
---------------------------------------------------------
           0.76   slack (MET)


Startpoint: uart_rst (input port clocked by uart_clk)
Endpoint: _124986_ (rising edge-triggered flip-flop clocked by uart_div4)
Path Group: uart_div4
Path Type: max

  Delay    Time   Description
---------------------------------------------------------
   2.88    2.88   clock uart_clk (rise edge)
   0.00    2.88   clock network delay (ideal)
   0.00    2.88 v input external delay
   0.00    2.88 v uart_rst (in)
   0.11    2.99 ^ _063706_/ZN (INV_X1)
   0.03    3.02 v _077528_/ZN (OAI21_X1)
   0.03    3.05 ^ _077529_/ZN (NOR2_X1)
   0.00    3.05 ^ _124986_/D (DFF_X1)
           3.05   data arrival time

   3.84    3.84   clock uart_div4 (rise edge)
   0.00    3.84   clock network delay (ideal)
   0.00    3.84   clock reconvergence pessimism
           3.84 ^ _124986_/CK (DFF_X1)
  -0.03    3.81   library setup time
           3.81   data required time
---------------------------------------------------------
           3.81   data required time
          -3.05   data arrival time
---------------------------------------------------------
           0.76   slack (MET)


Startpoint: uart_rst (input port clocked by uart_clk)
Endpoint: _124987_ (rising edge-triggered flip-flop clocked by uart_div4)
Path Group: uart_div4
Path Type: max

  Delay    Time   Description
---------------------------------------------------------
   2.88    2.88   clock uart_clk (rise edge)
   0.00    2.88   clock network delay (ideal)
   0.00    2.88 v input external delay
   0.00    2.88 v uart_rst (in)
   0.11    2.99 ^ _063706_/ZN (INV_X1)
   0.03    3.02 v _077526_/ZN (OAI21_X1)
   0.03    3.05 ^ _077527_/ZN (NOR2_X1)
   0.00    3.05 ^ _124987_/D (DFF_X1)
           3.05   data arrival time

   3.84    3.84   clock uart_div4 (rise edge)
   0.00    3.84   clock network delay (ideal)
   0.00    3.84   clock reconvergence pessimism
           3.84 ^ _124987_/CK (DFF_X1)
  -0.03    3.81   library setup time
           3.81   data required time
---------------------------------------------------------
           3.81   data required time
          -3.05   data arrival time
---------------------------------------------------------
           0.76   slack (MET)


Startpoint: uart_rst (input port clocked by uart_clk)
Endpoint: _124982_ (rising edge-triggered flip-flop clocked by uart_div4)
Path Group: uart_div4
Path Type: max

  Delay    Time   Description
---------------------------------------------------------
   2.88    2.88   clock uart_clk (rise edge)
   0.00    2.88   clock network delay (ideal)
   0.00    2.88 v input external delay
   0.00    2.88 v uart_rst (in)
   0.11    2.99 ^ _063706_/ZN (INV_X1)
   0.05    3.04 ^ _077536_/ZN (AND2_X1)
   0.00    3.04 ^ _124982_/D (DFF_X1)
           3.04   data arrival time

   3.84    3.84   clock uart_div4 (rise edge)
   0.00    3.84   clock network delay (ideal)
   0.00    3.84   clock reconvergence pessimism
           3.84 ^ _124982_/CK (DFF_X1)
  -0.03    3.81   library setup time
           3.81   data required time
---------------------------------------------------------
           3.81   data required time
          -3.04   data arrival time
---------------------------------------------------------
           0.77   slack (MET)


Startpoint: uart_rst (input port clocked by uart_clk)
Endpoint: _124983_ (rising edge-triggered flip-flop clocked by uart_div4)
Path Group: uart_div4
Path Type: max

  Delay    Time   Description
---------------------------------------------------------
   2.88    2.88   clock uart_clk (rise edge)
   0.00    2.88   clock network delay (ideal)
   0.00    2.88 v input external delay
   0.00    2.88 v uart_rst (in)
   0.03    2.91 ^ _077518_/ZN (NOR2_X1)
   0.01    2.92 v _077534_/ZN (NOR2_X1)
   0.04    2.95 ^ _077535_/ZN (AOI21_X1)
   0.00    2.95 ^ _124983_/D (DFF_X1)
           2.95   data arrival time

   3.84    3.84   clock uart_div4 (rise edge)
   0.00    3.84   clock network delay (ideal)
   0.00    3.84   clock reconvergence pessimism
           3.84 ^ _124983_/CK (DFF_X1)
  -0.03    3.81   library setup time
           3.81   data required time
---------------------------------------------------------
           3.81   data required time
          -2.95   data arrival time
---------------------------------------------------------
           0.85   slack (MET)


Startpoint: uart_rst (input port clocked by uart_clk)
Endpoint: _124984_ (rising edge-triggered flip-flop clocked by uart_div4)
Path Group: uart_div4
Path Type: max

  Delay    Time   Description
---------------------------------------------------------
   2.88    2.88   clock uart_clk (rise edge)
   0.00    2.88   clock network delay (ideal)
   0.00    2.88 v input external delay
   0.00    2.88 v uart_rst (in)
   0.03    2.91 ^ _077533_/ZN (NOR3_X1)
   0.00    2.91 ^ _124984_/D (DFF_X1)
           2.91   data arrival time

   3.84    3.84   clock uart_div4 (rise edge)
   0.00    3.84   clock network delay (ideal)
   0.00    3.84   clock reconvergence pessimism
           3.84 ^ _124984_/CK (DFF_X1)
  -0.04    3.80   library setup time
           3.80   data required time
---------------------------------------------------------
           3.80   data required time
          -2.91   data arrival time
---------------------------------------------------------
           0.90   slack (MET)


Startpoint: uart_rst (input port clocked by uart_clk)
Endpoint: _124989_ (rising edge-triggered flip-flop clocked by uart_div4)
Path Group: uart_div4
Path Type: max

  Delay    Time   Description
---------------------------------------------------------
   2.88    2.88   clock uart_clk (rise edge)
   0.00    2.88   clock network delay (ideal)
   0.00    2.88 v input external delay
   0.00    2.88 v uart_rst (in)
   0.02    2.90 ^ _109104_/ZN (NOR2_X1)
   0.00    2.90 ^ _124989_/D (DFF_X1)
           2.90   data arrival time

   3.84    3.84   clock uart_div4 (rise edge)
   0.00    3.84   clock network delay (ideal)
   0.00    3.84   clock reconvergence pessimism
           3.84 ^ _124989_/CK (DFF_X1)
  -0.03    3.81   library setup time
           3.81   data required time
---------------------------------------------------------
           3.81   data required time
          -2.90   data arrival time
---------------------------------------------------------
           0.91   slack (MET)


