Startpoint: _125845_ (rising edge-triggered flip-flop clocked by cpu_clk)
Endpoint: _110965_ (rising edge-triggered flip-flop clocked by cpu_clk)
Path Group: cpu_clk
Path Type: max

  Delay    Time   Description
---------------------------------------------------------
   0.00    0.00   clock cpu_clk (rise edge)
   0.00    0.00   clock network delay (ideal)
   0.00    0.00 ^ _125845_/CK (DFF_X1)
  10.71   10.71 ^ _125845_/Q (DFF_X1)
 158.65  169.36 v _063206_/ZN (INV_X1)
 717.65  887.01 ^ _065550_/ZN (NOR2_X1)
   0.01  887.03 v _085089_/ZN (OAI21_X1)
   0.40  887.43 ^ _085094_/ZN (OAI21_X1)
   0.02  887.45 v _085095_/ZN (OAI21_X1)
   0.17  887.62 ^ _085112_/ZN (OAI21_X1)
   0.02  887.64 v _085113_/ZN (AOI221_X1)
   0.11  887.74 v _085114_/Z (MUX2_X1)
   0.06  887.80 v _085115_/Z (MUX2_X1)
   0.03  887.83 ^ _085266_/ZN (OAI22_X1)
   0.04  887.87 ^ _085267_/Z (MUX2_X1)
   0.00  887.87 ^ _110965_/D (DFF_X1)
         887.87   data arrival time

   1.55    1.55   clock cpu_clk (rise edge)
   0.00    1.55   clock network delay (ideal)
   0.00    1.55   clock reconvergence pessimism
           1.55 ^ _110965_/CK (DFF_X1)
  -0.03    1.52   library setup time
           1.52   data required time
---------------------------------------------------------
           1.52   data required time
        -887.87   data arrival time
---------------------------------------------------------
        -886.36   slack (VIOLATED)


Startpoint: _125845_ (rising edge-triggered flip-flop clocked by cpu_clk)
Endpoint: _110962_ (rising edge-triggered flip-flop clocked by cpu_clk)
Path Group: cpu_clk
Path Type: max

  Delay    Time   Description
---------------------------------------------------------
   0.00    0.00   clock cpu_clk (rise edge)
   0.00    0.00   clock network delay (ideal)
   0.00    0.00 ^ _125845_/CK (DFF_X1)
  10.71   10.71 ^ _125845_/Q (DFF_X1)
 158.65  169.36 v _063206_/ZN (INV_X1)
 717.65  887.01 ^ _065550_/ZN (NOR2_X1)
   0.01  887.03 v _086234_/ZN (OAI21_X1)
   0.38  887.40 ^ _086235_/ZN (OAI21_X1)
   0.02  887.42 v _086236_/ZN (OAI21_X1)
   0.18  887.60 ^ _086314_/ZN (NAND4_X1)
   0.02  887.62 v _086315_/ZN (AOI21_X1)
   0.09  887.72 ^ _086316_/ZN (AOI211_X1)
   0.02  887.73 v _086471_/ZN (OAI21_X1)
   0.02  887.76 ^ _086633_/ZN (OAI21_X1)
   0.04  887.79 ^ _086634_/Z (MUX2_X1)
   0.00  887.79 ^ _110962_/D (DFF_X1)
         887.79   data arrival time

   1.55    1.55   clock cpu_clk (rise edge)
   0.00    1.55   clock network delay (ideal)
   0.00    1.55   clock reconvergence pessimism
           1.55 ^ _110962_/CK (DFF_X1)
  -0.03    1.52   library setup time
           1.52   data required time
---------------------------------------------------------
           1.52   data required time
        -887.79   data arrival time
---------------------------------------------------------
        -886.28   slack (VIOLATED)


Startpoint: _125845_ (rising edge-triggered flip-flop clocked by cpu_clk)
Endpoint: _110943_ (rising edge-triggered flip-flop clocked by cpu_clk)
Path Group: cpu_clk
Path Type: max

  Delay    Time   Description
---------------------------------------------------------
   0.00    0.00   clock cpu_clk (rise edge)
   0.00    0.00   clock network delay (ideal)
   0.00    0.00 ^ _125845_/CK (DFF_X1)
  10.71   10.71 ^ _125845_/Q (DFF_X1)
 158.65  169.36 v _063206_/ZN (INV_X1)
 717.65  887.01 ^ _065550_/ZN (NOR2_X1)
   0.01  887.03 v _094895_/ZN (OAI21_X1)
   0.38  887.40 ^ _094896_/ZN (OAI21_X1)
   0.02  887.42 v _094897_/ZN (OAI21_X1)
   0.28  887.70 ^ _094899_/ZN (AOI221_X1)
   0.02  887.72 v _095052_/ZN (OAI21_X1)
   0.02  887.74 ^ _095210_/ZN (NAND2_X1)
   0.03  887.78 ^ _095211_/Z (MUX2_X1)
   0.00  887.78 ^ _110943_/D (DFF_X1)
         887.78   data arrival time

   1.55    1.55   clock cpu_clk (rise edge)
   0.00    1.55   clock network delay (ideal)
   0.00    1.55   clock reconvergence pessimism
           1.55 ^ _110943_/CK (DFF_X1)
  -0.03    1.52   library setup time
           1.52   data required time
---------------------------------------------------------
           1.52   data required time
        -887.78   data arrival time
---------------------------------------------------------
        -886.26   slack (VIOLATED)


Startpoint: _125845_ (rising edge-triggered flip-flop clocked by cpu_clk)
Endpoint: _110963_ (rising edge-triggered flip-flop clocked by cpu_clk)
Path Group: cpu_clk
Path Type: max

  Delay    Time   Description
---------------------------------------------------------
   0.00    0.00   clock cpu_clk (rise edge)
   0.00    0.00   clock network delay (ideal)
   0.00    0.00 ^ _125845_/CK (DFF_X1)
  10.71   10.71 ^ _125845_/Q (DFF_X1)
 158.65  169.36 v _063206_/ZN (INV_X1)
 717.65  887.01 ^ _065550_/ZN (NOR2_X1)
   0.01  887.03 v _086152_/ZN (OAI21_X1)
   0.38  887.40 ^ _086153_/ZN (OAI21_X1)
   0.02  887.42 v _086154_/ZN (OAI21_X1)
   0.22  887.63 v _086155_/ZN (AND4_X1)
   0.04  887.68 ^ _086158_/ZN (OAI22_X1)
   0.04  887.72 ^ _086159_/Z (MUX2_X1)
   0.00  887.72 ^ _110963_/D (DFF_X1)
         887.72   data arrival time

   1.55    1.55   clock cpu_clk (rise edge)
   0.00    1.55   clock network delay (ideal)
   0.00    1.55   clock reconvergence pessimism
           1.55 ^ _110963_/CK (DFF_X1)
  -0.03    1.52   library setup time
           1.52   data required time
---------------------------------------------------------
           1.52   data required time
        -887.72   data arrival time
---------------------------------------------------------
        -886.20   slack (VIOLATED)


Startpoint: _125845_ (rising edge-triggered flip-flop clocked by cpu_clk)
Endpoint: _110964_ (rising edge-triggered flip-flop clocked by cpu_clk)
Path Group: cpu_clk
Path Type: max

  Delay    Time   Description
---------------------------------------------------------
   0.00    0.00   clock cpu_clk (rise edge)
   0.00    0.00   clock network delay (ideal)
   0.00    0.00 ^ _125845_/CK (DFF_X1)
  10.71   10.71 ^ _125845_/Q (DFF_X1)
 158.65  169.36 v _063206_/ZN (INV_X1)
 717.65  887.01 ^ _065550_/ZN (NOR2_X1)
   0.01  887.03 v _085554_/ZN (OAI21_X1)
   0.38  887.40 ^ _085555_/ZN (OAI21_X1)
   0.02  887.42 v _085556_/ZN (OAI21_X1)
   0.14  887.57 ^ _085725_/ZN (NAND3_X1)
   0.03  887.60 v _085726_/ZN (OAI21_X1)
   0.02  887.62 ^ _085727_/ZN (NAND2_X1)
   0.03  887.65 v _085730_/ZN (OAI211_X1)
   0.03  887.68 ^ _085731_/ZN (NAND2_X1)
   0.04  887.72 ^ _085732_/Z (MUX2_X1)
   0.00  887.72 ^ _110964_/D (DFF_X1)
         887.72   data arrival time

   1.55    1.55   clock cpu_clk (rise edge)
   0.00    1.55   clock network delay (ideal)
   0.00    1.55   clock reconvergence pessimism
           1.55 ^ _110964_/CK (DFF_X1)
  -0.03    1.52   library setup time
           1.52   data required time
---------------------------------------------------------
           1.52   data required time
        -887.72   data arrival time
---------------------------------------------------------
        -886.20   slack (VIOLATED)


Startpoint: _125845_ (rising edge-triggered flip-flop clocked by cpu_clk)
Endpoint: _110954_ (rising edge-triggered flip-flop clocked by cpu_clk)
Path Group: cpu_clk
Path Type: max

  Delay    Time   Description
---------------------------------------------------------
   0.00    0.00   clock cpu_clk (rise edge)
   0.00    0.00   clock network delay (ideal)
   0.00    0.00 ^ _125845_/CK (DFF_X1)
  10.71   10.71 ^ _125845_/Q (DFF_X1)
 158.65  169.36 v _063206_/ZN (INV_X1)
 717.65  887.01 ^ _065550_/ZN (NOR2_X1)
   0.01  887.03 v _089818_/ZN (OAI21_X1)
   0.38  887.40 ^ _089819_/ZN (OAI21_X1)
   0.02  887.42 v _089820_/ZN (OAI21_X1)
   0.20  887.63 ^ _089842_/ZN (AOI21_X1)
   0.00  887.63 v _089916_/ZN (NOR2_X1)
   0.03  887.66 ^ _090077_/ZN (OAI21_X1)
   0.02  887.68 v _090231_/ZN (AOI22_X1)
   0.03  887.71 ^ _090232_/ZN (AOI21_X1)
   0.00  887.71 ^ _110954_/D (DFF_X1)
         887.71   data arrival time

   1.55    1.55   clock cpu_clk (rise edge)
   0.00    1.55   clock network delay (ideal)
   0.00    1.55   clock reconvergence pessimism
           1.55 ^ _110954_/CK (DFF_X1)
  -0.04    1.51   library setup time
           1.51   data required time
---------------------------------------------------------
           1.51   data required time
        -887.71   data arrival time
---------------------------------------------------------
        -886.19   slack (VIOLATED)


Startpoint: _125845_ (rising edge-triggered flip-flop clocked by cpu_clk)
Endpoint: _110966_ (rising edge-triggered flip-flop clocked by cpu_clk)
Path Group: cpu_clk
Path Type: max

  Delay    Time   Description
---------------------------------------------------------
   0.00    0.00   clock cpu_clk (rise edge)
   0.00    0.00   clock network delay (ideal)
   0.00    0.00 ^ _125845_/CK (DFF_X1)
  10.71   10.71 ^ _125845_/Q (DFF_X1)
 158.65  169.36 v _063206_/ZN (INV_X1)
 717.65  887.01 ^ _065550_/ZN (NOR2_X1)
   0.01  887.03 v _084578_/ZN (OAI21_X1)
   0.38  887.40 ^ _084579_/ZN (OAI21_X1)
   0.02  887.42 v _084580_/ZN (OAI21_X1)
   0.18  887.60 ^ _084657_/ZN (NAND4_X1)
   0.03  887.64 v _084659_/ZN (AOI22_X1)
   0.04  887.67 ^ _084811_/ZN (OAI21_X1)
   0.04  887.71 ^ _084812_/Z (MUX2_X1)
   0.00  887.71 ^ _110966_/D (DFF_X1)
         887.71   data arrival time

   1.55    1.55   clock cpu_clk (rise edge)
   0.00    1.55   clock network delay (ideal)
   0.00    1.55   clock reconvergence pessimism
           1.55 ^ _110966_/CK (DFF_X1)
  -0.03    1.52   library setup time
           1.52   data required time
---------------------------------------------------------
           1.52   data required time
        -887.71   data arrival time
---------------------------------------------------------
        -886.20   slack (VIOLATED)


Startpoint: _125845_ (rising edge-triggered flip-flop clocked by cpu_clk)
Endpoint: _110956_ (rising edge-triggered flip-flop clocked by cpu_clk)
Path Group: cpu_clk
Path Type: max

  Delay    Time   Description
---------------------------------------------------------
   0.00    0.00   clock cpu_clk (rise edge)
   0.00    0.00   clock network delay (ideal)
   0.00    0.00 ^ _125845_/CK (DFF_X1)
  10.71   10.71 ^ _125845_/Q (DFF_X1)
 158.65  169.36 v _063206_/ZN (INV_X1)
 717.65  887.01 ^ _065550_/ZN (NOR2_X1)
   0.01  887.03 v _089161_/ZN (OAI21_X1)
   0.38  887.40 ^ _089162_/ZN (OAI21_X1)
   0.02  887.42 v _089163_/ZN (OAI21_X1)
   0.16  887.58 ^ _089185_/ZN (NAND4_X1)
   0.02  887.60 v _089186_/ZN (AOI211_X1)
   0.06  887.66 ^ _089331_/ZN (OAI33_X1)
   0.05  887.71 ^ _089332_/Z (MUX2_X1)
   0.00  887.71 ^ _110956_/D (DFF_X1)
         887.71   data arrival time

   1.55    1.55   clock cpu_clk (rise edge)
   0.00    1.55   clock network delay (ideal)
   0.00    1.55   clock reconvergence pessimism
           1.55 ^ _110956_/CK (DFF_X1)
  -0.03    1.52   library setup time
           1.52   data required time
---------------------------------------------------------
           1.52   data required time
        -887.71   data arrival time
---------------------------------------------------------
        -886.19   slack (VIOLATED)


Startpoint: _125845_ (rising edge-triggered flip-flop clocked by cpu_clk)
Endpoint: _110969_ (rising edge-triggered flip-flop clocked by cpu_clk)
Path Group: cpu_clk
Path Type: max

  Delay    Time   Description
---------------------------------------------------------
   0.00    0.00   clock cpu_clk (rise edge)
   0.00    0.00   clock network delay (ideal)
   0.00    0.00 ^ _125845_/CK (DFF_X1)
  10.71   10.71 ^ _125845_/Q (DFF_X1)
 158.65  169.36 v _063206_/ZN (INV_X1)
 717.65  887.01 ^ _065550_/ZN (NOR2_X1)
   0.01  887.03 v _083266_/ZN (OAI21_X1)
   0.38  887.40 ^ _083267_/ZN (OAI21_X1)
   0.01  887.41 v _083268_/ZN (AOI21_X1)
   0.06  887.47 ^ _083285_/ZN (OAI22_X1)
   0.01  887.49 v _083286_/ZN (AOI221_X1)
   0.09  887.57 v _083287_/Z (MUX2_X1)
   0.06  887.63 v _083288_/Z (MUX2_X1)
   0.03  887.66 ^ _083444_/ZN (OAI22_X1)
   0.04  887.70 ^ _083445_/Z (MUX2_X1)
   0.00  887.70 ^ _110969_/D (DFF_X1)
         887.70   data arrival time

   1.55    1.55   clock cpu_clk (rise edge)
   0.00    1.55   clock network delay (ideal)
   0.00    1.55   clock reconvergence pessimism
           1.55 ^ _110969_/CK (DFF_X1)
  -0.03    1.52   library setup time
           1.52   data required time
---------------------------------------------------------
           1.52   data required time
        -887.70   data arrival time
---------------------------------------------------------
        -886.18   slack (VIOLATED)


Startpoint: _125845_ (rising edge-triggered flip-flop clocked by cpu_clk)
Endpoint: _110947_ (rising edge-triggered flip-flop clocked by cpu_clk)
Path Group: cpu_clk
Path Type: max

  Delay    Time   Description
---------------------------------------------------------
   0.00    0.00   clock cpu_clk (rise edge)
   0.00    0.00   clock network delay (ideal)
   0.00    0.00 ^ _125845_/CK (DFF_X1)
  10.71   10.71 ^ _125845_/Q (DFF_X1)
 158.65  169.36 v _063206_/ZN (INV_X1)
 717.65  887.01 ^ _065550_/ZN (NOR2_X1)
   0.02  887.03 v _093048_/ZN (OAI211_X1)
   0.34  887.38 ^ _093049_/ZN (NAND3_X1)
   0.02  887.40 v _093066_/ZN (OAI21_X1)
   0.06  887.46 ^ _093067_/ZN (AOI21_X1)
   0.02  887.48 v _093103_/ZN (AOI211_X1)
   0.05  887.54 ^ _093104_/ZN (NOR2_X1)
   0.02  887.55 v _093105_/ZN (AOI21_X1)
   0.04  887.59 ^ _093106_/ZN (NOR2_X1)
   0.02  887.61 v _093249_/ZN (AOI21_X1)
   0.04  887.65 ^ _093402_/ZN (OAI22_X1)
   0.04  887.69 ^ _093403_/Z (MUX2_X1)
   0.00  887.69 ^ _110947_/D (DFF_X1)
         887.69   data arrival time

   1.55    1.55   clock cpu_clk (rise edge)
   0.00    1.55   clock network delay (ideal)
   0.00    1.55   clock reconvergence pessimism
           1.55 ^ _110947_/CK (DFF_X1)
  -0.03    1.52   library setup time
           1.52   data required time
---------------------------------------------------------
           1.52   data required time
        -887.69   data arrival time
---------------------------------------------------------
        -886.17   slack (VIOLATED)


Startpoint: _125845_ (rising edge-triggered flip-flop clocked by cpu_clk)
Endpoint: _110950_ (rising edge-triggered flip-flop clocked by cpu_clk)
Path Group: cpu_clk
Path Type: max

  Delay    Time   Description
---------------------------------------------------------
   0.00    0.00   clock cpu_clk (rise edge)
   0.00    0.00   clock network delay (ideal)
   0.00    0.00 ^ _125845_/CK (DFF_X1)
  10.71   10.71 ^ _125845_/Q (DFF_X1)
 158.65  169.36 v _063206_/ZN (INV_X1)
 717.65  887.01 ^ _065550_/ZN (NOR2_X1)
   0.01  887.03 v _091631_/ZN (OAI21_X1)
   0.40  887.43 ^ _091636_/ZN (OAI21_X1)
   0.02  887.45 v _091637_/ZN (OAI21_X1)
   0.14  887.59 ^ _091899_/ZN (NAND4_X1)
   0.03  887.62 v _091900_/ZN (OAI21_X1)
   0.03  887.65 ^ _091905_/ZN (AOI21_X1)
   0.01  887.66 v _092061_/ZN (NOR2_X1)
   0.02  887.68 ^ _092062_/ZN (AOI21_X1)
   0.00  887.68 ^ _110950_/D (DFF_X1)
         887.68   data arrival time

   1.55    1.55   clock cpu_clk (rise edge)
   0.00    1.55   clock network delay (ideal)
   0.00    1.55   clock reconvergence pessimism
           1.55 ^ _110950_/CK (DFF_X1)
  -0.04    1.51   library setup time
           1.51   data required time
---------------------------------------------------------
           1.51   data required time
        -887.68   data arrival time
---------------------------------------------------------
        -886.17   slack (VIOLATED)


Startpoint: _125845_ (rising edge-triggered flip-flop clocked by cpu_clk)
Endpoint: _110951_ (rising edge-triggered flip-flop clocked by cpu_clk)
Path Group: cpu_clk
Path Type: max

  Delay    Time   Description
---------------------------------------------------------
   0.00    0.00   clock cpu_clk (rise edge)
   0.00    0.00   clock network delay (ideal)
   0.00    0.00 ^ _125845_/CK (DFF_X1)
  10.71   10.71 ^ _125845_/Q (DFF_X1)
 158.65  169.36 v _063206_/ZN (INV_X1)
 717.65  887.01 ^ _065550_/ZN (NOR2_X1)
   0.01  887.03 v _091472_/ZN (OAI21_X1)
   0.38  887.40 ^ _091473_/ZN (OAI21_X1)
   0.02  887.42 v _091474_/ZN (OAI21_X1)
   0.16  887.58 ^ _091516_/ZN (NAND4_X1)
   0.03  887.62 v _091594_/ZN (NAND3_X1)
   0.03  887.65 ^ _091595_/ZN (OAI21_X1)
   0.04  887.68 ^ _091596_/Z (MUX2_X1)
   0.00  887.68 ^ _110951_/D (DFF_X1)
         887.68   data arrival time

   1.55    1.55   clock cpu_clk (rise edge)
   0.00    1.55   clock network delay (ideal)
   0.00    1.55   clock reconvergence pessimism
           1.55 ^ _110951_/CK (DFF_X1)
  -0.03    1.52   library setup time
           1.52   data required time
---------------------------------------------------------
           1.52   data required time
        -887.68   data arrival time
---------------------------------------------------------
        -886.17   slack (VIOLATED)


Startpoint: _125845_ (rising edge-triggered flip-flop clocked by cpu_clk)
Endpoint: _110970_ (rising edge-triggered flip-flop clocked by cpu_clk)
Path Group: cpu_clk
Path Type: max

  Delay    Time   Description
---------------------------------------------------------
   0.00    0.00   clock cpu_clk (rise edge)
   0.00    0.00   clock network delay (ideal)
   0.00    0.00 ^ _125845_/CK (DFF_X1)
  10.71   10.71 ^ _125845_/Q (DFF_X1)
 158.65  169.36 v _063206_/ZN (INV_X1)
 717.65  887.01 ^ _065550_/ZN (NOR2_X1)
   0.01  887.03 v _082587_/ZN (OAI21_X1)
   0.38  887.40 ^ _082588_/ZN (OAI21_X1)
   0.02  887.42 v _082589_/ZN (OAI21_X1)
   0.16  887.58 ^ _082612_/ZN (NAND4_X1)
   0.02  887.60 v _082682_/ZN (NAND2_X1)
   0.03  887.64 ^ _082987_/ZN (OAI21_X1)
   0.04  887.67 ^ _082988_/Z (MUX2_X1)
   0.00  887.67 ^ _110970_/D (DFF_X1)
         887.67   data arrival time

   1.55    1.55   clock cpu_clk (rise edge)
   0.00    1.55   clock network delay (ideal)
   0.00    1.55   clock reconvergence pessimism
           1.55 ^ _110970_/CK (DFF_X1)
  -0.03    1.52   library setup time
           1.52   data required time
---------------------------------------------------------
           1.52   data required time
        -887.67   data arrival time
---------------------------------------------------------
        -886.15   slack (VIOLATED)


Startpoint: _125845_ (rising edge-triggered flip-flop clocked by cpu_clk)
Endpoint: _110944_ (rising edge-triggered flip-flop clocked by cpu_clk)
Path Group: cpu_clk
Path Type: max

  Delay    Time   Description
---------------------------------------------------------
   0.00    0.00   clock cpu_clk (rise edge)
   0.00    0.00   clock network delay (ideal)
   0.00    0.00 ^ _125845_/CK (DFF_X1)
  10.71   10.71 ^ _125845_/Q (DFF_X1)
 158.65  169.36 v _063206_/ZN (INV_X1)
 717.65  887.01 ^ _065550_/ZN (NOR2_X1)
   0.02  887.03 v _094319_/ZN (OAI211_X1)
   0.34  887.38 ^ _094320_/ZN (NAND3_X1)
   0.00  887.38 v _094321_/ZN (NOR2_X1)
   0.08  887.46 ^ _094338_/ZN (AOI211_X1)
   0.02  887.48 v _094379_/ZN (AOI221_X1)
   0.11  887.59 ^ _094457_/ZN (AOI221_X1)
   0.02  887.61 v _094602_/ZN (OAI21_X1)
   0.02  887.63 ^ _094752_/ZN (OAI21_X1)
   0.04  887.67 ^ _094753_/Z (MUX2_X1)
   0.00  887.67 ^ _110944_/D (DFF_X1)
         887.67   data arrival time

   1.55    1.55   clock cpu_clk (rise edge)
   0.00    1.55   clock network delay (ideal)
   0.00    1.55   clock reconvergence pessimism
           1.55 ^ _110944_/CK (DFF_X1)
  -0.03    1.52   library setup time
           1.52   data required time
---------------------------------------------------------
           1.52   data required time
        -887.67   data arrival time
---------------------------------------------------------
        -886.15   slack (VIOLATED)


Startpoint: _125845_ (rising edge-triggered flip-flop clocked by cpu_clk)
Endpoint: _110953_ (rising edge-triggered flip-flop clocked by cpu_clk)
Path Group: cpu_clk
Path Type: max

  Delay    Time   Description
---------------------------------------------------------
   0.00    0.00   clock cpu_clk (rise edge)
   0.00    0.00   clock network delay (ideal)
   0.00    0.00 ^ _125845_/CK (DFF_X1)
  10.71   10.71 ^ _125845_/Q (DFF_X1)
 158.65  169.36 v _063206_/ZN (INV_X1)
 717.65  887.01 ^ _065550_/ZN (NOR2_X1)
   0.02  887.03 v _090317_/ZN (OAI211_X1)
   0.34  887.38 ^ _090318_/ZN (NAND3_X1)
   0.03  887.41 v _090371_/ZN (OAI22_X1)
   0.08  887.49 ^ _090372_/ZN (AOI211_X1)
   0.02  887.51 v _090373_/ZN (OAI21_X1)
   0.06  887.57 ^ _090374_/ZN (AOI21_X1)
   0.02  887.59 v _090528_/ZN (AOI21_X1)
   0.03  887.62 ^ _090680_/ZN (OAI22_X1)
   0.04  887.66 ^ _090681_/Z (MUX2_X1)
   0.00  887.66 ^ _110953_/D (DFF_X1)
         887.66   data arrival time

   1.55    1.55   clock cpu_clk (rise edge)
   0.00    1.55   clock network delay (ideal)
   0.00    1.55   clock reconvergence pessimism
           1.55 ^ _110953_/CK (DFF_X1)
  -0.03    1.52   library setup time
           1.52   data required time
---------------------------------------------------------
           1.52   data required time
        -887.66   data arrival time
---------------------------------------------------------
        -886.15   slack (VIOLATED)


Startpoint: _125845_ (rising edge-triggered flip-flop clocked by cpu_clk)
Endpoint: _110967_ (rising edge-triggered flip-flop clocked by cpu_clk)
Path Group: cpu_clk
Path Type: max

  Delay    Time   Description
---------------------------------------------------------
   0.00    0.00   clock cpu_clk (rise edge)
   0.00    0.00   clock network delay (ideal)
   0.00    0.00 ^ _125845_/CK (DFF_X1)
  10.71   10.71 ^ _125845_/Q (DFF_X1)
 158.65  169.36 v _063206_/ZN (INV_X1)
 717.65  887.01 ^ _065550_/ZN (NOR2_X1)
   0.01  887.03 v _084216_/ZN (OAI21_X1)
   0.43  887.45 ^ _084217_/ZN (AOI21_X1)
  -0.02  887.44 v _084218_/ZN (AOI221_X1)
   0.07  887.50 ^ _084276_/ZN (OAI211_X1)
   0.02  887.52 v _084277_/ZN (AOI21_X1)
   0.10  887.62 ^ _084348_/ZN (OAI33_X1)
   0.05  887.66 ^ _084349_/Z (MUX2_X1)
   0.00  887.66 ^ _110967_/D (DFF_X1)
         887.66   data arrival time

   1.55    1.55   clock cpu_clk (rise edge)
   0.00    1.55   clock network delay (ideal)
   0.00    1.55   clock reconvergence pessimism
           1.55 ^ _110967_/CK (DFF_X1)
  -0.03    1.52   library setup time
           1.52   data required time
---------------------------------------------------------
           1.52   data required time
        -887.66   data arrival time
---------------------------------------------------------
        -886.15   slack (VIOLATED)


Startpoint: _125845_ (rising edge-triggered flip-flop clocked by cpu_clk)
Endpoint: _110974_ (rising edge-triggered flip-flop clocked by cpu_clk)
Path Group: cpu_clk
Path Type: max

  Delay    Time   Description
---------------------------------------------------------
   0.00    0.00   clock cpu_clk (rise edge)
   0.00    0.00   clock network delay (ideal)
   0.00    0.00 ^ _125845_/CK (DFF_X1)
  10.71   10.71 ^ _125845_/Q (DFF_X1)
 158.65  169.36 v _063206_/ZN (INV_X1)
 717.65  887.01 ^ _065550_/ZN (NOR2_X1)
   0.02  887.03 v _108693_/ZN (OAI211_X1)
   0.34  887.38 ^ _108694_/ZN (NAND3_X1)
   0.05  887.42 v _108713_/ZN (OAI221_X1)
   0.04  887.47 ^ _108746_/ZN (OAI21_X1)
   0.01  887.47 v _108747_/ZN (NOR2_X1)
   0.07  887.54 v _108816_/Z (MUX2_X1)
   0.06  887.60 v _108973_/Z (MUX2_X1)
   0.02  887.63 ^ _109131_/ZN (OAI21_X1)
   0.04  887.66 ^ _109132_/Z (MUX2_X1)
   0.00  887.66 ^ _110974_/D (DFF_X1)
         887.66   data arrival time

   1.55    1.55   clock cpu_clk (rise edge)
   0.00    1.55   clock network delay (ideal)
   0.00    1.55   clock reconvergence pessimism
           1.55 ^ _110974_/CK (DFF_X1)
  -0.03    1.52   library setup time
           1.52   data required time
---------------------------------------------------------
           1.52   data required time
        -887.66   data arrival time
---------------------------------------------------------
        -886.15   slack (VIOLATED)


Startpoint: _125845_ (rising edge-triggered flip-flop clocked by cpu_clk)
Endpoint: _110949_ (rising edge-triggered flip-flop clocked by cpu_clk)
Path Group: cpu_clk
Path Type: max

  Delay    Time   Description
---------------------------------------------------------
   0.00    0.00   clock cpu_clk (rise edge)
   0.00    0.00   clock network delay (ideal)
   0.00    0.00 ^ _125845_/CK (DFF_X1)
  10.71   10.71 ^ _125845_/Q (DFF_X1)
 158.65  169.36 v _063206_/ZN (INV_X1)
 717.65  887.01 ^ _065550_/ZN (NOR2_X1)
   0.01  887.03 v _092320_/ZN (OAI21_X1)
   0.38  887.40 ^ _092321_/ZN (OAI21_X1)
   0.02  887.42 v _092322_/ZN (OAI21_X1)
   0.05  887.47 ^ _092344_/ZN (NAND3_X1)
   0.02  887.49 v _092363_/ZN (AOI21_X1)
   0.06  887.55 ^ _092364_/ZN (AOI22_X1)
   0.03  887.58 v _092512_/ZN (OAI221_X1)
   0.04  887.62 ^ _092513_/ZN (OAI21_X1)
   0.04  887.65 ^ _092514_/Z (MUX2_X1)
   0.00  887.65 ^ _110949_/D (DFF_X1)
         887.65   data arrival time

   1.55    1.55   clock cpu_clk (rise edge)
   0.00    1.55   clock network delay (ideal)
   0.00    1.55   clock reconvergence pessimism
           1.55 ^ _110949_/CK (DFF_X1)
  -0.03    1.52   library setup time
           1.52   data required time
---------------------------------------------------------
           1.52   data required time
        -887.65   data arrival time
---------------------------------------------------------
        -886.14   slack (VIOLATED)


Startpoint: _125845_ (rising edge-triggered flip-flop clocked by cpu_clk)
Endpoint: _110946_ (rising edge-triggered flip-flop clocked by cpu_clk)
Path Group: cpu_clk
Path Type: max

  Delay    Time   Description
---------------------------------------------------------
   0.00    0.00   clock cpu_clk (rise edge)
   0.00    0.00   clock network delay (ideal)
   0.00    0.00 ^ _125845_/CK (DFF_X1)
  10.71   10.71 ^ _125845_/Q (DFF_X1)
 158.65  169.36 v _063206_/ZN (INV_X1)
 717.65  887.01 ^ _065550_/ZN (NOR2_X1)
   0.02  887.03 v _093815_/ZN (OAI211_X1)
   0.37  887.40 ^ _093816_/ZN (NAND4_X1)
   0.05  887.45 v _093835_/ZN (OAI211_X1)
   0.06  887.51 ^ _093855_/ZN (NOR2_X1)
   0.02  887.53 v _093856_/ZN (OAI21_X1)
   0.05  887.58 v _093857_/ZN (AND2_X1)
   0.03  887.61 ^ _093858_/ZN (OAI22_X1)
   0.04  887.65 ^ _093859_/Z (MUX2_X1)
   0.00  887.65 ^ _110946_/D (DFF_X1)
         887.65   data arrival time

   1.55    1.55   clock cpu_clk (rise edge)
   0.00    1.55   clock network delay (ideal)
   0.00    1.55   clock reconvergence pessimism
           1.55 ^ _110946_/CK (DFF_X1)
  -0.03    1.52   library setup time
           1.52   data required time
---------------------------------------------------------
           1.52   data required time
        -887.65   data arrival time
---------------------------------------------------------
        -886.13   slack (VIOLATED)


Startpoint: _125845_ (rising edge-triggered flip-flop clocked by cpu_clk)
Endpoint: _110959_ (rising edge-triggered flip-flop clocked by cpu_clk)
Path Group: cpu_clk
Path Type: max

  Delay    Time   Description
---------------------------------------------------------
   0.00    0.00   clock cpu_clk (rise edge)
   0.00    0.00   clock network delay (ideal)
   0.00    0.00 ^ _125845_/CK (DFF_X1)
  10.71   10.71 ^ _125845_/Q (DFF_X1)
 158.65  169.36 v _063206_/ZN (INV_X1)
 717.65  887.01 ^ _065550_/ZN (NOR2_X1)
   0.02  887.03 v _087776_/ZN (OAI211_X1)
   0.37  887.40 ^ _087777_/ZN (NAND4_X1)
   0.05  887.46 v _087814_/ZN (OAI211_X1)
   0.05  887.50 ^ _087836_/ZN (OAI21_X1)
   0.02  887.53 v _087837_/ZN (OAI21_X1)
   0.04  887.57 ^ _087838_/ZN (OAI21_X1)
   0.02  887.59 v _087839_/ZN (NAND2_X1)
   0.02  887.61 ^ _087992_/ZN (OAI21_X1)
   0.04  887.65 ^ _087993_/Z (MUX2_X1)
   0.00  887.65 ^ _110959_/D (DFF_X1)
         887.65   data arrival time

   1.55    1.55   clock cpu_clk (rise edge)
   0.00    1.55   clock network delay (ideal)
   0.00    1.55   clock reconvergence pessimism
           1.55 ^ _110959_/CK (DFF_X1)
  -0.03    1.52   library setup time
           1.52   data required time
---------------------------------------------------------
           1.52   data required time
        -887.65   data arrival time
---------------------------------------------------------
        -886.13   slack (VIOLATED)


Startpoint: _125514_ (rising edge-triggered flip-flop clocked by cpu_div2)
Endpoint: _125521_ (rising edge-triggered flip-flop clocked by cpu_div2)
Path Group: cpu_div2
Path Type: max

  Delay    Time   Description
---------------------------------------------------------
   0.00    0.00   clock cpu_div2 (rise edge)
   0.00    0.00   clock network delay (ideal)
   0.00    0.00 ^ _125514_/CK (DFF_X1)
   0.09    0.09 ^ _125514_/Q (DFF_X1)
   0.05    0.15 ^ _075725_/ZN (AND3_X1)
   0.04    0.19 ^ _075726_/ZN (AND2_X1)
   0.04    0.23 ^ _075727_/ZN (AND2_X1)
   0.04    0.27 ^ _075728_/ZN (AND2_X1)
   0.04    0.31 ^ _075729_/ZN (AND2_X1)
   0.02    0.33 v _110332_/ZN (OAI21_X1)
   0.04    0.36 ^ _110333_/ZN (AOI21_X1)
   0.00    0.36 ^ _125521_/D (DFF_X1)
           0.36   data arrival time

   3.10    3.10   clock cpu_div2 (rise edge)
   0.00    3.10   clock network delay (ideal)
   0.00    3.10   clock reconvergence pessimism
           3.10 ^ _125521_/CK (DFF_X1)
  -0.03    3.07   library setup time
           3.07   data required time
---------------------------------------------------------
           3.07   data required time
          -0.36   data arrival time
---------------------------------------------------------
           2.70   slack (MET)


Startpoint: _125514_ (rising edge-triggered flip-flop clocked by cpu_div2)
Endpoint: _125520_ (rising edge-triggered flip-flop clocked by cpu_div2)
Path Group: cpu_div2
Path Type: max

  Delay    Time   Description
---------------------------------------------------------
   0.00    0.00   clock cpu_div2 (rise edge)
   0.00    0.00   clock network delay (ideal)
   0.00    0.00 ^ _125514_/CK (DFF_X1)
   0.09    0.09 ^ _125514_/Q (DFF_X1)
   0.05    0.15 ^ _075725_/ZN (AND3_X1)
   0.04    0.19 ^ _075726_/ZN (AND2_X1)
   0.04    0.23 ^ _075727_/ZN (AND2_X1)
   0.04    0.27 ^ _075728_/ZN (AND2_X1)
   0.04    0.31 ^ _075729_/ZN (AND2_X1)
   0.01    0.32 v _075731_/ZN (NOR2_X1)
   0.00    0.32 v _125520_/D (DFF_X1)
           0.32   data arrival time

   3.10    3.10   clock cpu_div2 (rise edge)
   0.00    3.10   clock network delay (ideal)
   0.00    3.10   clock reconvergence pessimism
           3.10 ^ _125520_/CK (DFF_X1)
  -0.04    3.06   library setup time
           3.06   data required time
---------------------------------------------------------
           3.06   data required time
          -0.32   data arrival time
---------------------------------------------------------
           2.74   slack (MET)


Startpoint: _125514_ (rising edge-triggered flip-flop clocked by cpu_div2)
Endpoint: _125519_ (rising edge-triggered flip-flop clocked by cpu_div2)
Path Group: cpu_div2
Path Type: max

  Delay    Time   Description
---------------------------------------------------------
   0.00    0.00   clock cpu_div2 (rise edge)
   0.00    0.00   clock network delay (ideal)
   0.00    0.00 ^ _125514_/CK (DFF_X1)
   0.09    0.09 ^ _125514_/Q (DFF_X1)
   0.05    0.15 ^ _075725_/ZN (AND3_X1)
   0.04    0.19 ^ _075726_/ZN (AND2_X1)
   0.04    0.23 ^ _075727_/ZN (AND2_X1)
   0.04    0.27 ^ _075728_/ZN (AND2_X1)
   0.01    0.27 v _075733_/ZN (NOR2_X1)
   0.00    0.27 v _125519_/D (DFF_X1)
           0.27   data arrival time

   3.10    3.10   clock cpu_div2 (rise edge)
   0.00    3.10   clock network delay (ideal)
   0.00    3.10   clock reconvergence pessimism
           3.10 ^ _125519_/CK (DFF_X1)
  -0.04    3.06   library setup time
           3.06   data required time
---------------------------------------------------------
           3.06   data required time
          -0.27   data arrival time
---------------------------------------------------------
           2.79   slack (MET)


Startpoint: _125514_ (rising edge-triggered flip-flop clocked by cpu_div2)
Endpoint: _125518_ (rising edge-triggered flip-flop clocked by cpu_div2)
Path Group: cpu_div2
Path Type: max

  Delay    Time   Description
---------------------------------------------------------
   0.00    0.00   clock cpu_div2 (rise edge)
   0.00    0.00   clock network delay (ideal)
   0.00    0.00 ^ _125514_/CK (DFF_X1)
   0.09    0.09 ^ _125514_/Q (DFF_X1)
   0.05    0.15 ^ _075725_/ZN (AND3_X1)
   0.04    0.19 ^ _075726_/ZN (AND2_X1)
   0.04    0.23 ^ _075727_/ZN (AND2_X1)
   0.01    0.23 v _075735_/ZN (NOR2_X1)
   0.00    0.23 v _125518_/D (DFF_X1)
           0.23   data arrival time

   3.10    3.10   clock cpu_div2 (rise edge)
   0.00    3.10   clock network delay (ideal)
   0.00    3.10   clock reconvergence pessimism
           3.10 ^ _125518_/CK (DFF_X1)
  -0.04    3.06   library setup time
           3.06   data required time
---------------------------------------------------------
           3.06   data required time
          -0.23   data arrival time
---------------------------------------------------------
           2.83   slack (MET)


Startpoint: _125514_ (rising edge-triggered flip-flop clocked by cpu_div2)
Endpoint: _125517_ (rising edge-triggered flip-flop clocked by cpu_div2)
Path Group: cpu_div2
Path Type: max

  Delay    Time   Description
---------------------------------------------------------
   0.00    0.00   clock cpu_div2 (rise edge)
   0.00    0.00   clock network delay (ideal)
   0.00    0.00 ^ _125514_/CK (DFF_X1)
   0.09    0.09 ^ _125514_/Q (DFF_X1)
   0.05    0.15 ^ _075725_/ZN (AND3_X1)
   0.04    0.19 ^ _075726_/ZN (AND2_X1)
   0.01    0.19 v _075737_/ZN (NOR2_X1)
   0.00    0.19 v _125517_/D (DFF_X1)
           0.19   data arrival time

   3.10    3.10   clock cpu_div2 (rise edge)
   0.00    3.10   clock network delay (ideal)
   0.00    3.10   clock reconvergence pessimism
           3.10 ^ _125517_/CK (DFF_X1)
  -0.04    3.06   library setup time
           3.06   data required time
---------------------------------------------------------
           3.06   data required time
          -0.19   data arrival time
---------------------------------------------------------
           2.87   slack (MET)


Startpoint: _125514_ (rising edge-triggered flip-flop clocked by cpu_div2)
Endpoint: _125516_ (rising edge-triggered flip-flop clocked by cpu_div2)
Path Group: cpu_div2
Path Type: max

  Delay    Time   Description
---------------------------------------------------------
   0.00    0.00   clock cpu_div2 (rise edge)
   0.00    0.00   clock network delay (ideal)
   0.00    0.00 ^ _125514_/CK (DFF_X1)
   0.09    0.09 ^ _125514_/Q (DFF_X1)
   0.05    0.15 ^ _075725_/ZN (AND3_X1)
   0.01    0.16 v _075739_/ZN (NOR3_X1)
   0.00    0.16 v _125516_/D (DFF_X1)
           0.16   data arrival time

   3.10    3.10   clock cpu_div2 (rise edge)
   0.00    3.10   clock network delay (ideal)
   0.00    3.10   clock reconvergence pessimism
           3.10 ^ _125516_/CK (DFF_X1)
  -0.06    3.04   library setup time
           3.04   data required time
---------------------------------------------------------
           3.04   data required time
          -0.16   data arrival time
---------------------------------------------------------
           2.89   slack (MET)


Startpoint: _125514_ (rising edge-triggered flip-flop clocked by cpu_div2)
Endpoint: _125515_ (rising edge-triggered flip-flop clocked by cpu_div2)
Path Group: cpu_div2
Path Type: max

  Delay    Time   Description
---------------------------------------------------------
   0.00    0.00   clock cpu_div2 (rise edge)
   0.00    0.00   clock network delay (ideal)
   0.00    0.00 ^ _125514_/CK (DFF_X1)
   0.09    0.09 ^ _125514_/Q (DFF_X1)
   0.04    0.13 ^ _075724_/ZN (AND2_X1)
   0.01    0.14 v _075740_/ZN (NOR2_X1)
   0.03    0.17 ^ _075741_/ZN (AOI21_X1)
   0.00    0.17 ^ _125515_/D (DFF_X1)
           0.17   data arrival time

   3.10    3.10   clock cpu_div2 (rise edge)
   0.00    3.10   clock network delay (ideal)
   0.00    3.10   clock reconvergence pessimism
           3.10 ^ _125515_/CK (DFF_X1)
  -0.03    3.07   library setup time
           3.07   data required time
---------------------------------------------------------
           3.07   data required time
          -0.17   data arrival time
---------------------------------------------------------
           2.89   slack (MET)


Startpoint: _125514_ (rising edge-triggered flip-flop clocked by cpu_div2)
Endpoint: _125514_ (rising edge-triggered flip-flop clocked by cpu_div2)
Path Group: cpu_div2
Path Type: max

  Delay    Time   Description
---------------------------------------------------------
   0.00    0.00   clock cpu_div2 (rise edge)
   0.00    0.00   clock network delay (ideal)
   0.00    0.00 ^ _125514_/CK (DFF_X1)
   0.06    0.06 v _125514_/QN (DFF_X1)
   0.03    0.09 v _075742_/ZN (AND2_X1)
   0.00    0.09 v _125514_/D (DFF_X1)
           0.09   data arrival time

   3.10    3.10   clock cpu_div2 (rise edge)
   0.00    3.10   clock network delay (ideal)
   0.00    3.10   clock reconvergence pessimism
           3.10 ^ _125514_/CK (DFF_X1)
  -0.04    3.06   library setup time
           3.06   data required time
---------------------------------------------------------
           3.06   data required time
          -0.09   data arrival time
---------------------------------------------------------
           2.97   slack (MET)


Startpoint: _126296_ (rising edge-triggered flip-flop clocked by fir_clk)
Endpoint: _120679_ (rising edge-triggered flip-flop clocked by fir_clk)
Path Group: fir_clk
Path Type: max

  Delay    Time   Description
---------------------------------------------------------
   0.00    0.00   clock fir_clk (rise edge)
   0.00    0.00   clock network delay (ideal)
   0.00    0.00 ^ _126296_/CK (DFF_X1)
   0.12    0.12 ^ _126296_/Q (DFF_X1)
   0.08    0.21 ^ _077027_/Z (XOR2_X1)
   0.06    0.27 ^ _077029_/ZN (XNOR2_X1)
   0.05    0.32 ^ _077031_/ZN (XNOR2_X1)
   0.05    0.37 ^ _077033_/ZN (XNOR2_X1)
   0.03    0.40 v _077058_/ZN (XNOR2_X1)
   0.06    0.46 ^ _077066_/ZN (NOR4_X1)
   0.04    0.50 ^ _077067_/ZN (OR2_X1)
   0.02    0.52 v _077068_/ZN (AOI21_X1)
   0.04    0.56 ^ _077131_/ZN (OAI21_X1)
   0.02    0.59 v _077203_/ZN (AOI21_X1)
   0.07    0.65 ^ _077415_/ZN (OAI22_X1)
   0.06    0.71 ^ _077428_/Z (XOR2_X1)
   0.06    0.78 ^ _077430_/Z (XOR2_X1)
   0.05    0.83 ^ _077431_/ZN (XNOR2_X1)
   0.06    0.89 ^ _077440_/Z (XOR2_X1)
   0.05    0.94 ^ _077441_/ZN (XNOR2_X1)
   0.06    1.00 ^ _077466_/Z (XOR2_X1)
   0.05    1.05 ^ _077467_/ZN (XNOR2_X1)
   0.06    1.11 ^ _077604_/Z (XOR2_X1)
   0.06    1.18 ^ _077762_/Z (XOR2_X1)
   0.05    1.23 ^ _077800_/ZN (XNOR2_X1)
   0.03    1.25 v _077801_/ZN (OAI21_X1)
   0.04    1.30 ^ _077802_/ZN (AOI21_X1)
   0.06    1.36 ^ _077926_/Z (XOR2_X1)
   0.05    1.41 ^ _078143_/ZN (XNOR2_X1)
   0.06    1.47 ^ _078278_/Z (XOR2_X1)
   0.05    1.52 ^ _078347_/ZN (XNOR2_X1)
   0.02    1.55 v _078348_/ZN (OAI21_X1)
   0.04    1.58 v _078349_/ZN (AND2_X1)
   0.04    1.63 ^ _078350_/ZN (NOR2_X1)
   0.03    1.65 v _078581_/ZN (OAI21_X1)
   0.09    1.75 ^ _078678_/ZN (OAI21_X1)
   0.02    1.76 v _078700_/ZN (AOI21_X1)
   0.00    1.76 v _120679_/D (DFF_X1)
           1.76   data arrival time

   1.46    1.46   clock fir_clk (rise edge)
   0.00    1.46   clock network delay (ideal)
   0.00    1.46   clock reconvergence pessimism
           1.46 ^ _120679_/CK (DFF_X1)
  -0.06    1.40   library setup time
           1.40   data required time
---------------------------------------------------------
           1.40   data required time
          -1.76   data arrival time
---------------------------------------------------------
          -0.37   slack (VIOLATED)


Startpoint: _126296_ (rising edge-triggered flip-flop clocked by fir_clk)
Endpoint: _120681_ (rising edge-triggered flip-flop clocked by fir_clk)
Path Group: fir_clk
Path Type: max

  Delay    Time   Description
---------------------------------------------------------
   0.00    0.00   clock fir_clk (rise edge)
   0.00    0.00   clock network delay (ideal)
   0.00    0.00 ^ _126296_/CK (DFF_X1)
   0.12    0.12 ^ _126296_/Q (DFF_X1)
   0.08    0.21 ^ _077027_/Z (XOR2_X1)
   0.06    0.27 ^ _077029_/ZN (XNOR2_X1)
   0.05    0.32 ^ _077031_/ZN (XNOR2_X1)
   0.05    0.37 ^ _077033_/ZN (XNOR2_X1)
   0.03    0.40 v _077058_/ZN (XNOR2_X1)
   0.06    0.46 ^ _077066_/ZN (NOR4_X1)
   0.04    0.50 ^ _077067_/ZN (OR2_X1)
   0.02    0.52 v _077068_/ZN (AOI21_X1)
   0.04    0.56 ^ _077131_/ZN (OAI21_X1)
   0.02    0.59 v _077203_/ZN (AOI21_X1)
   0.07    0.65 ^ _077415_/ZN (OAI22_X1)
   0.06    0.71 ^ _077428_/Z (XOR2_X1)
   0.06    0.78 ^ _077430_/Z (XOR2_X1)
   0.05    0.83 ^ _077431_/ZN (XNOR2_X1)
   0.06    0.89 ^ _077440_/Z (XOR2_X1)
   0.05    0.94 ^ _077441_/ZN (XNOR2_X1)
   0.06    1.00 ^ _077466_/Z (XOR2_X1)
   0.05    1.05 ^ _077467_/ZN (XNOR2_X1)
   0.06    1.11 ^ _077604_/Z (XOR2_X1)
   0.06    1.18 ^ _077762_/Z (XOR2_X1)
   0.05    1.23 ^ _077800_/ZN (XNOR2_X1)
   0.03    1.25 v _077801_/ZN (OAI21_X1)
   0.04    1.30 ^ _077802_/ZN (AOI21_X1)
   0.06    1.36 ^ _077926_/Z (XOR2_X1)
   0.05    1.41 ^ _078143_/ZN (XNOR2_X1)
   0.06    1.47 ^ _078278_/Z (XOR2_X1)
   0.05    1.52 ^ _078347_/ZN (XNOR2_X1)
   0.02    1.55 v _078348_/ZN (OAI21_X1)
   0.04    1.58 v _078349_/ZN (AND2_X1)
   0.04    1.63 ^ _078350_/ZN (NOR2_X1)
   0.03    1.65 v _078581_/ZN (OAI21_X1)
   0.09    1.75 ^ _078678_/ZN (OAI21_X1)
   0.02    1.76 v _078694_/ZN (AOI21_X1)
   0.00    1.76 v _120681_/D (DFF_X1)
           1.76   data arrival time

   1.46    1.46   clock fir_clk (rise edge)
   0.00    1.46   clock network delay (ideal)
   0.00    1.46   clock reconvergence pessimism
           1.46 ^ _120681_/CK (DFF_X1)
  -0.06    1.40   library setup time
           1.40   data required time
---------------------------------------------------------
           1.40   data required time
          -1.76   data arrival time
---------------------------------------------------------
          -0.37   slack (VIOLATED)


Startpoint: _126296_ (rising edge-triggered flip-flop clocked by fir_clk)
Endpoint: _120680_ (rising edge-triggered flip-flop clocked by fir_clk)
Path Group: fir_clk
Path Type: max

  Delay    Time   Description
---------------------------------------------------------
   0.00    0.00   clock fir_clk (rise edge)
   0.00    0.00   clock network delay (ideal)
   0.00    0.00 ^ _126296_/CK (DFF_X1)
   0.12    0.12 ^ _126296_/Q (DFF_X1)
   0.08    0.21 ^ _077027_/Z (XOR2_X1)
   0.06    0.27 ^ _077029_/ZN (XNOR2_X1)
   0.05    0.32 ^ _077031_/ZN (XNOR2_X1)
   0.05    0.37 ^ _077033_/ZN (XNOR2_X1)
   0.03    0.40 v _077058_/ZN (XNOR2_X1)
   0.06    0.46 ^ _077066_/ZN (NOR4_X1)
   0.04    0.50 ^ _077067_/ZN (OR2_X1)
   0.02    0.52 v _077068_/ZN (AOI21_X1)
   0.04    0.56 ^ _077131_/ZN (OAI21_X1)
   0.02    0.59 v _077203_/ZN (AOI21_X1)
   0.07    0.65 ^ _077415_/ZN (OAI22_X1)
   0.06    0.71 ^ _077428_/Z (XOR2_X1)
   0.06    0.78 ^ _077430_/Z (XOR2_X1)
   0.05    0.83 ^ _077431_/ZN (XNOR2_X1)
   0.06    0.89 ^ _077440_/Z (XOR2_X1)
   0.05    0.94 ^ _077441_/ZN (XNOR2_X1)
   0.06    1.00 ^ _077466_/Z (XOR2_X1)
   0.05    1.05 ^ _077467_/ZN (XNOR2_X1)
   0.06    1.11 ^ _077604_/Z (XOR2_X1)
   0.06    1.18 ^ _077762_/Z (XOR2_X1)
   0.05    1.23 ^ _077800_/ZN (XNOR2_X1)
   0.03    1.25 v _077801_/ZN (OAI21_X1)
   0.04    1.30 ^ _077802_/ZN (AOI21_X1)
   0.06    1.36 ^ _077926_/Z (XOR2_X1)
   0.05    1.41 ^ _078143_/ZN (XNOR2_X1)
   0.06    1.47 ^ _078278_/Z (XOR2_X1)
   0.05    1.52 ^ _078347_/ZN (XNOR2_X1)
   0.02    1.55 v _078348_/ZN (OAI21_X1)
   0.04    1.58 v _078349_/ZN (AND2_X1)
   0.04    1.63 ^ _078350_/ZN (NOR2_X1)
   0.03    1.65 v _078581_/ZN (OAI21_X1)
   0.09    1.75 ^ _078678_/ZN (OAI21_X1)
   0.02    1.76 v _078697_/ZN (AOI21_X1)
   0.00    1.76 v _120680_/D (DFF_X1)
           1.76   data arrival time

   1.46    1.46   clock fir_clk (rise edge)
   0.00    1.46   clock network delay (ideal)
   0.00    1.46   clock reconvergence pessimism
           1.46 ^ _120680_/CK (DFF_X1)
  -0.06    1.40   library setup time
           1.40   data required time
---------------------------------------------------------
           1.40   data required time
          -1.76   data arrival time
---------------------------------------------------------
          -0.36   slack (VIOLATED)


Startpoint: _126296_ (rising edge-triggered flip-flop clocked by fir_clk)
Endpoint: _120683_ (rising edge-triggered flip-flop clocked by fir_clk)
Path Group: fir_clk
Path Type: max

  Delay    Time   Description
---------------------------------------------------------
   0.00    0.00   clock fir_clk (rise edge)
   0.00    0.00   clock network delay (ideal)
   0.00    0.00 ^ _126296_/CK (DFF_X1)
   0.12    0.12 ^ _126296_/Q (DFF_X1)
   0.08    0.21 ^ _077027_/Z (XOR2_X1)
   0.06    0.27 ^ _077029_/ZN (XNOR2_X1)
   0.05    0.32 ^ _077031_/ZN (XNOR2_X1)
   0.05    0.37 ^ _077033_/ZN (XNOR2_X1)
   0.03    0.40 v _077058_/ZN (XNOR2_X1)
   0.06    0.46 ^ _077066_/ZN (NOR4_X1)
   0.04    0.50 ^ _077067_/ZN (OR2_X1)
   0.02    0.52 v _077068_/ZN (AOI21_X1)
   0.04    0.56 ^ _077131_/ZN (OAI21_X1)
   0.02    0.59 v _077203_/ZN (AOI21_X1)
   0.07    0.65 ^ _077415_/ZN (OAI22_X1)
   0.06    0.71 ^ _077428_/Z (XOR2_X1)
   0.06    0.78 ^ _077430_/Z (XOR2_X1)
   0.05    0.83 ^ _077431_/ZN (XNOR2_X1)
   0.06    0.89 ^ _077440_/Z (XOR2_X1)
   0.05    0.94 ^ _077441_/ZN (XNOR2_X1)
   0.06    1.00 ^ _077466_/Z (XOR2_X1)
   0.05    1.05 ^ _077467_/ZN (XNOR2_X1)
   0.06    1.11 ^ _077604_/Z (XOR2_X1)
   0.06    1.18 ^ _077762_/Z (XOR2_X1)
   0.05    1.23 ^ _077800_/ZN (XNOR2_X1)
   0.03    1.25 v _077801_/ZN (OAI21_X1)
   0.04    1.30 ^ _077802_/ZN (AOI21_X1)
   0.06    1.36 ^ _077926_/Z (XOR2_X1)
   0.05    1.41 ^ _078143_/ZN (XNOR2_X1)
   0.06    1.47 ^ _078278_/Z (XOR2_X1)
   0.05    1.52 ^ _078347_/ZN (XNOR2_X1)
   0.02    1.55 v _078348_/ZN (OAI21_X1)
   0.04    1.58 v _078349_/ZN (AND2_X1)
   0.04    1.63 ^ _078350_/ZN (NOR2_X1)
   0.03    1.65 v _078581_/ZN (OAI21_X1)
   0.09    1.75 ^ _078678_/ZN (OAI21_X1)
   0.02    1.76 v _078689_/ZN (AOI21_X1)
   0.00    1.76 v _120683_/D (DFF_X1)
           1.76   data arrival time

   1.46    1.46   clock fir_clk (rise edge)
   0.00    1.46   clock network delay (ideal)
   0.00    1.46   clock reconvergence pessimism
           1.46 ^ _120683_/CK (DFF_X1)
  -0.06    1.40   library setup time
           1.40   data required time
---------------------------------------------------------
           1.40   data required time
          -1.76   data arrival time
---------------------------------------------------------
          -0.36   slack (VIOLATED)


Startpoint: _126296_ (rising edge-triggered flip-flop clocked by fir_clk)
Endpoint: _120684_ (rising edge-triggered flip-flop clocked by fir_clk)
Path Group: fir_clk
Path Type: max

  Delay    Time   Description
---------------------------------------------------------
   0.00    0.00   clock fir_clk (rise edge)
   0.00    0.00   clock network delay (ideal)
   0.00    0.00 ^ _126296_/CK (DFF_X1)
   0.12    0.12 ^ _126296_/Q (DFF_X1)
   0.08    0.21 ^ _077027_/Z (XOR2_X1)
   0.06    0.27 ^ _077029_/ZN (XNOR2_X1)
   0.05    0.32 ^ _077031_/ZN (XNOR2_X1)
   0.05    0.37 ^ _077033_/ZN (XNOR2_X1)
   0.03    0.40 v _077058_/ZN (XNOR2_X1)
   0.06    0.46 ^ _077066_/ZN (NOR4_X1)
   0.04    0.50 ^ _077067_/ZN (OR2_X1)
   0.02    0.52 v _077068_/ZN (AOI21_X1)
   0.04    0.56 ^ _077131_/ZN (OAI21_X1)
   0.02    0.59 v _077203_/ZN (AOI21_X1)
   0.07    0.65 ^ _077415_/ZN (OAI22_X1)
   0.06    0.71 ^ _077428_/Z (XOR2_X1)
   0.06    0.78 ^ _077430_/Z (XOR2_X1)
   0.05    0.83 ^ _077431_/ZN (XNOR2_X1)
   0.06    0.89 ^ _077440_/Z (XOR2_X1)
   0.05    0.94 ^ _077441_/ZN (XNOR2_X1)
   0.06    1.00 ^ _077466_/Z (XOR2_X1)
   0.05    1.05 ^ _077467_/ZN (XNOR2_X1)
   0.06    1.11 ^ _077604_/Z (XOR2_X1)
   0.06    1.18 ^ _077762_/Z (XOR2_X1)
   0.05    1.23 ^ _077800_/ZN (XNOR2_X1)
   0.03    1.25 v _077801_/ZN (OAI21_X1)
   0.04    1.30 ^ _077802_/ZN (AOI21_X1)
   0.06    1.36 ^ _077926_/Z (XOR2_X1)
   0.05    1.41 ^ _078143_/ZN (XNOR2_X1)
   0.06    1.47 ^ _078278_/Z (XOR2_X1)
   0.05    1.52 ^ _078347_/ZN (XNOR2_X1)
   0.02    1.55 v _078348_/ZN (OAI21_X1)
   0.04    1.58 v _078349_/ZN (AND2_X1)
   0.04    1.63 ^ _078350_/ZN (NOR2_X1)
   0.03    1.65 v _078581_/ZN (OAI21_X1)
   0.09    1.75 ^ _078678_/ZN (OAI21_X1)
   0.02    1.76 v _078686_/ZN (AOI21_X1)
   0.00    1.76 v _120684_/D (DFF_X1)
           1.76   data arrival time

   1.46    1.46   clock fir_clk (rise edge)
   0.00    1.46   clock network delay (ideal)
   0.00    1.46   clock reconvergence pessimism
           1.46 ^ _120684_/CK (DFF_X1)
  -0.05    1.41   library setup time
           1.41   data required time
---------------------------------------------------------
           1.41   data required time
          -1.76   data arrival time
---------------------------------------------------------
          -0.36   slack (VIOLATED)


Startpoint: _126296_ (rising edge-triggered flip-flop clocked by fir_clk)
Endpoint: _120682_ (rising edge-triggered flip-flop clocked by fir_clk)
Path Group: fir_clk
Path Type: max

  Delay    Time   Description
---------------------------------------------------------
   0.00    0.00   clock fir_clk (rise edge)
   0.00    0.00   clock network delay (ideal)
   0.00    0.00 ^ _126296_/CK (DFF_X1)
   0.12    0.12 ^ _126296_/Q (DFF_X1)
   0.08    0.21 ^ _077027_/Z (XOR2_X1)
   0.06    0.27 ^ _077029_/ZN (XNOR2_X1)
   0.05    0.32 ^ _077031_/ZN (XNOR2_X1)
   0.05    0.37 ^ _077033_/ZN (XNOR2_X1)
   0.03    0.40 v _077058_/ZN (XNOR2_X1)
   0.06    0.46 ^ _077066_/ZN (NOR4_X1)
   0.04    0.50 ^ _077067_/ZN (OR2_X1)
   0.02    0.52 v _077068_/ZN (AOI21_X1)
   0.04    0.56 ^ _077131_/ZN (OAI21_X1)
   0.02    0.59 v _077203_/ZN (AOI21_X1)
   0.07    0.65 ^ _077415_/ZN (OAI22_X1)
   0.06    0.71 ^ _077428_/Z (XOR2_X1)
   0.06    0.78 ^ _077430_/Z (XOR2_X1)
   0.05    0.83 ^ _077431_/ZN (XNOR2_X1)
   0.06    0.89 ^ _077440_/Z (XOR2_X1)
   0.05    0.94 ^ _077441_/ZN (XNOR2_X1)
   0.06    1.00 ^ _077466_/Z (XOR2_X1)
   0.05    1.05 ^ _077467_/ZN (XNOR2_X1)
   0.06    1.11 ^ _077604_/Z (XOR2_X1)
   0.06    1.18 ^ _077762_/Z (XOR2_X1)
   0.05    1.23 ^ _077800_/ZN (XNOR2_X1)
   0.03    1.25 v _077801_/ZN (OAI21_X1)
   0.04    1.30 ^ _077802_/ZN (AOI21_X1)
   0.06    1.36 ^ _077926_/Z (XOR2_X1)
   0.05    1.41 ^ _078143_/ZN (XNOR2_X1)
   0.06    1.47 ^ _078278_/Z (XOR2_X1)
   0.05    1.52 ^ _078347_/ZN (XNOR2_X1)
   0.02    1.55 v _078348_/ZN (OAI21_X1)
   0.04    1.58 v _078349_/ZN (AND2_X1)
   0.04    1.63 ^ _078350_/ZN (NOR2_X1)
   0.03    1.65 v _078581_/ZN (OAI21_X1)
   0.09    1.75 ^ _078678_/ZN (OAI21_X1)
   0.02    1.76 v _078691_/ZN (AOI21_X1)
   0.00    1.76 v _120682_/D (DFF_X1)
           1.76   data arrival time

   1.46    1.46   clock fir_clk (rise edge)
   0.00    1.46   clock network delay (ideal)
   0.00    1.46   clock reconvergence pessimism
           1.46 ^ _120682_/CK (DFF_X1)
  -0.05    1.41   library setup time
           1.41   data required time
---------------------------------------------------------
           1.41   data required time
          -1.76   data arrival time
---------------------------------------------------------
          -0.36   slack (VIOLATED)


Startpoint: _126296_ (rising edge-triggered flip-flop clocked by fir_clk)
Endpoint: _120685_ (rising edge-triggered flip-flop clocked by fir_clk)
Path Group: fir_clk
Path Type: max

  Delay    Time   Description
---------------------------------------------------------
   0.00    0.00   clock fir_clk (rise edge)
   0.00    0.00   clock network delay (ideal)
   0.00    0.00 ^ _126296_/CK (DFF_X1)
   0.12    0.12 ^ _126296_/Q (DFF_X1)
   0.08    0.21 ^ _077027_/Z (XOR2_X1)
   0.06    0.27 ^ _077029_/ZN (XNOR2_X1)
   0.05    0.32 ^ _077031_/ZN (XNOR2_X1)
   0.05    0.37 ^ _077033_/ZN (XNOR2_X1)
   0.03    0.40 v _077058_/ZN (XNOR2_X1)
   0.06    0.46 ^ _077066_/ZN (NOR4_X1)
   0.04    0.50 ^ _077067_/ZN (OR2_X1)
   0.02    0.52 v _077068_/ZN (AOI21_X1)
   0.04    0.56 ^ _077131_/ZN (OAI21_X1)
   0.02    0.59 v _077203_/ZN (AOI21_X1)
   0.07    0.65 ^ _077415_/ZN (OAI22_X1)
   0.06    0.71 ^ _077428_/Z (XOR2_X1)
   0.06    0.78 ^ _077430_/Z (XOR2_X1)
   0.05    0.83 ^ _077431_/ZN (XNOR2_X1)
   0.06    0.89 ^ _077440_/Z (XOR2_X1)
   0.05    0.94 ^ _077441_/ZN (XNOR2_X1)
   0.06    1.00 ^ _077466_/Z (XOR2_X1)
   0.05    1.05 ^ _077467_/ZN (XNOR2_X1)
   0.06    1.11 ^ _077604_/Z (XOR2_X1)
   0.06    1.18 ^ _077762_/Z (XOR2_X1)
   0.05    1.23 ^ _077800_/ZN (XNOR2_X1)
   0.03    1.25 v _077801_/ZN (OAI21_X1)
   0.04    1.30 ^ _077802_/ZN (AOI21_X1)
   0.06    1.36 ^ _077926_/Z (XOR2_X1)
   0.05    1.41 ^ _078143_/ZN (XNOR2_X1)
   0.06    1.47 ^ _078278_/Z (XOR2_X1)
   0.05    1.52 ^ _078347_/ZN (XNOR2_X1)
   0.02    1.55 v _078348_/ZN (OAI21_X1)
   0.04    1.58 v _078349_/ZN (AND2_X1)
   0.04    1.63 ^ _078350_/ZN (NOR2_X1)
   0.03    1.65 v _078581_/ZN (OAI21_X1)
   0.09    1.75 ^ _078678_/ZN (OAI21_X1)
   0.02    1.76 v _078682_/ZN (OAI21_X1)
   0.00    1.76 v _120685_/D (DFF_X1)
           1.76   data arrival time

   1.46    1.46   clock fir_clk (rise edge)
   0.00    1.46   clock network delay (ideal)
   0.00    1.46   clock reconvergence pessimism
           1.46 ^ _120685_/CK (DFF_X1)
  -0.05    1.41   library setup time
           1.41   data required time
---------------------------------------------------------
           1.41   data required time
          -1.76   data arrival time
---------------------------------------------------------
          -0.35   slack (VIOLATED)


Startpoint: _126296_ (rising edge-triggered flip-flop clocked by fir_clk)
Endpoint: _120686_ (rising edge-triggered flip-flop clocked by fir_clk)
Path Group: fir_clk
Path Type: max

  Delay    Time   Description
---------------------------------------------------------
   0.00    0.00   clock fir_clk (rise edge)
   0.00    0.00   clock network delay (ideal)
   0.00    0.00 ^ _126296_/CK (DFF_X1)
   0.12    0.12 ^ _126296_/Q (DFF_X1)
   0.08    0.21 ^ _077027_/Z (XOR2_X1)
   0.06    0.27 ^ _077029_/ZN (XNOR2_X1)
   0.05    0.32 ^ _077031_/ZN (XNOR2_X1)
   0.05    0.37 ^ _077033_/ZN (XNOR2_X1)
   0.03    0.40 v _077058_/ZN (XNOR2_X1)
   0.06    0.46 ^ _077066_/ZN (NOR4_X1)
   0.04    0.50 ^ _077067_/ZN (OR2_X1)
   0.02    0.52 v _077068_/ZN (AOI21_X1)
   0.04    0.56 ^ _077131_/ZN (OAI21_X1)
   0.02    0.59 v _077203_/ZN (AOI21_X1)
   0.07    0.65 ^ _077415_/ZN (OAI22_X1)
   0.06    0.71 ^ _077428_/Z (XOR2_X1)
   0.06    0.78 ^ _077430_/Z (XOR2_X1)
   0.05    0.83 ^ _077431_/ZN (XNOR2_X1)
   0.06    0.89 ^ _077440_/Z (XOR2_X1)
   0.05    0.94 ^ _077441_/ZN (XNOR2_X1)
   0.06    1.00 ^ _077466_/Z (XOR2_X1)
   0.05    1.05 ^ _077467_/ZN (XNOR2_X1)
   0.06    1.11 ^ _077604_/Z (XOR2_X1)
   0.06    1.18 ^ _077762_/Z (XOR2_X1)
   0.05    1.23 ^ _077800_/ZN (XNOR2_X1)
   0.03    1.25 v _077801_/ZN (OAI21_X1)
   0.04    1.30 ^ _077802_/ZN (AOI21_X1)
   0.06    1.36 ^ _077926_/Z (XOR2_X1)
   0.05    1.41 ^ _078143_/ZN (XNOR2_X1)
   0.06    1.47 ^ _078278_/Z (XOR2_X1)
   0.05    1.52 ^ _078347_/ZN (XNOR2_X1)
   0.02    1.55 v _078348_/ZN (OAI21_X1)
   0.04    1.58 v _078349_/ZN (AND2_X1)
   0.04    1.63 ^ _078350_/ZN (NOR2_X1)
   0.03    1.65 v _078581_/ZN (OAI21_X1)
   0.09    1.75 ^ _078678_/ZN (OAI21_X1)
   0.02    1.76 v _078680_/ZN (OAI21_X1)
   0.00    1.76 v _120686_/D (DFF_X1)
           1.76   data arrival time

   1.46    1.46   clock fir_clk (rise edge)
   0.00    1.46   clock network delay (ideal)
   0.00    1.46   clock reconvergence pessimism
           1.46 ^ _120686_/CK (DFF_X1)
  -0.05    1.41   library setup time
           1.41   data required time
---------------------------------------------------------
           1.41   data required time
          -1.76   data arrival time
---------------------------------------------------------
          -0.35   slack (VIOLATED)


Startpoint: _126296_ (rising edge-triggered flip-flop clocked by fir_clk)
Endpoint: _121122_ (rising edge-triggered flip-flop clocked by fir_clk)
Path Group: fir_clk
Path Type: max

  Delay    Time   Description
---------------------------------------------------------
   0.00    0.00   clock fir_clk (rise edge)
   0.00    0.00   clock network delay (ideal)
   0.00    0.00 ^ _126296_/CK (DFF_X1)
   0.12    0.12 ^ _126296_/Q (DFF_X1)
   0.08    0.21 ^ _077027_/Z (XOR2_X1)
   0.06    0.27 ^ _077029_/ZN (XNOR2_X1)
   0.05    0.32 ^ _077031_/ZN (XNOR2_X1)
   0.05    0.37 ^ _077033_/ZN (XNOR2_X1)
   0.03    0.40 v _077058_/ZN (XNOR2_X1)
   0.06    0.46 ^ _077066_/ZN (NOR4_X1)
   0.04    0.50 ^ _077067_/ZN (OR2_X1)
   0.02    0.52 v _077068_/ZN (AOI21_X1)
   0.04    0.56 ^ _077131_/ZN (OAI21_X1)
   0.02    0.59 v _077203_/ZN (AOI21_X1)
   0.07    0.65 ^ _077415_/ZN (OAI22_X1)
   0.06    0.71 ^ _077428_/Z (XOR2_X1)
   0.06    0.78 ^ _077430_/Z (XOR2_X1)
   0.05    0.83 ^ _077431_/ZN (XNOR2_X1)
   0.06    0.89 ^ _077440_/Z (XOR2_X1)
   0.05    0.94 ^ _077441_/ZN (XNOR2_X1)
   0.06    1.00 ^ _077466_/Z (XOR2_X1)
   0.05    1.05 ^ _077467_/ZN (XNOR2_X1)
   0.06    1.11 ^ _077604_/Z (XOR2_X1)
   0.06    1.18 ^ _077762_/Z (XOR2_X1)
   0.05    1.23 ^ _077800_/ZN (XNOR2_X1)
   0.03    1.25 v _077801_/ZN (OAI21_X1)
   0.04    1.30 ^ _077802_/ZN (AOI21_X1)
   0.06    1.36 ^ _077926_/Z (XOR2_X1)
   0.05    1.41 ^ _078143_/ZN (XNOR2_X1)
   0.06    1.47 ^ _078278_/Z (XOR2_X1)
   0.05    1.52 ^ _078347_/ZN (XNOR2_X1)
   0.02    1.55 v _078348_/ZN (OAI21_X1)
   0.04    1.58 v _078349_/ZN (AND2_X1)
   0.04    1.63 ^ _078350_/ZN (NOR2_X1)
   0.02    1.64 v _078480_/ZN (AOI21_X1)
   0.05    1.69 ^ _078481_/ZN (OAI21_X1)
   0.02    1.71 v _095956_/ZN (AOI21_X1)
   0.00    1.71 v _121122_/D (DFF_X1)
           1.71   data arrival time

   1.46    1.46   clock fir_clk (rise edge)
   0.00    1.46   clock network delay (ideal)
   0.00    1.46   clock reconvergence pessimism
           1.46 ^ _121122_/CK (DFF_X1)
  -0.06    1.40   library setup time
           1.40   data required time
---------------------------------------------------------
           1.40   data required time
          -1.71   data arrival time
---------------------------------------------------------
          -0.32   slack (VIOLATED)


Startpoint: _126296_ (rising edge-triggered flip-flop clocked by fir_clk)
Endpoint: _121865_ (rising edge-triggered flip-flop clocked by fir_clk)
Path Group: fir_clk
Path Type: max

  Delay    Time   Description
---------------------------------------------------------
   0.00    0.00   clock fir_clk (rise edge)
   0.00    0.00   clock network delay (ideal)
   0.00    0.00 ^ _126296_/CK (DFF_X1)
   0.12    0.12 ^ _126296_/Q (DFF_X1)
   0.08    0.21 ^ _077027_/Z (XOR2_X1)
   0.06    0.27 ^ _077029_/ZN (XNOR2_X1)
   0.05    0.32 ^ _077031_/ZN (XNOR2_X1)
   0.05    0.37 ^ _077033_/ZN (XNOR2_X1)
   0.03    0.40 v _077058_/ZN (XNOR2_X1)
   0.06    0.46 ^ _077066_/ZN (NOR4_X1)
   0.04    0.50 ^ _077067_/ZN (OR2_X1)
   0.02    0.52 v _077068_/ZN (AOI21_X1)
   0.04    0.56 ^ _077131_/ZN (OAI21_X1)
   0.02    0.59 v _077203_/ZN (AOI21_X1)
   0.07    0.65 ^ _077415_/ZN (OAI22_X1)
   0.06    0.71 ^ _077428_/Z (XOR2_X1)
   0.06    0.78 ^ _077430_/Z (XOR2_X1)
   0.05    0.83 ^ _077431_/ZN (XNOR2_X1)
   0.06    0.89 ^ _077440_/Z (XOR2_X1)
   0.05    0.94 ^ _077441_/ZN (XNOR2_X1)
   0.06    1.00 ^ _077466_/Z (XOR2_X1)
   0.05    1.05 ^ _077467_/ZN (XNOR2_X1)
   0.06    1.11 ^ _077604_/Z (XOR2_X1)
   0.06    1.18 ^ _077762_/Z (XOR2_X1)
   0.05    1.23 ^ _077800_/ZN (XNOR2_X1)
   0.03    1.25 v _077801_/ZN (OAI21_X1)
   0.04    1.30 ^ _077802_/ZN (AOI21_X1)
   0.06    1.36 ^ _077926_/Z (XOR2_X1)
   0.05    1.41 ^ _078143_/ZN (XNOR2_X1)
   0.06    1.47 ^ _078278_/Z (XOR2_X1)
   0.05    1.52 ^ _078347_/ZN (XNOR2_X1)
   0.02    1.55 v _078348_/ZN (OAI21_X1)
   0.04    1.58 v _078349_/ZN (AND2_X1)
   0.04    1.63 ^ _078350_/ZN (NOR2_X1)
   0.02    1.64 v _078480_/ZN (AOI21_X1)
   0.05    1.69 ^ _078481_/ZN (OAI21_X1)
   0.02    1.71 v _079415_/ZN (AOI21_X1)
   0.00    1.71 v _121865_/D (DFF_X1)
           1.71   data arrival time

   1.46    1.46   clock fir_clk (rise edge)
   0.00    1.46   clock network delay (ideal)
   0.00    1.46   clock reconvergence pessimism
           1.46 ^ _121865_/CK (DFF_X1)
  -0.06    1.40   library setup time
           1.40   data required time
---------------------------------------------------------
           1.40   data required time
          -1.71   data arrival time
---------------------------------------------------------
          -0.32   slack (VIOLATED)


Startpoint: _126296_ (rising edge-triggered flip-flop clocked by fir_clk)
Endpoint: _121137_ (rising edge-triggered flip-flop clocked by fir_clk)
Path Group: fir_clk
Path Type: max

  Delay    Time   Description
---------------------------------------------------------
   0.00    0.00   clock fir_clk (rise edge)
   0.00    0.00   clock network delay (ideal)
   0.00    0.00 ^ _126296_/CK (DFF_X1)
   0.12    0.12 ^ _126296_/Q (DFF_X1)
   0.08    0.21 ^ _077027_/Z (XOR2_X1)
   0.06    0.27 ^ _077029_/ZN (XNOR2_X1)
   0.05    0.32 ^ _077031_/ZN (XNOR2_X1)
   0.05    0.37 ^ _077033_/ZN (XNOR2_X1)
   0.03    0.40 v _077058_/ZN (XNOR2_X1)
   0.06    0.46 ^ _077066_/ZN (NOR4_X1)
   0.04    0.50 ^ _077067_/ZN (OR2_X1)
   0.02    0.52 v _077068_/ZN (AOI21_X1)
   0.04    0.56 ^ _077131_/ZN (OAI21_X1)
   0.02    0.59 v _077203_/ZN (AOI21_X1)
   0.07    0.65 ^ _077415_/ZN (OAI22_X1)
   0.06    0.71 ^ _077428_/Z (XOR2_X1)
   0.06    0.78 ^ _077430_/Z (XOR2_X1)
   0.05    0.83 ^ _077431_/ZN (XNOR2_X1)
   0.06    0.89 ^ _077440_/Z (XOR2_X1)
   0.05    0.94 ^ _077441_/ZN (XNOR2_X1)
   0.06    1.00 ^ _077466_/Z (XOR2_X1)
   0.05    1.05 ^ _077467_/ZN (XNOR2_X1)
   0.06    1.11 ^ _077604_/Z (XOR2_X1)
   0.06    1.18 ^ _077762_/Z (XOR2_X1)
   0.05    1.23 ^ _077800_/ZN (XNOR2_X1)
   0.03    1.25 v _077801_/ZN (OAI21_X1)
   0.04    1.30 ^ _077802_/ZN (AOI21_X1)
   0.06    1.36 ^ _077926_/Z (XOR2_X1)
   0.05    1.41 ^ _078143_/ZN (XNOR2_X1)
   0.06    1.47 ^ _078278_/Z (XOR2_X1)
   0.05    1.52 ^ _078347_/ZN (XNOR2_X1)
   0.02    1.55 v _078348_/ZN (OAI21_X1)
   0.04    1.58 v _078349_/ZN (AND2_X1)
   0.04    1.63 ^ _078350_/ZN (NOR2_X1)
   0.02    1.64 v _078480_/ZN (AOI21_X1)
   0.05    1.69 ^ _078481_/ZN (OAI21_X1)
   0.02    1.71 v _095721_/ZN (AOI21_X1)
   0.00    1.71 v _121137_/D (DFF_X1)
           1.71   data arrival time

   1.46    1.46   clock fir_clk (rise edge)
   0.00    1.46   clock network delay (ideal)
   0.00    1.46   clock reconvergence pessimism
           1.46 ^ _121137_/CK (DFF_X1)
  -0.06    1.40   library setup time
           1.40   data required time
---------------------------------------------------------
           1.40   data required time
          -1.71   data arrival time
---------------------------------------------------------
          -0.31   slack (VIOLATED)


Startpoint: _126296_ (rising edge-triggered flip-flop clocked by fir_clk)
Endpoint: _122112_ (rising edge-triggered flip-flop clocked by fir_clk)
Path Group: fir_clk
Path Type: max

  Delay    Time   Description
---------------------------------------------------------
   0.00    0.00   clock fir_clk (rise edge)
   0.00    0.00   clock network delay (ideal)
   0.00    0.00 ^ _126296_/CK (DFF_X1)
   0.12    0.12 ^ _126296_/Q (DFF_X1)
   0.08    0.21 ^ _077027_/Z (XOR2_X1)
   0.06    0.27 ^ _077029_/ZN (XNOR2_X1)
   0.05    0.32 ^ _077031_/ZN (XNOR2_X1)
   0.05    0.37 ^ _077033_/ZN (XNOR2_X1)
   0.03    0.40 v _077058_/ZN (XNOR2_X1)
   0.06    0.46 ^ _077066_/ZN (NOR4_X1)
   0.04    0.50 ^ _077067_/ZN (OR2_X1)
   0.02    0.52 v _077068_/ZN (AOI21_X1)
   0.04    0.56 ^ _077131_/ZN (OAI21_X1)
   0.02    0.59 v _077203_/ZN (AOI21_X1)
   0.07    0.65 ^ _077415_/ZN (OAI22_X1)
   0.06    0.71 ^ _077428_/Z (XOR2_X1)
   0.06    0.78 ^ _077430_/Z (XOR2_X1)
   0.05    0.83 ^ _077431_/ZN (XNOR2_X1)
   0.06    0.89 ^ _077440_/Z (XOR2_X1)
   0.05    0.94 ^ _077441_/ZN (XNOR2_X1)
   0.06    1.00 ^ _077466_/Z (XOR2_X1)
   0.05    1.05 ^ _077467_/ZN (XNOR2_X1)
   0.06    1.11 ^ _077604_/Z (XOR2_X1)
   0.06    1.18 ^ _077762_/Z (XOR2_X1)
   0.05    1.23 ^ _077800_/ZN (XNOR2_X1)
   0.03    1.25 v _077801_/ZN (OAI21_X1)
   0.04    1.30 ^ _077802_/ZN (AOI21_X1)
   0.06    1.36 ^ _077926_/Z (XOR2_X1)
   0.05    1.41 ^ _078143_/ZN (XNOR2_X1)
   0.06    1.47 ^ _078278_/Z (XOR2_X1)
   0.05    1.52 ^ _078347_/ZN (XNOR2_X1)
   0.02    1.55 v _078348_/ZN (OAI21_X1)
   0.04    1.58 v _078349_/ZN (AND2_X1)
   0.04    1.63 ^ _078350_/ZN (NOR2_X1)
   0.02    1.64 v _078480_/ZN (AOI21_X1)
   0.05    1.69 ^ _078481_/ZN (OAI21_X1)
   0.02    1.71 v _078834_/ZN (AOI21_X1)
   0.00    1.71 v _122112_/D (DFF_X1)
           1.71   data arrival time

   1.46    1.46   clock fir_clk (rise edge)
   0.00    1.46   clock network delay (ideal)
   0.00    1.46   clock reconvergence pessimism
           1.46 ^ _122112_/CK (DFF_X1)
  -0.06    1.40   library setup time
           1.40   data required time
---------------------------------------------------------
           1.40   data required time
          -1.71   data arrival time
---------------------------------------------------------
          -0.31   slack (VIOLATED)


Startpoint: _126296_ (rising edge-triggered flip-flop clocked by fir_clk)
Endpoint: _122158_ (rising edge-triggered flip-flop clocked by fir_clk)
Path Group: fir_clk
Path Type: max

  Delay    Time   Description
---------------------------------------------------------
   0.00    0.00   clock fir_clk (rise edge)
   0.00    0.00   clock network delay (ideal)
   0.00    0.00 ^ _126296_/CK (DFF_X1)
   0.12    0.12 ^ _126296_/Q (DFF_X1)
   0.08    0.21 ^ _077027_/Z (XOR2_X1)
   0.06    0.27 ^ _077029_/ZN (XNOR2_X1)
   0.05    0.32 ^ _077031_/ZN (XNOR2_X1)
   0.05    0.37 ^ _077033_/ZN (XNOR2_X1)
   0.03    0.40 v _077058_/ZN (XNOR2_X1)
   0.06    0.46 ^ _077066_/ZN (NOR4_X1)
   0.04    0.50 ^ _077067_/ZN (OR2_X1)
   0.02    0.52 v _077068_/ZN (AOI21_X1)
   0.04    0.56 ^ _077131_/ZN (OAI21_X1)
   0.02    0.59 v _077203_/ZN (AOI21_X1)
   0.07    0.65 ^ _077415_/ZN (OAI22_X1)
   0.06    0.71 ^ _077428_/Z (XOR2_X1)
   0.06    0.78 ^ _077430_/Z (XOR2_X1)
   0.05    0.83 ^ _077431_/ZN (XNOR2_X1)
   0.06    0.89 ^ _077440_/Z (XOR2_X1)
   0.05    0.94 ^ _077441_/ZN (XNOR2_X1)
   0.06    1.00 ^ _077466_/Z (XOR2_X1)
   0.05    1.05 ^ _077467_/ZN (XNOR2_X1)
   0.06    1.11 ^ _077604_/Z (XOR2_X1)
   0.06    1.18 ^ _077762_/Z (XOR2_X1)
   0.05    1.23 ^ _077800_/ZN (XNOR2_X1)
   0.03    1.25 v _077801_/ZN (OAI21_X1)
   0.04    1.30 ^ _077802_/ZN (AOI21_X1)
   0.06    1.36 ^ _077926_/Z (XOR2_X1)
   0.05    1.41 ^ _078143_/ZN (XNOR2_X1)
   0.06    1.47 ^ _078278_/Z (XOR2_X1)
   0.05    1.52 ^ _078347_/ZN (XNOR2_X1)
   0.02    1.55 v _078348_/ZN (OAI21_X1)
   0.04    1.58 v _078349_/ZN (AND2_X1)
   0.04    1.63 ^ _078350_/ZN (NOR2_X1)
   0.02    1.64 v _078480_/ZN (AOI21_X1)
   0.05    1.69 ^ _078481_/ZN (OAI21_X1)
   0.02    1.71 v _110409_/ZN (AOI21_X1)
   0.00    1.71 v _122158_/D (DFF_X1)
           1.71   data arrival time

   1.46    1.46   clock fir_clk (rise edge)
   0.00    1.46   clock network delay (ideal)
   0.00    1.46   clock reconvergence pessimism
           1.46 ^ _122158_/CK (DFF_X1)
  -0.05    1.41   library setup time
           1.41   data required time
---------------------------------------------------------
           1.41   data required time
          -1.71   data arrival time
---------------------------------------------------------
          -0.31   slack (VIOLATED)


Startpoint: _126296_ (rising edge-triggered flip-flop clocked by fir_clk)
Endpoint: _121911_ (rising edge-triggered flip-flop clocked by fir_clk)
Path Group: fir_clk
Path Type: max

  Delay    Time   Description
---------------------------------------------------------
   0.00    0.00   clock fir_clk (rise edge)
   0.00    0.00   clock network delay (ideal)
   0.00    0.00 ^ _126296_/CK (DFF_X1)
   0.12    0.12 ^ _126296_/Q (DFF_X1)
   0.08    0.21 ^ _077027_/Z (XOR2_X1)
   0.06    0.27 ^ _077029_/ZN (XNOR2_X1)
   0.05    0.32 ^ _077031_/ZN (XNOR2_X1)
   0.05    0.37 ^ _077033_/ZN (XNOR2_X1)
   0.03    0.40 v _077058_/ZN (XNOR2_X1)
   0.06    0.46 ^ _077066_/ZN (NOR4_X1)
   0.04    0.50 ^ _077067_/ZN (OR2_X1)
   0.02    0.52 v _077068_/ZN (AOI21_X1)
   0.04    0.56 ^ _077131_/ZN (OAI21_X1)
   0.02    0.59 v _077203_/ZN (AOI21_X1)
   0.07    0.65 ^ _077415_/ZN (OAI22_X1)
   0.06    0.71 ^ _077428_/Z (XOR2_X1)
   0.06    0.78 ^ _077430_/Z (XOR2_X1)
   0.05    0.83 ^ _077431_/ZN (XNOR2_X1)
   0.06    0.89 ^ _077440_/Z (XOR2_X1)
   0.05    0.94 ^ _077441_/ZN (XNOR2_X1)
   0.06    1.00 ^ _077466_/Z (XOR2_X1)
   0.05    1.05 ^ _077467_/ZN (XNOR2_X1)
   0.06    1.11 ^ _077604_/Z (XOR2_X1)
   0.06    1.18 ^ _077762_/Z (XOR2_X1)
   0.05    1.23 ^ _077800_/ZN (XNOR2_X1)
   0.03    1.25 v _077801_/ZN (OAI21_X1)
   0.04    1.30 ^ _077802_/ZN (AOI21_X1)
   0.06    1.36 ^ _077926_/Z (XOR2_X1)
   0.05    1.41 ^ _078143_/ZN (XNOR2_X1)
   0.06    1.47 ^ _078278_/Z (XOR2_X1)
   0.05    1.52 ^ _078347_/ZN (XNOR2_X1)
   0.02    1.55 v _078348_/ZN (OAI21_X1)
   0.04    1.58 v _078349_/ZN (AND2_X1)
   0.04    1.63 ^ _078350_/ZN (NOR2_X1)
   0.02    1.64 v _078480_/ZN (AOI21_X1)
   0.05    1.69 ^ _078481_/ZN (OAI21_X1)
   0.02    1.71 v _079306_/ZN (AOI21_X1)
   0.00    1.71 v _121911_/D (DFF_X1)
           1.71   data arrival time

   1.46    1.46   clock fir_clk (rise edge)
   0.00    1.46   clock network delay (ideal)
   0.00    1.46   clock reconvergence pessimism
           1.46 ^ _121911_/CK (DFF_X1)
  -0.05    1.41   library setup time
           1.41   data required time
---------------------------------------------------------
           1.41   data required time
          -1.71   data arrival time
---------------------------------------------------------
          -0.30   slack (VIOLATED)


Startpoint: _126296_ (rising edge-triggered flip-flop clocked by fir_clk)
Endpoint: _122173_ (rising edge-triggered flip-flop clocked by fir_clk)
Path Group: fir_clk
Path Type: max

  Delay    Time   Description
---------------------------------------------------------
   0.00    0.00   clock fir_clk (rise edge)
   0.00    0.00   clock network delay (ideal)
   0.00    0.00 ^ _126296_/CK (DFF_X1)
   0.12    0.12 ^ _126296_/Q (DFF_X1)
   0.08    0.21 ^ _077027_/Z (XOR2_X1)
   0.06    0.27 ^ _077029_/ZN (XNOR2_X1)
   0.05    0.32 ^ _077031_/ZN (XNOR2_X1)
   0.05    0.37 ^ _077033_/ZN (XNOR2_X1)
   0.03    0.40 v _077058_/ZN (XNOR2_X1)
   0.06    0.46 ^ _077066_/ZN (NOR4_X1)
   0.04    0.50 ^ _077067_/ZN (OR2_X1)
   0.02    0.52 v _077068_/ZN (AOI21_X1)
   0.04    0.56 ^ _077131_/ZN (OAI21_X1)
   0.02    0.59 v _077203_/ZN (AOI21_X1)
   0.07    0.65 ^ _077415_/ZN (OAI22_X1)
   0.06    0.71 ^ _077428_/Z (XOR2_X1)
   0.06    0.78 ^ _077430_/Z (XOR2_X1)
   0.05    0.83 ^ _077431_/ZN (XNOR2_X1)
   0.06    0.89 ^ _077440_/Z (XOR2_X1)
   0.05    0.94 ^ _077441_/ZN (XNOR2_X1)
   0.06    1.00 ^ _077466_/Z (XOR2_X1)
   0.05    1.05 ^ _077467_/ZN (XNOR2_X1)
   0.06    1.11 ^ _077604_/Z (XOR2_X1)
   0.06    1.18 ^ _077762_/Z (XOR2_X1)
   0.05    1.23 ^ _077800_/ZN (XNOR2_X1)
   0.03    1.25 v _077801_/ZN (OAI21_X1)
   0.04    1.30 ^ _077802_/ZN (AOI21_X1)
   0.06    1.36 ^ _077926_/Z (XOR2_X1)
   0.05    1.41 ^ _078143_/ZN (XNOR2_X1)
   0.06    1.47 ^ _078278_/Z (XOR2_X1)
   0.05    1.52 ^ _078347_/ZN (XNOR2_X1)
   0.02    1.55 v _078348_/ZN (OAI21_X1)
   0.04    1.58 v _078349_/ZN (AND2_X1)
   0.04    1.63 ^ _078350_/ZN (NOR2_X1)
   0.02    1.64 v _078480_/ZN (AOI21_X1)
   0.05    1.69 ^ _078481_/ZN (OAI21_X1)
   0.02    1.72 v _078548_/ZN (OAI21_X1)
   0.00    1.72 v _122173_/D (DFF_X1)
           1.72   data arrival time

   1.46    1.46   clock fir_clk (rise edge)
   0.00    1.46   clock network delay (ideal)
   0.00    1.46   clock reconvergence pessimism
           1.46 ^ _122173_/CK (DFF_X1)
  -0.05    1.41   library setup time
           1.41   data required time
---------------------------------------------------------
           1.41   data required time
          -1.72   data arrival time
---------------------------------------------------------
          -0.30   slack (VIOLATED)


Startpoint: _126296_ (rising edge-triggered flip-flop clocked by fir_clk)
Endpoint: _122188_ (rising edge-triggered flip-flop clocked by fir_clk)
Path Group: fir_clk
Path Type: max

  Delay    Time   Description
---------------------------------------------------------
   0.00    0.00   clock fir_clk (rise edge)
   0.00    0.00   clock network delay (ideal)
   0.00    0.00 ^ _126296_/CK (DFF_X1)
   0.12    0.12 ^ _126296_/Q (DFF_X1)
   0.08    0.21 ^ _077027_/Z (XOR2_X1)
   0.06    0.27 ^ _077029_/ZN (XNOR2_X1)
   0.05    0.32 ^ _077031_/ZN (XNOR2_X1)
   0.05    0.37 ^ _077033_/ZN (XNOR2_X1)
   0.03    0.40 v _077058_/ZN (XNOR2_X1)
   0.06    0.46 ^ _077066_/ZN (NOR4_X1)
   0.04    0.50 ^ _077067_/ZN (OR2_X1)
   0.02    0.52 v _077068_/ZN (AOI21_X1)
   0.04    0.56 ^ _077131_/ZN (OAI21_X1)
   0.02    0.59 v _077203_/ZN (AOI21_X1)
   0.07    0.65 ^ _077415_/ZN (OAI22_X1)
   0.06    0.71 ^ _077428_/Z (XOR2_X1)
   0.06    0.78 ^ _077430_/Z (XOR2_X1)
   0.05    0.83 ^ _077431_/ZN (XNOR2_X1)
   0.06    0.89 ^ _077440_/Z (XOR2_X1)
   0.05    0.94 ^ _077441_/ZN (XNOR2_X1)
   0.06    1.00 ^ _077466_/Z (XOR2_X1)
   0.05    1.05 ^ _077467_/ZN (XNOR2_X1)
   0.06    1.11 ^ _077604_/Z (XOR2_X1)
   0.06    1.18 ^ _077762_/Z (XOR2_X1)
   0.05    1.23 ^ _077800_/ZN (XNOR2_X1)
   0.03    1.25 v _077801_/ZN (OAI21_X1)
   0.04    1.30 ^ _077802_/ZN (AOI21_X1)
   0.06    1.36 ^ _077926_/Z (XOR2_X1)
   0.05    1.41 ^ _078143_/ZN (XNOR2_X1)
   0.06    1.47 ^ _078278_/Z (XOR2_X1)
   0.05    1.52 ^ _078347_/ZN (XNOR2_X1)
   0.02    1.55 v _078348_/ZN (OAI21_X1)
   0.04    1.58 v _078349_/ZN (AND2_X1)
   0.04    1.63 ^ _078350_/ZN (NOR2_X1)
   0.02    1.64 v _078480_/ZN (AOI21_X1)
   0.05    1.69 ^ _078481_/ZN (OAI21_X1)
   0.02    1.71 v _078483_/ZN (OAI21_X1)
   0.00    1.71 v _122188_/D (DFF_X1)
           1.71   data arrival time

   1.46    1.46   clock fir_clk (rise edge)
   0.00    1.46   clock network delay (ideal)
   0.00    1.46   clock reconvergence pessimism
           1.46 ^ _122188_/CK (DFF_X1)
  -0.05    1.41   library setup time
           1.41   data required time
---------------------------------------------------------
           1.41   data required time
          -1.71   data arrival time
---------------------------------------------------------
          -0.30   slack (VIOLATED)


Startpoint: _126296_ (rising edge-triggered flip-flop clocked by fir_clk)
Endpoint: _121121_ (rising edge-triggered flip-flop clocked by fir_clk)
Path Group: fir_clk
Path Type: max

  Delay    Time   Description
---------------------------------------------------------
   0.00    0.00   clock fir_clk (rise edge)
   0.00    0.00   clock network delay (ideal)
   0.00    0.00 ^ _126296_/CK (DFF_X1)
   0.12    0.12 ^ _126296_/Q (DFF_X1)
   0.08    0.21 ^ _077027_/Z (XOR2_X1)
   0.06    0.27 ^ _077029_/ZN (XNOR2_X1)
   0.05    0.32 ^ _077031_/ZN (XNOR2_X1)
   0.05    0.37 ^ _077033_/ZN (XNOR2_X1)
   0.03    0.40 v _077058_/ZN (XNOR2_X1)
   0.06    0.46 ^ _077066_/ZN (NOR4_X1)
   0.04    0.50 ^ _077067_/ZN (OR2_X1)
   0.02    0.52 v _077068_/ZN (AOI21_X1)
   0.04    0.56 ^ _077131_/ZN (OAI21_X1)
   0.02    0.59 v _077203_/ZN (AOI21_X1)
   0.07    0.65 ^ _077415_/ZN (OAI22_X1)
   0.06    0.71 ^ _077428_/Z (XOR2_X1)
   0.06    0.78 ^ _077430_/Z (XOR2_X1)
   0.05    0.83 ^ _077431_/ZN (XNOR2_X1)
   0.06    0.89 ^ _077440_/Z (XOR2_X1)
   0.05    0.94 ^ _077441_/ZN (XNOR2_X1)
   0.06    1.00 ^ _077466_/Z (XOR2_X1)
   0.05    1.05 ^ _077467_/ZN (XNOR2_X1)
   0.06    1.11 ^ _077604_/Z (XOR2_X1)
   0.06    1.18 ^ _077762_/Z (XOR2_X1)
   0.05    1.23 ^ _077800_/ZN (XNOR2_X1)
   0.03    1.25 v _077801_/ZN (OAI21_X1)
   0.04    1.30 ^ _077802_/ZN (AOI21_X1)
   0.06    1.36 ^ _077926_/Z (XOR2_X1)
   0.05    1.41 ^ _078143_/ZN (XNOR2_X1)
   0.06    1.47 ^ _078278_/Z (XOR2_X1)
   0.05    1.52 ^ _078347_/ZN (XNOR2_X1)
   0.02    1.55 v _078348_/ZN (OAI21_X1)
   0.04    1.58 v _078349_/ZN (AND2_X1)
   0.05    1.64 ^ _078486_/ZN (NOR2_X1)
   0.04    1.68 ^ _096009_/Z (MUX2_X1)
   0.00    1.68 ^ _121121_/D (DFF_X1)
           1.68   data arrival time

   1.46    1.46   clock fir_clk (rise edge)
   0.00    1.46   clock network delay (ideal)
   0.00    1.46   clock reconvergence pessimism
           1.46 ^ _121121_/CK (DFF_X1)
  -0.04    1.42   library setup time
           1.42   data required time
---------------------------------------------------------
           1.42   data required time
          -1.68   data arrival time
---------------------------------------------------------
          -0.25   slack (VIOLATED)


Startpoint: _126296_ (rising edge-triggered flip-flop clocked by fir_clk)
Endpoint: _121864_ (rising edge-triggered flip-flop clocked by fir_clk)
Path Group: fir_clk
Path Type: max

  Delay    Time   Description
---------------------------------------------------------
   0.00    0.00   clock fir_clk (rise edge)
   0.00    0.00   clock network delay (ideal)
   0.00    0.00 ^ _126296_/CK (DFF_X1)
   0.12    0.12 ^ _126296_/Q (DFF_X1)
   0.08    0.21 ^ _077027_/Z (XOR2_X1)
   0.06    0.27 ^ _077029_/ZN (XNOR2_X1)
   0.05    0.32 ^ _077031_/ZN (XNOR2_X1)
   0.05    0.37 ^ _077033_/ZN (XNOR2_X1)
   0.03    0.40 v _077058_/ZN (XNOR2_X1)
   0.06    0.46 ^ _077066_/ZN (NOR4_X1)
   0.04    0.50 ^ _077067_/ZN (OR2_X1)
   0.02    0.52 v _077068_/ZN (AOI21_X1)
   0.04    0.56 ^ _077131_/ZN (OAI21_X1)
   0.02    0.59 v _077203_/ZN (AOI21_X1)
   0.07    0.65 ^ _077415_/ZN (OAI22_X1)
   0.06    0.71 ^ _077428_/Z (XOR2_X1)
   0.06    0.78 ^ _077430_/Z (XOR2_X1)
   0.05    0.83 ^ _077431_/ZN (XNOR2_X1)
   0.06    0.89 ^ _077440_/Z (XOR2_X1)
   0.05    0.94 ^ _077441_/ZN (XNOR2_X1)
   0.06    1.00 ^ _077466_/Z (XOR2_X1)
   0.05    1.05 ^ _077467_/ZN (XNOR2_X1)
   0.06    1.11 ^ _077604_/Z (XOR2_X1)
   0.06    1.18 ^ _077762_/Z (XOR2_X1)
   0.05    1.23 ^ _077800_/ZN (XNOR2_X1)
   0.03    1.25 v _077801_/ZN (OAI21_X1)
   0.04    1.30 ^ _077802_/ZN (AOI21_X1)
   0.06    1.36 ^ _077926_/Z (XOR2_X1)
   0.05    1.41 ^ _078143_/ZN (XNOR2_X1)
   0.06    1.47 ^ _078278_/Z (XOR2_X1)
   0.05    1.52 ^ _078347_/ZN (XNOR2_X1)
   0.02    1.55 v _078348_/ZN (OAI21_X1)
   0.04    1.58 v _078349_/ZN (AND2_X1)
   0.05    1.64 ^ _078486_/ZN (NOR2_X1)
   0.04    1.68 ^ _079417_/Z (MUX2_X1)
   0.00    1.68 ^ _121864_/D (DFF_X1)
           1.68   data arrival time

   1.46    1.46   clock fir_clk (rise edge)
   0.00    1.46   clock network delay (ideal)
   0.00    1.46   clock reconvergence pessimism
           1.46 ^ _121864_/CK (DFF_X1)
  -0.04    1.42   library setup time
           1.42   data required time
---------------------------------------------------------
           1.42   data required time
          -1.68   data arrival time
---------------------------------------------------------
          -0.25   slack (VIOLATED)


Startpoint: _126296_ (rising edge-triggered flip-flop clocked by fir_clk)
Endpoint: _121910_ (rising edge-triggered flip-flop clocked by fir_clk)
Path Group: fir_clk
Path Type: max

  Delay    Time   Description
---------------------------------------------------------
   0.00    0.00   clock fir_clk (rise edge)
   0.00    0.00   clock network delay (ideal)
   0.00    0.00 ^ _126296_/CK (DFF_X1)
   0.12    0.12 ^ _126296_/Q (DFF_X1)
   0.08    0.21 ^ _077027_/Z (XOR2_X1)
   0.06    0.27 ^ _077029_/ZN (XNOR2_X1)
   0.05    0.32 ^ _077031_/ZN (XNOR2_X1)
   0.05    0.37 ^ _077033_/ZN (XNOR2_X1)
   0.03    0.40 v _077058_/ZN (XNOR2_X1)
   0.06    0.46 ^ _077066_/ZN (NOR4_X1)
   0.04    0.50 ^ _077067_/ZN (OR2_X1)
   0.02    0.52 v _077068_/ZN (AOI21_X1)
   0.04    0.56 ^ _077131_/ZN (OAI21_X1)
   0.02    0.59 v _077203_/ZN (AOI21_X1)
   0.07    0.65 ^ _077415_/ZN (OAI22_X1)
   0.06    0.71 ^ _077428_/Z (XOR2_X1)
   0.06    0.78 ^ _077430_/Z (XOR2_X1)
   0.05    0.83 ^ _077431_/ZN (XNOR2_X1)
   0.06    0.89 ^ _077440_/Z (XOR2_X1)
   0.05    0.94 ^ _077441_/ZN (XNOR2_X1)
   0.06    1.00 ^ _077466_/Z (XOR2_X1)
   0.05    1.05 ^ _077467_/ZN (XNOR2_X1)
   0.06    1.11 ^ _077604_/Z (XOR2_X1)
   0.06    1.18 ^ _077762_/Z (XOR2_X1)
   0.05    1.23 ^ _077800_/ZN (XNOR2_X1)
   0.03    1.25 v _077801_/ZN (OAI21_X1)
   0.04    1.30 ^ _077802_/ZN (AOI21_X1)
   0.06    1.36 ^ _077926_/Z (XOR2_X1)
   0.05    1.41 ^ _078143_/ZN (XNOR2_X1)
   0.06    1.47 ^ _078278_/Z (XOR2_X1)
   0.05    1.52 ^ _078347_/ZN (XNOR2_X1)
   0.02    1.55 v _078348_/ZN (OAI21_X1)
   0.04    1.58 v _078349_/ZN (AND2_X1)
   0.05    1.64 ^ _078486_/ZN (NOR2_X1)
   0.04    1.68 ^ _079311_/Z (MUX2_X1)
   0.00    1.68 ^ _121910_/D (DFF_X1)
           1.68   data arrival time

   1.46    1.46   clock fir_clk (rise edge)
   0.00    1.46   clock network delay (ideal)
   0.00    1.46   clock reconvergence pessimism
           1.46 ^ _121910_/CK (DFF_X1)
  -0.03    1.43   library setup time
           1.43   data required time
---------------------------------------------------------
           1.43   data required time
          -1.68   data arrival time
---------------------------------------------------------
          -0.25   slack (VIOLATED)


Startpoint: _126296_ (rising edge-triggered flip-flop clocked by fir_clk)
Endpoint: _121136_ (rising edge-triggered flip-flop clocked by fir_clk)
Path Group: fir_clk
Path Type: max

  Delay    Time   Description
---------------------------------------------------------
   0.00    0.00   clock fir_clk (rise edge)
   0.00    0.00   clock network delay (ideal)
   0.00    0.00 ^ _126296_/CK (DFF_X1)
   0.12    0.12 ^ _126296_/Q (DFF_X1)
   0.08    0.21 ^ _077027_/Z (XOR2_X1)
   0.06    0.27 ^ _077029_/ZN (XNOR2_X1)
   0.05    0.32 ^ _077031_/ZN (XNOR2_X1)
   0.05    0.37 ^ _077033_/ZN (XNOR2_X1)
   0.03    0.40 v _077058_/ZN (XNOR2_X1)
   0.06    0.46 ^ _077066_/ZN (NOR4_X1)
   0.04    0.50 ^ _077067_/ZN (OR2_X1)
   0.02    0.52 v _077068_/ZN (AOI21_X1)
   0.04    0.56 ^ _077131_/ZN (OAI21_X1)
   0.02    0.59 v _077203_/ZN (AOI21_X1)
   0.07    0.65 ^ _077415_/ZN (OAI22_X1)
   0.06    0.71 ^ _077428_/Z (XOR2_X1)
   0.06    0.78 ^ _077430_/Z (XOR2_X1)
   0.05    0.83 ^ _077431_/ZN (XNOR2_X1)
   0.06    0.89 ^ _077440_/Z (XOR2_X1)
   0.05    0.94 ^ _077441_/ZN (XNOR2_X1)
   0.06    1.00 ^ _077466_/Z (XOR2_X1)
   0.05    1.05 ^ _077467_/ZN (XNOR2_X1)
   0.06    1.11 ^ _077604_/Z (XOR2_X1)
   0.06    1.18 ^ _077762_/Z (XOR2_X1)
   0.05    1.23 ^ _077800_/ZN (XNOR2_X1)
   0.03    1.25 v _077801_/ZN (OAI21_X1)
   0.04    1.30 ^ _077802_/ZN (AOI21_X1)
   0.06    1.36 ^ _077926_/Z (XOR2_X1)
   0.05    1.41 ^ _078143_/ZN (XNOR2_X1)
   0.06    1.47 ^ _078278_/Z (XOR2_X1)
   0.05    1.52 ^ _078347_/ZN (XNOR2_X1)
   0.02    1.55 v _078348_/ZN (OAI21_X1)
   0.04    1.58 v _078349_/ZN (AND2_X1)
   0.05    1.64 ^ _078486_/ZN (NOR2_X1)
   0.04    1.68 ^ _095723_/Z (MUX2_X1)
   0.00    1.68 ^ _121136_/D (DFF_X1)
           1.68   data arrival time

   1.46    1.46   clock fir_clk (rise edge)
   0.00    1.46   clock network delay (ideal)
   0.00    1.46   clock reconvergence pessimism
           1.46 ^ _121136_/CK (DFF_X1)
  -0.03    1.43   library setup time
           1.43   data required time
---------------------------------------------------------
           1.43   data required time
          -1.68   data arrival time
---------------------------------------------------------
          -0.25   slack (VIOLATED)


Startpoint: _125741_ (rising edge-triggered flip-flop clocked by fir_div32)
Endpoint: _125747_ (rising edge-triggered flip-flop clocked by fir_div32)
Path Group: fir_div32
Path Type: max

  Delay    Time   Description
---------------------------------------------------------
   0.00    0.00   clock fir_div32 (rise edge)
   0.00    0.00   clock network delay (ideal)
   0.00    0.00 ^ _125741_/CK (DFF_X1)
   0.09    0.09 ^ _125741_/Q (DFF_X1)
   0.01    0.10 v _063955_/ZN (INV_X1)
   0.07    0.17 ^ _075247_/ZN (NOR3_X1)
   0.05    0.22 ^ _075248_/ZN (AND2_X1)
   0.04    0.26 ^ _075249_/ZN (AND2_X1)
   0.05    0.31 ^ _075250_/ZN (AND2_X1)
   0.02    0.32 v _075251_/ZN (NAND2_X1)
   0.04    0.36 v _110525_/ZN (XNOR2_X1)
   0.03    0.39 ^ _110526_/ZN (NOR2_X1)
   0.00    0.39 ^ _125747_/D (DFF_X1)
           0.39   data arrival time

  46.72   46.72   clock fir_div32 (rise edge)
   0.00   46.72   clock network delay (ideal)
   0.00   46.72   clock reconvergence pessimism
          46.72 ^ _125747_/CK (DFF_X1)
  -0.03   46.69   library setup time
          46.69   data required time
---------------------------------------------------------
          46.69   data required time
          -0.39   data arrival time
---------------------------------------------------------
          46.30   slack (MET)


Startpoint: _125741_ (rising edge-triggered flip-flop clocked by fir_div32)
Endpoint: _125746_ (rising edge-triggered flip-flop clocked by fir_div32)
Path Group: fir_div32
Path Type: max

  Delay    Time   Description
---------------------------------------------------------
   0.00    0.00   clock fir_div32 (rise edge)
   0.00    0.00   clock network delay (ideal)
   0.00    0.00 ^ _125741_/CK (DFF_X1)
   0.09    0.09 ^ _125741_/Q (DFF_X1)
   0.01    0.10 v _063955_/ZN (INV_X1)
   0.07    0.17 ^ _075247_/ZN (NOR3_X1)
   0.05    0.22 ^ _075248_/ZN (AND2_X1)
   0.04    0.26 ^ _075249_/ZN (AND2_X1)
   0.05    0.31 ^ _075250_/ZN (AND2_X1)
   0.02    0.32 v _075252_/ZN (OAI21_X1)
   0.06    0.38 ^ _075253_/ZN (AOI21_X1)
   0.00    0.38 ^ _125746_/D (DFF_X1)
           0.38   data arrival time

  46.72   46.72   clock fir_div32 (rise edge)
   0.00   46.72   clock network delay (ideal)
   0.00   46.72   clock reconvergence pessimism
          46.72 ^ _125746_/CK (DFF_X1)
  -0.04   46.68   library setup time
          46.68   data required time
---------------------------------------------------------
          46.68   data required time
          -0.38   data arrival time
---------------------------------------------------------
          46.31   slack (MET)


Startpoint: _125741_ (rising edge-triggered flip-flop clocked by fir_div32)
Endpoint: _125745_ (rising edge-triggered flip-flop clocked by fir_div32)
Path Group: fir_div32
Path Type: max

  Delay    Time   Description
---------------------------------------------------------
   0.00    0.00   clock fir_div32 (rise edge)
   0.00    0.00   clock network delay (ideal)
   0.00    0.00 ^ _125741_/CK (DFF_X1)
   0.09    0.09 ^ _125741_/Q (DFF_X1)
   0.01    0.10 v _063955_/ZN (INV_X1)
   0.07    0.17 ^ _075247_/ZN (NOR3_X1)
   0.05    0.22 ^ _075248_/ZN (AND2_X1)
   0.04    0.26 ^ _075249_/ZN (AND2_X1)
   0.05    0.31 ^ _075250_/ZN (AND2_X1)
   0.01    0.31 v _075255_/ZN (NOR2_X1)
   0.00    0.31 v _125745_/D (DFF_X1)
           0.31   data arrival time

  46.72   46.72   clock fir_div32 (rise edge)
   0.00   46.72   clock network delay (ideal)
   0.00   46.72   clock reconvergence pessimism
          46.72 ^ _125745_/CK (DFF_X1)
  -0.04   46.68   library setup time
          46.68   data required time
---------------------------------------------------------
          46.68   data required time
          -0.31   data arrival time
---------------------------------------------------------
          46.36   slack (MET)


Startpoint: _125741_ (rising edge-triggered flip-flop clocked by fir_div32)
Endpoint: _125744_ (rising edge-triggered flip-flop clocked by fir_div32)
Path Group: fir_div32
Path Type: max

  Delay    Time   Description
---------------------------------------------------------
   0.00    0.00   clock fir_div32 (rise edge)
   0.00    0.00   clock network delay (ideal)
   0.00    0.00 ^ _125741_/CK (DFF_X1)
   0.09    0.09 ^ _125741_/Q (DFF_X1)
   0.01    0.10 v _063955_/ZN (INV_X1)
   0.07    0.17 ^ _075247_/ZN (NOR3_X1)
   0.05    0.22 ^ _075248_/ZN (AND2_X1)
   0.02    0.23 v _075256_/ZN (OAI21_X1)
   0.04    0.28 ^ _075257_/ZN (NOR2_X1)
   0.00    0.28 ^ _125744_/D (DFF_X1)
           0.28   data arrival time

  46.72   46.72   clock fir_div32 (rise edge)
   0.00   46.72   clock network delay (ideal)
   0.00   46.72   clock reconvergence pessimism
          46.72 ^ _125744_/CK (DFF_X1)
  -0.03   46.69   library setup time
          46.69   data required time
---------------------------------------------------------
          46.69   data required time
          -0.28   data arrival time
---------------------------------------------------------
          46.41   slack (MET)


Startpoint: _125741_ (rising edge-triggered flip-flop clocked by fir_div32)
Endpoint: _125743_ (rising edge-triggered flip-flop clocked by fir_div32)
Path Group: fir_div32
Path Type: max

  Delay    Time   Description
---------------------------------------------------------
   0.00    0.00   clock fir_div32 (rise edge)
   0.00    0.00   clock network delay (ideal)
   0.00    0.00 ^ _125741_/CK (DFF_X1)
   0.09    0.09 ^ _125741_/Q (DFF_X1)
   0.01    0.10 v _063955_/ZN (INV_X1)
   0.07    0.17 ^ _075247_/ZN (NOR3_X1)
   0.05    0.22 ^ _075248_/ZN (AND2_X1)
   0.01    0.23 v _075259_/ZN (NOR2_X1)
   0.00    0.23 v _125743_/D (DFF_X1)
           0.23   data arrival time

  46.72   46.72   clock fir_div32 (rise edge)
   0.00   46.72   clock network delay (ideal)
   0.00   46.72   clock reconvergence pessimism
          46.72 ^ _125743_/CK (DFF_X1)
  -0.04   46.68   library setup time
          46.68   data required time
---------------------------------------------------------
          46.68   data required time
          -0.23   data arrival time
---------------------------------------------------------
          46.45   slack (MET)


Startpoint: _125741_ (rising edge-triggered flip-flop clocked by fir_div32)
Endpoint: _125742_ (rising edge-triggered flip-flop clocked by fir_div32)
Path Group: fir_div32
Path Type: max

  Delay    Time   Description
---------------------------------------------------------
   0.00    0.00   clock fir_div32 (rise edge)
   0.00    0.00   clock network delay (ideal)
   0.00    0.00 ^ _125741_/CK (DFF_X1)
   0.09    0.09 ^ _125741_/Q (DFF_X1)
   0.01    0.10 v _063955_/ZN (INV_X1)
   0.07    0.17 ^ _075247_/ZN (NOR3_X1)
   0.01    0.19 v _075261_/ZN (NOR3_X1)
   0.00    0.19 v _125742_/D (DFF_X1)
           0.19   data arrival time

  46.72   46.72   clock fir_div32 (rise edge)
   0.00   46.72   clock network delay (ideal)
   0.00   46.72   clock reconvergence pessimism
          46.72 ^ _125742_/CK (DFF_X1)
  -0.04   46.68   library setup time
          46.68   data required time
---------------------------------------------------------
          46.68   data required time
          -0.19   data arrival time
---------------------------------------------------------
          46.49   slack (MET)


Startpoint: _125740_ (rising edge-triggered flip-flop clocked by fir_div32)
Endpoint: _125741_ (rising edge-triggered flip-flop clocked by fir_div32)
Path Group: fir_div32
Path Type: max

  Delay    Time   Description
---------------------------------------------------------
   0.00    0.00   clock fir_div32 (rise edge)
   0.00    0.00   clock network delay (ideal)
   0.00    0.00 ^ _125740_/CK (DFF_X1)
   0.09    0.09 ^ _125740_/Q (DFF_X1)
   0.01    0.10 v _063779_/ZN (INV_X1)
   0.03    0.13 ^ _075246_/ZN (NOR2_X1)
   0.01    0.14 v _075262_/ZN (NOR2_X1)
   0.04    0.18 ^ _075263_/ZN (AOI21_X1)
   0.00    0.18 ^ _125741_/D (DFF_X1)
           0.18   data arrival time

  46.72   46.72   clock fir_div32 (rise edge)
   0.00   46.72   clock network delay (ideal)
   0.00   46.72   clock reconvergence pessimism
          46.72 ^ _125741_/CK (DFF_X1)
  -0.03   46.69   library setup time
          46.69   data required time
---------------------------------------------------------
          46.69   data required time
          -0.18   data arrival time
---------------------------------------------------------
          46.51   slack (MET)


Startpoint: _125740_ (rising edge-triggered flip-flop clocked by fir_div32)
Endpoint: _125740_ (rising edge-triggered flip-flop clocked by fir_div32)
Path Group: fir_div32
Path Type: max

  Delay    Time   Description
---------------------------------------------------------
   0.00    0.00   clock fir_div32 (rise edge)
   0.00    0.00   clock network delay (ideal)
   0.00    0.00 ^ _125740_/CK (DFF_X1)
   0.06    0.06 v _125740_/QN (DFF_X1)
   0.03    0.09 v _075264_/ZN (AND2_X1)
   0.00    0.09 v _125740_/D (DFF_X1)
           0.09   data arrival time

  46.72   46.72   clock fir_div32 (rise edge)
   0.00   46.72   clock network delay (ideal)
   0.00   46.72   clock reconvergence pessimism
          46.72 ^ _125740_/CK (DFF_X1)
  -0.04   46.68   library setup time
          46.68   data required time
---------------------------------------------------------
          46.68   data required time
          -0.09   data arrival time
---------------------------------------------------------
          46.59   slack (MET)


Startpoint: _125434_ (rising edge-triggered flip-flop clocked by i2c_clk)
Endpoint: _125431_ (rising edge-triggered flip-flop clocked by i2c_clk)
Path Group: i2c_clk
Path Type: max

  Delay    Time   Description
---------------------------------------------------------
   0.00    0.00   clock i2c_clk (rise edge)
   0.00    0.00   clock network delay (ideal)
   0.00    0.00 ^ _125434_/CK (DFF_X1)
   0.09    0.09 v _125434_/Q (DFF_X1)
   0.15    0.24 ^ _076009_/ZN (NOR4_X1)
   0.02    0.26 v _076019_/ZN (NAND2_X1)
   0.16    0.42 ^ _076020_/ZN (NOR4_X1)
   0.02    0.44 v _076021_/ZN (INV_X1)
   0.03    0.46 ^ _076022_/ZN (NAND2_X1)
   0.01    0.48 v _076027_/ZN (NOR2_X1)
   0.03    0.51 v _076047_/ZN (AND3_X1)
   0.39    0.90 ^ _076069_/ZN (NOR4_X1)
  -0.01    0.89 v _076117_/ZN (NOR2_X1)
   0.07    0.96 ^ _076120_/ZN (AOI211_X1)
   0.00    0.96 ^ _125431_/D (DFF_X1)
           0.96   data arrival time

   0.90    0.90   clock i2c_clk (rise edge)
   0.00    0.90   clock network delay (ideal)
   0.00    0.90   clock reconvergence pessimism
           0.90 ^ _125431_/CK (DFF_X1)
  -0.04    0.86   library setup time
           0.86   data required time
---------------------------------------------------------
           0.86   data required time
          -0.96   data arrival time
---------------------------------------------------------
          -0.10   slack (VIOLATED)


Startpoint: _125434_ (rising edge-triggered flip-flop clocked by i2c_clk)
Endpoint: _125434_ (rising edge-triggered flip-flop clocked by i2c_clk)
Path Group: i2c_clk
Path Type: max

  Delay    Time   Description
---------------------------------------------------------
   0.00    0.00   clock i2c_clk (rise edge)
   0.00    0.00   clock network delay (ideal)
   0.00    0.00 ^ _125434_/CK (DFF_X1)
   0.09    0.09 v _125434_/Q (DFF_X1)
   0.15    0.24 ^ _076009_/ZN (NOR4_X1)
   0.02    0.26 v _076019_/ZN (NAND2_X1)
   0.16    0.42 ^ _076020_/ZN (NOR4_X1)
   0.02    0.44 v _076021_/ZN (INV_X1)
   0.03    0.46 ^ _076022_/ZN (NAND2_X1)
   0.01    0.48 v _076027_/ZN (NOR2_X1)
   0.03    0.51 v _076047_/ZN (AND3_X1)
   0.39    0.90 ^ _076069_/ZN (NOR4_X1)
  -0.01    0.89 v _076104_/ZN (NOR2_X1)
   0.07    0.96 ^ _076105_/ZN (AOI211_X1)
   0.00    0.96 ^ _125434_/D (DFF_X1)
           0.96   data arrival time

   0.90    0.90   clock i2c_clk (rise edge)
   0.00    0.90   clock network delay (ideal)
   0.00    0.90   clock reconvergence pessimism
           0.90 ^ _125434_/CK (DFF_X1)
  -0.04    0.86   library setup time
           0.86   data required time
---------------------------------------------------------
           0.86   data required time
          -0.96   data arrival time
---------------------------------------------------------
          -0.10   slack (VIOLATED)


Startpoint: _125434_ (rising edge-triggered flip-flop clocked by i2c_clk)
Endpoint: _125438_ (rising edge-triggered flip-flop clocked by i2c_clk)
Path Group: i2c_clk
Path Type: max

  Delay    Time   Description
---------------------------------------------------------
   0.00    0.00   clock i2c_clk (rise edge)
   0.00    0.00   clock network delay (ideal)
   0.00    0.00 ^ _125434_/CK (DFF_X1)
   0.09    0.09 v _125434_/Q (DFF_X1)
   0.15    0.24 ^ _076009_/ZN (NOR4_X1)
   0.02    0.26 v _076019_/ZN (NAND2_X1)
   0.16    0.42 ^ _076020_/ZN (NOR4_X1)
   0.02    0.44 v _076021_/ZN (INV_X1)
   0.03    0.46 ^ _076022_/ZN (NAND2_X1)
   0.01    0.48 v _076027_/ZN (NOR2_X1)
   0.03    0.51 v _076047_/ZN (AND3_X1)
   0.39    0.90 ^ _076069_/ZN (NOR4_X1)
  -0.01    0.89 v _076077_/ZN (NOR2_X1)
   0.07    0.96 ^ _076078_/ZN (AOI211_X1)
   0.00    0.96 ^ _125438_/D (DFF_X1)
           0.96   data arrival time

   0.90    0.90   clock i2c_clk (rise edge)
   0.00    0.90   clock network delay (ideal)
   0.00    0.90   clock reconvergence pessimism
           0.90 ^ _125438_/CK (DFF_X1)
  -0.04    0.86   library setup time
           0.86   data required time
---------------------------------------------------------
           0.86   data required time
          -0.96   data arrival time
---------------------------------------------------------
          -0.10   slack (VIOLATED)


Startpoint: _125434_ (rising edge-triggered flip-flop clocked by i2c_clk)
Endpoint: _125439_ (rising edge-triggered flip-flop clocked by i2c_clk)
Path Group: i2c_clk
Path Type: max

  Delay    Time   Description
---------------------------------------------------------
   0.00    0.00   clock i2c_clk (rise edge)
   0.00    0.00   clock network delay (ideal)
   0.00    0.00 ^ _125434_/CK (DFF_X1)
   0.09    0.09 v _125434_/Q (DFF_X1)
   0.15    0.24 ^ _076009_/ZN (NOR4_X1)
   0.02    0.26 v _076019_/ZN (NAND2_X1)
   0.16    0.42 ^ _076020_/ZN (NOR4_X1)
   0.02    0.44 v _076021_/ZN (INV_X1)
   0.03    0.46 ^ _076022_/ZN (NAND2_X1)
   0.01    0.48 v _076027_/ZN (NOR2_X1)
   0.03    0.51 v _076047_/ZN (AND3_X1)
   0.39    0.90 ^ _076069_/ZN (NOR4_X1)
  -0.01    0.89 v _076070_/ZN (NOR2_X1)
   0.07    0.96 ^ _076071_/ZN (AOI211_X1)
   0.00    0.96 ^ _125439_/D (DFF_X1)
           0.96   data arrival time

   0.90    0.90   clock i2c_clk (rise edge)
   0.00    0.90   clock network delay (ideal)
   0.00    0.90   clock reconvergence pessimism
           0.90 ^ _125439_/CK (DFF_X1)
  -0.04    0.86   library setup time
           0.86   data required time
---------------------------------------------------------
           0.86   data required time
          -0.96   data arrival time
---------------------------------------------------------
          -0.10   slack (VIOLATED)


Startpoint: _125434_ (rising edge-triggered flip-flop clocked by i2c_clk)
Endpoint: _125440_ (rising edge-triggered flip-flop clocked by i2c_clk)
Path Group: i2c_clk
Path Type: max

  Delay    Time   Description
---------------------------------------------------------
   0.00    0.00   clock i2c_clk (rise edge)
   0.00    0.00   clock network delay (ideal)
   0.00    0.00 ^ _125434_/CK (DFF_X1)
   0.09    0.09 v _125434_/Q (DFF_X1)
   0.15    0.24 ^ _076009_/ZN (NOR4_X1)
   0.02    0.26 v _076019_/ZN (NAND2_X1)
   0.16    0.42 ^ _076020_/ZN (NOR4_X1)
   0.02    0.44 v _076021_/ZN (INV_X1)
   0.03    0.46 ^ _076022_/ZN (NAND2_X1)
   0.01    0.48 v _076027_/ZN (NOR2_X1)
   0.03    0.51 v _076047_/ZN (AND3_X1)
   0.39    0.90 ^ _076069_/ZN (NOR4_X1)
  -0.01    0.89 v _110440_/ZN (NOR2_X1)
   0.07    0.96 ^ _110441_/ZN (AOI211_X1)
   0.00    0.96 ^ _125440_/D (DFF_X1)
           0.96   data arrival time

   0.90    0.90   clock i2c_clk (rise edge)
   0.00    0.90   clock network delay (ideal)
   0.00    0.90   clock reconvergence pessimism
           0.90 ^ _125440_/CK (DFF_X1)
  -0.04    0.86   library setup time
           0.86   data required time
---------------------------------------------------------
           0.86   data required time
          -0.96   data arrival time
---------------------------------------------------------
          -0.10   slack (VIOLATED)


Startpoint: _125434_ (rising edge-triggered flip-flop clocked by i2c_clk)
Endpoint: _125432_ (rising edge-triggered flip-flop clocked by i2c_clk)
Path Group: i2c_clk
Path Type: max

  Delay    Time   Description
---------------------------------------------------------
   0.00    0.00   clock i2c_clk (rise edge)
   0.00    0.00   clock network delay (ideal)
   0.00    0.00 ^ _125434_/CK (DFF_X1)
   0.09    0.09 v _125434_/Q (DFF_X1)
   0.15    0.24 ^ _076009_/ZN (NOR4_X1)
   0.02    0.26 v _076019_/ZN (NAND2_X1)
   0.16    0.42 ^ _076020_/ZN (NOR4_X1)
   0.02    0.44 v _076021_/ZN (INV_X1)
   0.03    0.46 ^ _076022_/ZN (NAND2_X1)
   0.01    0.48 v _076027_/ZN (NOR2_X1)
   0.03    0.51 v _076047_/ZN (AND3_X1)
   0.39    0.90 ^ _076069_/ZN (NOR4_X1)
   0.00    0.90 v _076115_/ZN (OAI21_X1)
   0.06    0.95 ^ _076116_/ZN (AOI21_X1)
   0.00    0.95 ^ _125432_/D (DFF_X1)
           0.95   data arrival time

   0.90    0.90   clock i2c_clk (rise edge)
   0.00    0.90   clock network delay (ideal)
   0.00    0.90   clock reconvergence pessimism
           0.90 ^ _125432_/CK (DFF_X1)
  -0.04    0.86   library setup time
           0.86   data required time
---------------------------------------------------------
           0.86   data required time
          -0.95   data arrival time
---------------------------------------------------------
          -0.09   slack (VIOLATED)


Startpoint: _125434_ (rising edge-triggered flip-flop clocked by i2c_clk)
Endpoint: _125433_ (rising edge-triggered flip-flop clocked by i2c_clk)
Path Group: i2c_clk
Path Type: max

  Delay    Time   Description
---------------------------------------------------------
   0.00    0.00   clock i2c_clk (rise edge)
   0.00    0.00   clock network delay (ideal)
   0.00    0.00 ^ _125434_/CK (DFF_X1)
   0.09    0.09 v _125434_/Q (DFF_X1)
   0.15    0.24 ^ _076009_/ZN (NOR4_X1)
   0.02    0.26 v _076019_/ZN (NAND2_X1)
   0.16    0.42 ^ _076020_/ZN (NOR4_X1)
   0.02    0.44 v _076021_/ZN (INV_X1)
   0.03    0.46 ^ _076022_/ZN (NAND2_X1)
   0.01    0.48 v _076027_/ZN (NOR2_X1)
   0.03    0.51 v _076047_/ZN (AND3_X1)
   0.39    0.90 ^ _076069_/ZN (NOR4_X1)
   0.00    0.90 v _076111_/ZN (OAI21_X1)
   0.06    0.95 ^ _076112_/ZN (AOI21_X1)
   0.00    0.95 ^ _125433_/D (DFF_X1)
           0.95   data arrival time

   0.90    0.90   clock i2c_clk (rise edge)
   0.00    0.90   clock network delay (ideal)
   0.00    0.90   clock reconvergence pessimism
           0.90 ^ _125433_/CK (DFF_X1)
  -0.04    0.86   library setup time
           0.86   data required time
---------------------------------------------------------
           0.86   data required time
          -0.95   data arrival time
---------------------------------------------------------
          -0.09   slack (VIOLATED)


Startpoint: _125434_ (rising edge-triggered flip-flop clocked by i2c_clk)
Endpoint: _125435_ (rising edge-triggered flip-flop clocked by i2c_clk)
Path Group: i2c_clk
Path Type: max

  Delay    Time   Description
---------------------------------------------------------
   0.00    0.00   clock i2c_clk (rise edge)
   0.00    0.00   clock network delay (ideal)
   0.00    0.00 ^ _125434_/CK (DFF_X1)
   0.09    0.09 v _125434_/Q (DFF_X1)
   0.15    0.24 ^ _076009_/ZN (NOR4_X1)
   0.02    0.26 v _076019_/ZN (NAND2_X1)
   0.16    0.42 ^ _076020_/ZN (NOR4_X1)
   0.02    0.44 v _076021_/ZN (INV_X1)
   0.03    0.46 ^ _076022_/ZN (NAND2_X1)
   0.01    0.48 v _076027_/ZN (NOR2_X1)
   0.03    0.51 v _076047_/ZN (AND3_X1)
   0.39    0.90 ^ _076069_/ZN (NOR4_X1)
   0.00    0.90 v _076097_/ZN (OAI21_X1)
   0.06    0.95 ^ _076098_/ZN (AOI21_X1)
   0.00    0.95 ^ _125435_/D (DFF_X1)
           0.95   data arrival time

   0.90    0.90   clock i2c_clk (rise edge)
   0.00    0.90   clock network delay (ideal)
   0.00    0.90   clock reconvergence pessimism
           0.90 ^ _125435_/CK (DFF_X1)
  -0.04    0.86   library setup time
           0.86   data required time
---------------------------------------------------------
           0.86   data required time
          -0.95   data arrival time
---------------------------------------------------------
          -0.09   slack (VIOLATED)


Startpoint: _125434_ (rising edge-triggered flip-flop clocked by i2c_clk)
Endpoint: _125436_ (rising edge-triggered flip-flop clocked by i2c_clk)
Path Group: i2c_clk
Path Type: max

  Delay    Time   Description
---------------------------------------------------------
   0.00    0.00   clock i2c_clk (rise edge)
   0.00    0.00   clock network delay (ideal)
   0.00    0.00 ^ _125434_/CK (DFF_X1)
   0.09    0.09 v _125434_/Q (DFF_X1)
   0.15    0.24 ^ _076009_/ZN (NOR4_X1)
   0.02    0.26 v _076019_/ZN (NAND2_X1)
   0.16    0.42 ^ _076020_/ZN (NOR4_X1)
   0.02    0.44 v _076021_/ZN (INV_X1)
   0.03    0.46 ^ _076022_/ZN (NAND2_X1)
   0.01    0.48 v _076027_/ZN (NOR2_X1)
   0.03    0.51 v _076047_/ZN (AND3_X1)
   0.39    0.90 ^ _076069_/ZN (NOR4_X1)
   0.00    0.90 v _076088_/ZN (OAI21_X1)
   0.06    0.95 ^ _076089_/ZN (AOI21_X1)
   0.00    0.95 ^ _125436_/D (DFF_X1)
           0.95   data arrival time

   0.90    0.90   clock i2c_clk (rise edge)
   0.00    0.90   clock network delay (ideal)
   0.00    0.90   clock reconvergence pessimism
           0.90 ^ _125436_/CK (DFF_X1)
  -0.04    0.86   library setup time
           0.86   data required time
---------------------------------------------------------
           0.86   data required time
          -0.95   data arrival time
---------------------------------------------------------
          -0.09   slack (VIOLATED)


Startpoint: _125434_ (rising edge-triggered flip-flop clocked by i2c_clk)
Endpoint: _125437_ (rising edge-triggered flip-flop clocked by i2c_clk)
Path Group: i2c_clk
Path Type: max

  Delay    Time   Description
---------------------------------------------------------
   0.00    0.00   clock i2c_clk (rise edge)
   0.00    0.00   clock network delay (ideal)
   0.00    0.00 ^ _125434_/CK (DFF_X1)
   0.09    0.09 v _125434_/Q (DFF_X1)
   0.15    0.24 ^ _076009_/ZN (NOR4_X1)
   0.02    0.26 v _076019_/ZN (NAND2_X1)
   0.16    0.42 ^ _076020_/ZN (NOR4_X1)
   0.02    0.44 v _076021_/ZN (INV_X1)
   0.03    0.46 ^ _076022_/ZN (NAND2_X1)
   0.01    0.48 v _076027_/ZN (NOR2_X1)
   0.03    0.51 v _076047_/ZN (AND3_X1)
   0.39    0.90 ^ _076069_/ZN (NOR4_X1)
   0.00    0.90 v _076082_/ZN (OAI21_X1)
   0.06    0.95 ^ _076083_/ZN (AOI21_X1)
   0.00    0.95 ^ _125437_/D (DFF_X1)
           0.95   data arrival time

   0.90    0.90   clock i2c_clk (rise edge)
   0.00    0.90   clock network delay (ideal)
   0.00    0.90   clock reconvergence pessimism
           0.90 ^ _125437_/CK (DFF_X1)
  -0.04    0.86   library setup time
           0.86   data required time
---------------------------------------------------------
           0.86   data required time
          -0.95   data arrival time
---------------------------------------------------------
          -0.09   slack (VIOLATED)


Startpoint: _125511_ (rising edge-triggered flip-flop clocked by i2c_clk)
Endpoint: _125496_ (rising edge-triggered flip-flop clocked by i2c_clk)
Path Group: i2c_clk
Path Type: max

  Delay    Time   Description
---------------------------------------------------------
   0.00    0.00   clock i2c_clk (rise edge)
   0.00    0.00   clock network delay (ideal)
   0.00    0.00 ^ _125511_/CK (DFF_X1)
   0.08    0.08 v _125511_/Q (DFF_X1)
   0.13    0.22 v _075757_/ZN (OR4_X1)
   0.05    0.27 ^ _075758_/ZN (NOR2_X1)
   0.01    0.28 v _075759_/ZN (INV_X1)
   0.12    0.40 v _075761_/ZN (OR4_X1)
   0.12    0.52 v _075777_/ZN (OR4_X1)
   0.02    0.55 ^ _075778_/ZN (NAND2_X1)
   0.01    0.56 v _075779_/ZN (NOR4_X1)
   0.02    0.58 ^ _075800_/ZN (NAND3_X1)
   0.02    0.60 v _075801_/ZN (OAI21_X1)
   0.11    0.71 ^ _075802_/ZN (NAND2_X1)
   0.04    0.75 v _075803_/ZN (INV_X1)
   0.05    0.80 ^ _075848_/ZN (AOI22_X1)
   0.01    0.81 v _075849_/ZN (NOR2_X1)
   0.00    0.81 v _125496_/D (DFF_X1)
           0.81   data arrival time

   0.90    0.90   clock i2c_clk (rise edge)
   0.00    0.90   clock network delay (ideal)
   0.00    0.90   clock reconvergence pessimism
           0.90 ^ _125496_/CK (DFF_X1)
  -0.04    0.86   library setup time
           0.86   data required time
---------------------------------------------------------
           0.86   data required time
          -0.81   data arrival time
---------------------------------------------------------
           0.04   slack (MET)


Startpoint: _125511_ (rising edge-triggered flip-flop clocked by i2c_clk)
Endpoint: _125501_ (rising edge-triggered flip-flop clocked by i2c_clk)
Path Group: i2c_clk
Path Type: max

  Delay    Time   Description
---------------------------------------------------------
   0.00    0.00   clock i2c_clk (rise edge)
   0.00    0.00   clock network delay (ideal)
   0.00    0.00 ^ _125511_/CK (DFF_X1)
   0.08    0.08 v _125511_/Q (DFF_X1)
   0.13    0.22 v _075757_/ZN (OR4_X1)
   0.05    0.27 ^ _075758_/ZN (NOR2_X1)
   0.01    0.28 v _075759_/ZN (INV_X1)
   0.12    0.40 v _075761_/ZN (OR4_X1)
   0.12    0.52 v _075777_/ZN (OR4_X1)
   0.02    0.55 ^ _075778_/ZN (NAND2_X1)
   0.01    0.56 v _075779_/ZN (NOR4_X1)
   0.02    0.58 ^ _075800_/ZN (NAND3_X1)
   0.02    0.60 v _075801_/ZN (OAI21_X1)
   0.11    0.71 ^ _075802_/ZN (NAND2_X1)
   0.04    0.75 v _075803_/ZN (INV_X1)
   0.05    0.80 ^ _075835_/ZN (AOI22_X1)
   0.01    0.81 v _075836_/ZN (NOR2_X1)
   0.00    0.81 v _125501_/D (DFF_X1)
           0.81   data arrival time

   0.90    0.90   clock i2c_clk (rise edge)
   0.00    0.90   clock network delay (ideal)
   0.00    0.90   clock reconvergence pessimism
           0.90 ^ _125501_/CK (DFF_X1)
  -0.04    0.86   library setup time
           0.86   data required time
---------------------------------------------------------
           0.86   data required time
          -0.81   data arrival time
---------------------------------------------------------
           0.04   slack (MET)


Startpoint: _125511_ (rising edge-triggered flip-flop clocked by i2c_clk)
Endpoint: _125505_ (rising edge-triggered flip-flop clocked by i2c_clk)
Path Group: i2c_clk
Path Type: max

  Delay    Time   Description
---------------------------------------------------------
   0.00    0.00   clock i2c_clk (rise edge)
   0.00    0.00   clock network delay (ideal)
   0.00    0.00 ^ _125511_/CK (DFF_X1)
   0.08    0.08 v _125511_/Q (DFF_X1)
   0.13    0.22 v _075757_/ZN (OR4_X1)
   0.05    0.27 ^ _075758_/ZN (NOR2_X1)
   0.01    0.28 v _075759_/ZN (INV_X1)
   0.12    0.40 v _075761_/ZN (OR4_X1)
   0.12    0.52 v _075777_/ZN (OR4_X1)
   0.02    0.55 ^ _075778_/ZN (NAND2_X1)
   0.01    0.56 v _075779_/ZN (NOR4_X1)
   0.02    0.58 ^ _075800_/ZN (NAND3_X1)
   0.02    0.60 v _075801_/ZN (OAI21_X1)
   0.11    0.71 ^ _075802_/ZN (NAND2_X1)
   0.04    0.75 v _075803_/ZN (INV_X1)
   0.05    0.80 ^ _075824_/ZN (AOI22_X1)
   0.01    0.81 v _075825_/ZN (NOR2_X1)
   0.00    0.81 v _125505_/D (DFF_X1)
           0.81   data arrival time

   0.90    0.90   clock i2c_clk (rise edge)
   0.00    0.90   clock network delay (ideal)
   0.00    0.90   clock reconvergence pessimism
           0.90 ^ _125505_/CK (DFF_X1)
  -0.04    0.86   library setup time
           0.86   data required time
---------------------------------------------------------
           0.86   data required time
          -0.81   data arrival time
---------------------------------------------------------
           0.04   slack (MET)


Startpoint: _125511_ (rising edge-triggered flip-flop clocked by i2c_clk)
Endpoint: _125509_ (rising edge-triggered flip-flop clocked by i2c_clk)
Path Group: i2c_clk
Path Type: max

  Delay    Time   Description
---------------------------------------------------------
   0.00    0.00   clock i2c_clk (rise edge)
   0.00    0.00   clock network delay (ideal)
   0.00    0.00 ^ _125511_/CK (DFF_X1)
   0.08    0.08 v _125511_/Q (DFF_X1)
   0.13    0.22 v _075757_/ZN (OR4_X1)
   0.05    0.27 ^ _075758_/ZN (NOR2_X1)
   0.01    0.28 v _075759_/ZN (INV_X1)
   0.12    0.40 v _075761_/ZN (OR4_X1)
   0.12    0.52 v _075777_/ZN (OR4_X1)
   0.02    0.55 ^ _075778_/ZN (NAND2_X1)
   0.01    0.56 v _075779_/ZN (NOR4_X1)
   0.02    0.58 ^ _075800_/ZN (NAND3_X1)
   0.02    0.60 v _075801_/ZN (OAI21_X1)
   0.11    0.71 ^ _075802_/ZN (NAND2_X1)
   0.04    0.75 v _075803_/ZN (INV_X1)
   0.05    0.80 ^ _075814_/ZN (AOI22_X1)
   0.01    0.81 v _075815_/ZN (NOR2_X1)
   0.00    0.81 v _125509_/D (DFF_X1)
           0.81   data arrival time

   0.90    0.90   clock i2c_clk (rise edge)
   0.00    0.90   clock network delay (ideal)
   0.00    0.90   clock reconvergence pessimism
           0.90 ^ _125509_/CK (DFF_X1)
  -0.04    0.86   library setup time
           0.86   data required time
---------------------------------------------------------
           0.86   data required time
          -0.81   data arrival time
---------------------------------------------------------
           0.04   slack (MET)


Startpoint: _125511_ (rising edge-triggered flip-flop clocked by i2c_clk)
Endpoint: _125500_ (rising edge-triggered flip-flop clocked by i2c_clk)
Path Group: i2c_clk
Path Type: max

  Delay    Time   Description
---------------------------------------------------------
   0.00    0.00   clock i2c_clk (rise edge)
   0.00    0.00   clock network delay (ideal)
   0.00    0.00 ^ _125511_/CK (DFF_X1)
   0.08    0.08 v _125511_/Q (DFF_X1)
   0.13    0.22 v _075757_/ZN (OR4_X1)
   0.05    0.27 ^ _075758_/ZN (NOR2_X1)
   0.01    0.28 v _075759_/ZN (INV_X1)
   0.12    0.40 v _075761_/ZN (OR4_X1)
   0.12    0.52 v _075777_/ZN (OR4_X1)
   0.02    0.55 ^ _075778_/ZN (NAND2_X1)
   0.01    0.56 v _075779_/ZN (NOR4_X1)
   0.02    0.58 ^ _075800_/ZN (NAND3_X1)
   0.02    0.60 v _075801_/ZN (OAI21_X1)
   0.11    0.71 ^ _075802_/ZN (NAND2_X1)
   0.04    0.75 v _075803_/ZN (INV_X1)
   0.03    0.78 ^ _075838_/ZN (NAND2_X1)
   0.01    0.80 v _075839_/ZN (AOI21_X1)
   0.00    0.80 v _125500_/D (DFF_X1)
           0.80   data arrival time

   0.90    0.90   clock i2c_clk (rise edge)
   0.00    0.90   clock network delay (ideal)
   0.00    0.90   clock reconvergence pessimism
           0.90 ^ _125500_/CK (DFF_X1)
  -0.05    0.85   library setup time
           0.85   data required time
---------------------------------------------------------
           0.85   data required time
          -0.80   data arrival time
---------------------------------------------------------
           0.06   slack (MET)


Startpoint: _125511_ (rising edge-triggered flip-flop clocked by i2c_clk)
Endpoint: _125506_ (rising edge-triggered flip-flop clocked by i2c_clk)
Path Group: i2c_clk
Path Type: max

  Delay    Time   Description
---------------------------------------------------------
   0.00    0.00   clock i2c_clk (rise edge)
   0.00    0.00   clock network delay (ideal)
   0.00    0.00 ^ _125511_/CK (DFF_X1)
   0.08    0.08 v _125511_/Q (DFF_X1)
   0.13    0.22 v _075757_/ZN (OR4_X1)
   0.05    0.27 ^ _075758_/ZN (NOR2_X1)
   0.01    0.28 v _075759_/ZN (INV_X1)
   0.12    0.40 v _075761_/ZN (OR4_X1)
   0.12    0.52 v _075777_/ZN (OR4_X1)
   0.02    0.55 ^ _075778_/ZN (NAND2_X1)
   0.01    0.56 v _075779_/ZN (NOR4_X1)
   0.02    0.58 ^ _075800_/ZN (NAND3_X1)
   0.02    0.60 v _075801_/ZN (OAI21_X1)
   0.11    0.71 ^ _075802_/ZN (NAND2_X1)
   0.04    0.75 v _075803_/ZN (INV_X1)
   0.03    0.78 ^ _075821_/ZN (NAND2_X1)
   0.01    0.80 v _075822_/ZN (AOI21_X1)
   0.00    0.80 v _125506_/D (DFF_X1)
           0.80   data arrival time

   0.90    0.90   clock i2c_clk (rise edge)
   0.00    0.90   clock network delay (ideal)
   0.00    0.90   clock reconvergence pessimism
           0.90 ^ _125506_/CK (DFF_X1)
  -0.05    0.85   library setup time
           0.85   data required time
---------------------------------------------------------
           0.85   data required time
          -0.80   data arrival time
---------------------------------------------------------
           0.06   slack (MET)


Startpoint: _125511_ (rising edge-triggered flip-flop clocked by i2c_clk)
Endpoint: _125499_ (rising edge-triggered flip-flop clocked by i2c_clk)
Path Group: i2c_clk
Path Type: max

  Delay    Time   Description
---------------------------------------------------------
   0.00    0.00   clock i2c_clk (rise edge)
   0.00    0.00   clock network delay (ideal)
   0.00    0.00 ^ _125511_/CK (DFF_X1)
   0.08    0.08 v _125511_/Q (DFF_X1)
   0.13    0.22 v _075757_/ZN (OR4_X1)
   0.05    0.27 ^ _075758_/ZN (NOR2_X1)
   0.01    0.28 v _075759_/ZN (INV_X1)
   0.12    0.40 v _075761_/ZN (OR4_X1)
   0.12    0.52 v _075777_/ZN (OR4_X1)
   0.02    0.55 ^ _075778_/ZN (NAND2_X1)
   0.01    0.56 v _075779_/ZN (NOR4_X1)
   0.02    0.58 ^ _075800_/ZN (NAND3_X1)
   0.02    0.60 v _075801_/ZN (OAI21_X1)
   0.11    0.71 ^ _075802_/ZN (NAND2_X1)
   0.04    0.75 v _075803_/ZN (INV_X1)
   0.03    0.78 ^ _075840_/ZN (NAND2_X1)
   0.01    0.79 v _075842_/ZN (AOI21_X1)
   0.00    0.79 v _125499_/D (DFF_X1)
           0.79   data arrival time

   0.90    0.90   clock i2c_clk (rise edge)
   0.00    0.90   clock network delay (ideal)
   0.00    0.90   clock reconvergence pessimism
           0.90 ^ _125499_/CK (DFF_X1)
  -0.05    0.85   library setup time
           0.85   data required time
---------------------------------------------------------
           0.85   data required time
          -0.79   data arrival time
---------------------------------------------------------
           0.06   slack (MET)


Startpoint: _125511_ (rising edge-triggered flip-flop clocked by i2c_clk)
Endpoint: _125502_ (rising edge-triggered flip-flop clocked by i2c_clk)
Path Group: i2c_clk
Path Type: max

  Delay    Time   Description
---------------------------------------------------------
   0.00    0.00   clock i2c_clk (rise edge)
   0.00    0.00   clock network delay (ideal)
   0.00    0.00 ^ _125511_/CK (DFF_X1)
   0.08    0.08 v _125511_/Q (DFF_X1)
   0.13    0.22 v _075757_/ZN (OR4_X1)
   0.05    0.27 ^ _075758_/ZN (NOR2_X1)
   0.01    0.28 v _075759_/ZN (INV_X1)
   0.12    0.40 v _075761_/ZN (OR4_X1)
   0.12    0.52 v _075777_/ZN (OR4_X1)
   0.02    0.55 ^ _075778_/ZN (NAND2_X1)
   0.01    0.56 v _075779_/ZN (NOR4_X1)
   0.02    0.58 ^ _075800_/ZN (NAND3_X1)
   0.02    0.60 v _075801_/ZN (OAI21_X1)
   0.11    0.71 ^ _075802_/ZN (NAND2_X1)
   0.04    0.75 v _075803_/ZN (INV_X1)
   0.03    0.78 ^ _075830_/ZN (NAND2_X1)
   0.01    0.79 v _075832_/ZN (AOI21_X1)
   0.00    0.79 v _125502_/D (DFF_X1)
           0.79   data arrival time

   0.90    0.90   clock i2c_clk (rise edge)
   0.00    0.90   clock network delay (ideal)
   0.00    0.90   clock reconvergence pessimism
           0.90 ^ _125502_/CK (DFF_X1)
  -0.05    0.85   library setup time
           0.85   data required time
---------------------------------------------------------
           0.85   data required time
          -0.79   data arrival time
---------------------------------------------------------
           0.06   slack (MET)


Startpoint: _125511_ (rising edge-triggered flip-flop clocked by i2c_clk)
Endpoint: _125510_ (rising edge-triggered flip-flop clocked by i2c_clk)
Path Group: i2c_clk
Path Type: max

  Delay    Time   Description
---------------------------------------------------------
   0.00    0.00   clock i2c_clk (rise edge)
   0.00    0.00   clock network delay (ideal)
   0.00    0.00 ^ _125511_/CK (DFF_X1)
   0.08    0.08 v _125511_/Q (DFF_X1)
   0.13    0.22 v _075757_/ZN (OR4_X1)
   0.05    0.27 ^ _075758_/ZN (NOR2_X1)
   0.01    0.28 v _075759_/ZN (INV_X1)
   0.12    0.40 v _075761_/ZN (OR4_X1)
   0.12    0.52 v _075777_/ZN (OR4_X1)
   0.02    0.55 ^ _075778_/ZN (NAND2_X1)
   0.01    0.56 v _075779_/ZN (NOR4_X1)
   0.02    0.58 ^ _075800_/ZN (NAND3_X1)
   0.02    0.60 v _075801_/ZN (OAI21_X1)
   0.11    0.71 ^ _075802_/ZN (NAND2_X1)
   0.04    0.75 v _075803_/ZN (INV_X1)
   0.03    0.78 ^ _075809_/ZN (NAND2_X1)
   0.01    0.79 v _075811_/ZN (AOI21_X1)
   0.00    0.79 v _125510_/D (DFF_X1)
           0.79   data arrival time

   0.90    0.90   clock i2c_clk (rise edge)
   0.00    0.90   clock network delay (ideal)
   0.00    0.90   clock reconvergence pessimism
           0.90 ^ _125510_/CK (DFF_X1)
  -0.05    0.85   library setup time
           0.85   data required time
---------------------------------------------------------
           0.85   data required time
          -0.79   data arrival time
---------------------------------------------------------
           0.06   slack (MET)


Startpoint: _125511_ (rising edge-triggered flip-flop clocked by i2c_clk)
Endpoint: _125497_ (rising edge-triggered flip-flop clocked by i2c_clk)
Path Group: i2c_clk
Path Type: max

  Delay    Time   Description
---------------------------------------------------------
   0.00    0.00   clock i2c_clk (rise edge)
   0.00    0.00   clock network delay (ideal)
   0.00    0.00 ^ _125511_/CK (DFF_X1)
   0.08    0.08 v _125511_/Q (DFF_X1)
   0.13    0.22 v _075757_/ZN (OR4_X1)
   0.05    0.27 ^ _075758_/ZN (NOR2_X1)
   0.01    0.28 v _075759_/ZN (INV_X1)
   0.12    0.40 v _075761_/ZN (OR4_X1)
   0.12    0.52 v _075777_/ZN (OR4_X1)
   0.02    0.55 ^ _075778_/ZN (NAND2_X1)
   0.01    0.56 v _075779_/ZN (NOR4_X1)
   0.02    0.58 ^ _075800_/ZN (NAND3_X1)
   0.02    0.60 v _075801_/ZN (OAI21_X1)
   0.11    0.71 ^ _075802_/ZN (NAND2_X1)
   0.01    0.72 v _075845_/ZN (NOR2_X1)
   0.06    0.79 ^ _075846_/ZN (AOI211_X1)
   0.00    0.79 ^ _125497_/D (DFF_X1)
           0.79   data arrival time

   0.90    0.90   clock i2c_clk (rise edge)
   0.00    0.90   clock network delay (ideal)
   0.00    0.90   clock reconvergence pessimism
           0.90 ^ _125497_/CK (DFF_X1)
  -0.04    0.86   library setup time
           0.86   data required time
---------------------------------------------------------
           0.86   data required time
          -0.79   data arrival time
---------------------------------------------------------
           0.07   slack (MET)


Startpoint: _125629_ (rising edge-triggered flip-flop clocked by i2c_div8)
Endpoint: _125635_ (rising edge-triggered flip-flop clocked by i2c_div8)
Path Group: i2c_div8
Path Type: max

  Delay    Time   Description
---------------------------------------------------------
   0.00    0.00   clock i2c_div8 (rise edge)
   0.00    0.00   clock network delay (ideal)
   0.00    0.00 ^ _125629_/CK (DFF_X1)
   0.09    0.09 ^ _125629_/Q (DFF_X1)
   0.01    0.10 v _063535_/ZN (INV_X1)
   0.07    0.17 ^ _075497_/ZN (NOR3_X1)
   0.05    0.22 ^ _075498_/ZN (AND2_X1)
   0.04    0.26 ^ _075499_/ZN (AND2_X1)
   0.05    0.31 ^ _075500_/ZN (AND2_X1)
   0.02    0.32 v _075501_/ZN (NAND2_X1)
   0.05    0.38 v _110049_/Z (XOR2_X1)
   0.03    0.40 ^ _110050_/ZN (NOR2_X1)
   0.00    0.40 ^ _125635_/D (DFF_X1)
           0.40   data arrival time

   7.20    7.20   clock i2c_div8 (rise edge)
   0.00    7.20   clock network delay (ideal)
   0.00    7.20   clock reconvergence pessimism
           7.20 ^ _125635_/CK (DFF_X1)
  -0.03    7.17   library setup time
           7.17   data required time
---------------------------------------------------------
           7.17   data required time
          -0.40   data arrival time
---------------------------------------------------------
           6.76   slack (MET)


Startpoint: _125629_ (rising edge-triggered flip-flop clocked by i2c_div8)
Endpoint: _125634_ (rising edge-triggered flip-flop clocked by i2c_div8)
Path Group: i2c_div8
Path Type: max

  Delay    Time   Description
---------------------------------------------------------
   0.00    0.00   clock i2c_div8 (rise edge)
   0.00    0.00   clock network delay (ideal)
   0.00    0.00 ^ _125629_/CK (DFF_X1)
   0.09    0.09 ^ _125629_/Q (DFF_X1)
   0.01    0.10 v _063535_/ZN (INV_X1)
   0.07    0.17 ^ _075497_/ZN (NOR3_X1)
   0.05    0.22 ^ _075498_/ZN (AND2_X1)
   0.04    0.26 ^ _075499_/ZN (AND2_X1)
   0.05    0.31 ^ _075500_/ZN (AND2_X1)
   0.02    0.32 v _075502_/ZN (OAI21_X1)
   0.04    0.36 ^ _075503_/ZN (AOI21_X1)
   0.00    0.36 ^ _125634_/D (DFF_X1)
           0.36   data arrival time

   7.20    7.20   clock i2c_div8 (rise edge)
   0.00    7.20   clock network delay (ideal)
   0.00    7.20   clock reconvergence pessimism
           7.20 ^ _125634_/CK (DFF_X1)
  -0.03    7.17   library setup time
           7.17   data required time
---------------------------------------------------------
           7.17   data required time
          -0.36   data arrival time
---------------------------------------------------------
           6.80   slack (MET)


Startpoint: _125629_ (rising edge-triggered flip-flop clocked by i2c_div8)
Endpoint: _125633_ (rising edge-triggered flip-flop clocked by i2c_div8)
Path Group: i2c_div8
Path Type: max

  Delay    Time   Description
---------------------------------------------------------
   0.00    0.00   clock i2c_div8 (rise edge)
   0.00    0.00   clock network delay (ideal)
   0.00    0.00 ^ _125629_/CK (DFF_X1)
   0.09    0.09 ^ _125629_/Q (DFF_X1)
   0.01    0.10 v _063535_/ZN (INV_X1)
   0.07    0.17 ^ _075497_/ZN (NOR3_X1)
   0.05    0.22 ^ _075498_/ZN (AND2_X1)
   0.04    0.26 ^ _075499_/ZN (AND2_X1)
   0.05    0.31 ^ _075500_/ZN (AND2_X1)
   0.01    0.31 v _075505_/ZN (NOR2_X1)
   0.00    0.31 v _125633_/D (DFF_X1)
           0.31   data arrival time

   7.20    7.20   clock i2c_div8 (rise edge)
   0.00    7.20   clock network delay (ideal)
   0.00    7.20   clock reconvergence pessimism
           7.20 ^ _125633_/CK (DFF_X1)
  -0.04    7.16   library setup time
           7.16   data required time
---------------------------------------------------------
           7.16   data required time
          -0.31   data arrival time
---------------------------------------------------------
           6.85   slack (MET)


Startpoint: _125629_ (rising edge-triggered flip-flop clocked by i2c_div8)
Endpoint: _125632_ (rising edge-triggered flip-flop clocked by i2c_div8)
Path Group: i2c_div8
Path Type: max

  Delay    Time   Description
---------------------------------------------------------
   0.00    0.00   clock i2c_div8 (rise edge)
   0.00    0.00   clock network delay (ideal)
   0.00    0.00 ^ _125629_/CK (DFF_X1)
   0.09    0.09 ^ _125629_/Q (DFF_X1)
   0.01    0.10 v _063535_/ZN (INV_X1)
   0.07    0.17 ^ _075497_/ZN (NOR3_X1)
   0.05    0.22 ^ _075498_/ZN (AND2_X1)
   0.04    0.26 ^ _075499_/ZN (AND2_X1)
   0.01    0.27 v _075507_/ZN (NOR2_X1)
   0.00    0.27 v _125632_/D (DFF_X1)
           0.27   data arrival time

   7.20    7.20   clock i2c_div8 (rise edge)
   0.00    7.20   clock network delay (ideal)
   0.00    7.20   clock reconvergence pessimism
           7.20 ^ _125632_/CK (DFF_X1)
  -0.04    7.16   library setup time
           7.16   data required time
---------------------------------------------------------
           7.16   data required time
          -0.27   data arrival time
---------------------------------------------------------
           6.89   slack (MET)


Startpoint: _125629_ (rising edge-triggered flip-flop clocked by i2c_div8)
Endpoint: _125631_ (rising edge-triggered flip-flop clocked by i2c_div8)
Path Group: i2c_div8
Path Type: max

  Delay    Time   Description
---------------------------------------------------------
   0.00    0.00   clock i2c_div8 (rise edge)
   0.00    0.00   clock network delay (ideal)
   0.00    0.00 ^ _125629_/CK (DFF_X1)
   0.09    0.09 ^ _125629_/Q (DFF_X1)
   0.01    0.10 v _063535_/ZN (INV_X1)
   0.07    0.17 ^ _075497_/ZN (NOR3_X1)
   0.05    0.22 ^ _075498_/ZN (AND2_X1)
   0.01    0.23 v _075509_/ZN (NOR2_X1)
   0.00    0.23 v _125631_/D (DFF_X1)
           0.23   data arrival time

   7.20    7.20   clock i2c_div8 (rise edge)
   0.00    7.20   clock network delay (ideal)
   0.00    7.20   clock reconvergence pessimism
           7.20 ^ _125631_/CK (DFF_X1)
  -0.04    7.16   library setup time
           7.16   data required time
---------------------------------------------------------
           7.16   data required time
          -0.23   data arrival time
---------------------------------------------------------
           6.93   slack (MET)


Startpoint: _125629_ (rising edge-triggered flip-flop clocked by i2c_div8)
Endpoint: _125630_ (rising edge-triggered flip-flop clocked by i2c_div8)
Path Group: i2c_div8
Path Type: max

  Delay    Time   Description
---------------------------------------------------------
   0.00    0.00   clock i2c_div8 (rise edge)
   0.00    0.00   clock network delay (ideal)
   0.00    0.00 ^ _125629_/CK (DFF_X1)
   0.09    0.09 ^ _125629_/Q (DFF_X1)
   0.01    0.10 v _063535_/ZN (INV_X1)
   0.07    0.17 ^ _075497_/ZN (NOR3_X1)
   0.01    0.19 v _075511_/ZN (NOR3_X1)
   0.00    0.19 v _125630_/D (DFF_X1)
           0.19   data arrival time

   7.20    7.20   clock i2c_div8 (rise edge)
   0.00    7.20   clock network delay (ideal)
   0.00    7.20   clock reconvergence pessimism
           7.20 ^ _125630_/CK (DFF_X1)
  -0.04    7.16   library setup time
           7.16   data required time
---------------------------------------------------------
           7.16   data required time
          -0.19   data arrival time
---------------------------------------------------------
           6.97   slack (MET)


Startpoint: _125628_ (rising edge-triggered flip-flop clocked by i2c_div8)
Endpoint: _125629_ (rising edge-triggered flip-flop clocked by i2c_div8)
Path Group: i2c_div8
Path Type: max

  Delay    Time   Description
---------------------------------------------------------
   0.00    0.00   clock i2c_div8 (rise edge)
   0.00    0.00   clock network delay (ideal)
   0.00    0.00 ^ _125628_/CK (DFF_X1)
   0.09    0.09 ^ _125628_/Q (DFF_X1)
   0.01    0.10 v _063525_/ZN (INV_X1)
   0.03    0.13 ^ _075496_/ZN (NOR2_X1)
   0.01    0.14 v _075512_/ZN (NOR2_X1)
   0.04    0.18 ^ _075513_/ZN (AOI21_X1)
   0.00    0.18 ^ _125629_/D (DFF_X1)
           0.18   data arrival time

   7.20    7.20   clock i2c_div8 (rise edge)
   0.00    7.20   clock network delay (ideal)
   0.00    7.20   clock reconvergence pessimism
           7.20 ^ _125629_/CK (DFF_X1)
  -0.03    7.17   library setup time
           7.17   data required time
---------------------------------------------------------
           7.17   data required time
          -0.18   data arrival time
---------------------------------------------------------
           6.99   slack (MET)


Startpoint: _125628_ (rising edge-triggered flip-flop clocked by i2c_div8)
Endpoint: _125628_ (rising edge-triggered flip-flop clocked by i2c_div8)
Path Group: i2c_div8
Path Type: max

  Delay    Time   Description
---------------------------------------------------------
   0.00    0.00   clock i2c_div8 (rise edge)
   0.00    0.00   clock network delay (ideal)
   0.00    0.00 ^ _125628_/CK (DFF_X1)
   0.06    0.06 v _125628_/QN (DFF_X1)
   0.03    0.09 v _075514_/ZN (AND2_X1)
   0.00    0.09 v _125628_/D (DFF_X1)
           0.09   data arrival time

   7.20    7.20   clock i2c_div8 (rise edge)
   0.00    7.20   clock network delay (ideal)
   0.00    7.20   clock reconvergence pessimism
           7.20 ^ _125628_/CK (DFF_X1)
  -0.04    7.16   library setup time
           7.16   data required time
---------------------------------------------------------
           7.16   data required time
          -0.09   data arrival time
---------------------------------------------------------
           7.07   slack (MET)


Startpoint: _111025_ (rising edge-triggered flip-flop clocked by spi_clk)
Endpoint: _111035_ (rising edge-triggered flip-flop clocked by spi_clk)
Path Group: spi_clk
Path Type: max

  Delay    Time   Description
---------------------------------------------------------
   0.00    0.00   clock spi_clk (rise edge)
   0.00    0.00   clock network delay (ideal)
   0.00    0.00 ^ _111025_/CK (DFF_X1)
   0.08    0.08 v _111025_/Q (DFF_X1)
   0.05    0.13 ^ _104888_/ZN (AOI21_X1)
   0.01    0.14 v _104889_/ZN (INV_X1)
   0.04    0.18 ^ _104890_/ZN (AOI21_X1)
   0.01    0.19 v _104891_/ZN (INV_X1)
   0.04    0.24 ^ _104892_/ZN (AOI21_X1)
   0.02    0.25 v _104893_/ZN (NOR2_X1)
   0.04    0.29 ^ _104894_/ZN (OAI21_X1)
   0.02    0.31 v _104895_/ZN (NAND2_X1)
   0.03    0.34 v _104896_/ZN (AND2_X1)
   0.04    0.38 ^ _104897_/ZN (NOR2_X1)
   0.02    0.41 v _104898_/ZN (OAI21_X1)
   0.04    0.44 v _104899_/ZN (AND2_X1)
   0.04    0.48 ^ _104900_/ZN (OAI21_X1)
   0.02    0.50 v _104901_/ZN (NAND2_X1)
   0.03    0.54 v _104902_/ZN (AND2_X1)
   0.03    0.57 ^ _109904_/ZN (NOR2_X1)
   0.05    0.61 ^ _109905_/Z (XOR2_X1)
   0.02    0.63 v _109906_/ZN (OAI22_X1)
   0.00    0.63 v _111035_/D (DFF_X1)
           0.63   data arrival time

   0.62    0.62   clock spi_clk (rise edge)
   0.00    0.62   clock network delay (ideal)
   0.00    0.62   clock reconvergence pessimism
           0.62 ^ _111035_/CK (DFF_X1)
  -0.04    0.58   library setup time
           0.58   data required time
---------------------------------------------------------
           0.58   data required time
          -0.63   data arrival time
---------------------------------------------------------
          -0.06   slack (VIOLATED)


Startpoint: _111025_ (rising edge-triggered flip-flop clocked by spi_clk)
Endpoint: _111034_ (rising edge-triggered flip-flop clocked by spi_clk)
Path Group: spi_clk
Path Type: max

  Delay    Time   Description
---------------------------------------------------------
   0.00    0.00   clock spi_clk (rise edge)
   0.00    0.00   clock network delay (ideal)
   0.00    0.00 ^ _111025_/CK (DFF_X1)
   0.08    0.08 v _111025_/Q (DFF_X1)
   0.05    0.13 ^ _104888_/ZN (AOI21_X1)
   0.01    0.14 v _104889_/ZN (INV_X1)
   0.04    0.18 ^ _104890_/ZN (AOI21_X1)
   0.01    0.19 v _104891_/ZN (INV_X1)
   0.04    0.24 ^ _104892_/ZN (AOI21_X1)
   0.02    0.25 v _104893_/ZN (NOR2_X1)
   0.04    0.29 ^ _104894_/ZN (OAI21_X1)
   0.02    0.31 v _104895_/ZN (NAND2_X1)
   0.03    0.34 v _104896_/ZN (AND2_X1)
   0.04    0.38 ^ _104897_/ZN (NOR2_X1)
   0.02    0.41 v _104898_/ZN (OAI21_X1)
   0.04    0.44 v _104899_/ZN (AND2_X1)
   0.04    0.48 ^ _104900_/ZN (OAI21_X1)
   0.02    0.50 v _104901_/ZN (NAND2_X1)
   0.03    0.54 v _104902_/ZN (AND2_X1)
   0.03    0.57 ^ _104904_/ZN (OAI22_X1)
   0.00    0.57 ^ _111034_/D (DFF_X1)
           0.57   data arrival time

   0.62    0.62   clock spi_clk (rise edge)
   0.00    0.62   clock network delay (ideal)
   0.00    0.62   clock reconvergence pessimism
           0.62 ^ _111034_/CK (DFF_X1)
  -0.04    0.58   library setup time
           0.58   data required time
---------------------------------------------------------
           0.58   data required time
          -0.57   data arrival time
---------------------------------------------------------
           0.01   slack (MET)


Startpoint: _111025_ (rising edge-triggered flip-flop clocked by spi_clk)
Endpoint: _111033_ (rising edge-triggered flip-flop clocked by spi_clk)
Path Group: spi_clk
Path Type: max

  Delay    Time   Description
---------------------------------------------------------
   0.00    0.00   clock spi_clk (rise edge)
   0.00    0.00   clock network delay (ideal)
   0.00    0.00 ^ _111025_/CK (DFF_X1)
   0.08    0.08 v _111025_/Q (DFF_X1)
   0.05    0.13 ^ _104888_/ZN (AOI21_X1)
   0.01    0.14 v _104889_/ZN (INV_X1)
   0.04    0.18 ^ _104890_/ZN (AOI21_X1)
   0.01    0.19 v _104891_/ZN (INV_X1)
   0.04    0.24 ^ _104892_/ZN (AOI21_X1)
   0.02    0.25 v _104893_/ZN (NOR2_X1)
   0.04    0.29 ^ _104894_/ZN (OAI21_X1)
   0.02    0.31 v _104895_/ZN (NAND2_X1)
   0.03    0.34 v _104896_/ZN (AND2_X1)
   0.04    0.38 ^ _104897_/ZN (NOR2_X1)
   0.02    0.41 v _104898_/ZN (OAI21_X1)
   0.04    0.44 v _104899_/ZN (AND2_X1)
   0.04    0.48 ^ _104900_/ZN (OAI21_X1)
   0.02    0.50 v _104907_/ZN (NAND2_X1)
   0.04    0.54 ^ _104908_/ZN (OAI22_X1)
   0.00    0.54 ^ _111033_/D (DFF_X1)
           0.54   data arrival time

   0.62    0.62   clock spi_clk (rise edge)
   0.00    0.62   clock network delay (ideal)
   0.00    0.62   clock reconvergence pessimism
           0.62 ^ _111033_/CK (DFF_X1)
  -0.04    0.58   library setup time
           0.58   data required time
---------------------------------------------------------
           0.58   data required time
          -0.54   data arrival time
---------------------------------------------------------
           0.04   slack (MET)


Startpoint: _111026_ (rising edge-triggered flip-flop clocked by spi_clk)
Endpoint: _125941_ (rising edge-triggered flip-flop clocked by spi_clk)
Path Group: spi_clk
Path Type: max

  Delay    Time   Description
---------------------------------------------------------
   0.00    0.00   clock spi_clk (rise edge)
   0.00    0.00   clock network delay (ideal)
   0.00    0.00 ^ _111026_/CK (DFF_X1)
   0.08    0.08 v _111026_/Q (DFF_X1)
   0.08    0.16 ^ _074226_/ZN (NOR4_X1)
   0.05    0.21 v _074228_/ZN (NAND3_X1)
   0.12    0.32 ^ _074232_/ZN (NOR2_X1)
   0.08    0.40 v _074251_/ZN (AOI21_X1)
   0.08    0.49 ^ _074270_/ZN (AOI211_X1)
   0.02    0.51 v _074271_/ZN (AOI221_X1)
   0.04    0.54 ^ _074272_/ZN (NOR2_X1)
   0.00    0.54 ^ _125941_/D (DFF_X1)
           0.54   data arrival time

   0.62    0.62   clock spi_clk (rise edge)
   0.00    0.62   clock network delay (ideal)
   0.00    0.62   clock reconvergence pessimism
           0.62 ^ _125941_/CK (DFF_X1)
  -0.03    0.59   library setup time
           0.59   data required time
---------------------------------------------------------
           0.59   data required time
          -0.54   data arrival time
---------------------------------------------------------
           0.04   slack (MET)


Startpoint: _111026_ (rising edge-triggered flip-flop clocked by spi_clk)
Endpoint: _125937_ (rising edge-triggered flip-flop clocked by spi_clk)
Path Group: spi_clk
Path Type: max

  Delay    Time   Description
---------------------------------------------------------
   0.00    0.00   clock spi_clk (rise edge)
   0.00    0.00   clock network delay (ideal)
   0.00    0.00 ^ _111026_/CK (DFF_X1)
   0.08    0.08 v _111026_/Q (DFF_X1)
   0.08    0.16 ^ _074226_/ZN (NOR4_X1)
   0.05    0.21 v _074228_/ZN (NAND3_X1)
   0.12    0.32 ^ _074232_/ZN (NOR2_X1)
   0.08    0.40 v _074251_/ZN (AOI21_X1)
   0.08    0.49 ^ _074298_/ZN (AOI211_X1)
   0.02    0.51 v _074299_/ZN (AOI221_X1)
   0.03    0.54 ^ _074300_/ZN (NOR2_X1)
   0.00    0.54 ^ _125937_/D (DFF_X1)
           0.54   data arrival time

   0.62    0.62   clock spi_clk (rise edge)
   0.00    0.62   clock network delay (ideal)
   0.00    0.62   clock reconvergence pessimism
           0.62 ^ _125937_/CK (DFF_X1)
  -0.03    0.59   library setup time
           0.59   data required time
---------------------------------------------------------
           0.59   data required time
          -0.54   data arrival time
---------------------------------------------------------
           0.05   slack (MET)


Startpoint: _125913_ (rising edge-triggered flip-flop clocked by spi_clk)
Endpoint: _125945_ (rising edge-triggered flip-flop clocked by spi_clk)
Path Group: spi_clk
Path Type: max

  Delay    Time   Description
---------------------------------------------------------
   0.00    0.00   clock spi_clk (rise edge)
   0.00    0.00   clock network delay (ideal)
   0.00    0.00 ^ _125913_/CK (DFFR_X1)
   0.21    0.21 ^ _125913_/Q (DFFR_X1)
   0.06    0.27 ^ _074237_/Z (XOR2_X1)
   0.02    0.30 v _074239_/ZN (NOR2_X1)
   0.02    0.32 ^ _074240_/ZN (NAND2_X1)
   0.01    0.33 v _074244_/ZN (NOR2_X1)
   0.08    0.41 ^ _074245_/ZN (AOI221_X1)
   0.03    0.44 v _074246_/ZN (NAND2_X1)
   0.05    0.49 ^ _074247_/ZN (NOR3_X1)
   0.02    0.51 v _074249_/ZN (AOI211_X1)
   0.00    0.51 v _125945_/D (DFF_X1)
           0.51   data arrival time

   0.62    0.62   clock spi_clk (rise edge)
   0.00    0.62   clock network delay (ideal)
   0.00    0.62   clock reconvergence pessimism
           0.62 ^ _125945_/CK (DFF_X1)
  -0.05    0.57   library setup time
           0.57   data required time
---------------------------------------------------------
           0.57   data required time
          -0.51   data arrival time
---------------------------------------------------------
           0.06   slack (MET)


Startpoint: _111026_ (rising edge-triggered flip-flop clocked by spi_clk)
Endpoint: _125938_ (rising edge-triggered flip-flop clocked by spi_clk)
Path Group: spi_clk
Path Type: max

  Delay    Time   Description
---------------------------------------------------------
   0.00    0.00   clock spi_clk (rise edge)
   0.00    0.00   clock network delay (ideal)
   0.00    0.00 ^ _111026_/CK (DFF_X1)
   0.08    0.08 v _111026_/Q (DFF_X1)
   0.08    0.16 ^ _074226_/ZN (NOR4_X1)
   0.05    0.21 v _074228_/ZN (NAND3_X1)
   0.12    0.32 ^ _074232_/ZN (NOR2_X1)
   0.08    0.40 v _074251_/ZN (AOI21_X1)
   0.08    0.49 ^ _074292_/ZN (AOI211_X1)
   0.02    0.50 v _074293_/ZN (AOI211_X1)
   0.00    0.50 v _125938_/D (DFF_X1)
           0.50   data arrival time

   0.62    0.62   clock spi_clk (rise edge)
   0.00    0.62   clock network delay (ideal)
   0.00    0.62   clock reconvergence pessimism
           0.62 ^ _125938_/CK (DFF_X1)
  -0.05    0.57   library setup time
           0.57   data required time
---------------------------------------------------------
           0.57   data required time
          -0.50   data arrival time
---------------------------------------------------------
           0.07   slack (MET)


Startpoint: _111026_ (rising edge-triggered flip-flop clocked by spi_clk)
Endpoint: _125939_ (rising edge-triggered flip-flop clocked by spi_clk)
Path Group: spi_clk
Path Type: max

  Delay    Time   Description
---------------------------------------------------------
   0.00    0.00   clock spi_clk (rise edge)
   0.00    0.00   clock network delay (ideal)
   0.00    0.00 ^ _111026_/CK (DFF_X1)
   0.08    0.08 v _111026_/Q (DFF_X1)
   0.08    0.16 ^ _074226_/ZN (NOR4_X1)
   0.05    0.21 v _074228_/ZN (NAND3_X1)
   0.12    0.32 ^ _074232_/ZN (NOR2_X1)
   0.08    0.40 v _074251_/ZN (AOI21_X1)
   0.08    0.49 ^ _074285_/ZN (AOI211_X1)
   0.02    0.50 v _074286_/ZN (AOI211_X1)
   0.00    0.50 v _125939_/D (DFF_X1)
           0.50   data arrival time

   0.62    0.62   clock spi_clk (rise edge)
   0.00    0.62   clock network delay (ideal)
   0.00    0.62   clock reconvergence pessimism
           0.62 ^ _125939_/CK (DFF_X1)
  -0.05    0.57   library setup time
           0.57   data required time
---------------------------------------------------------
           0.57   data required time
          -0.50   data arrival time
---------------------------------------------------------
           0.07   slack (MET)


Startpoint: _111026_ (rising edge-triggered flip-flop clocked by spi_clk)
Endpoint: _125940_ (rising edge-triggered flip-flop clocked by spi_clk)
Path Group: spi_clk
Path Type: max

  Delay    Time   Description
---------------------------------------------------------
   0.00    0.00   clock spi_clk (rise edge)
   0.00    0.00   clock network delay (ideal)
   0.00    0.00 ^ _111026_/CK (DFF_X1)
   0.08    0.08 v _111026_/Q (DFF_X1)
   0.08    0.16 ^ _074226_/ZN (NOR4_X1)
   0.05    0.21 v _074228_/ZN (NAND3_X1)
   0.12    0.32 ^ _074232_/ZN (NOR2_X1)
   0.08    0.40 v _074251_/ZN (AOI21_X1)
   0.08    0.49 ^ _074278_/ZN (AOI211_X1)
   0.02    0.50 v _074279_/ZN (AOI211_X1)
   0.00    0.50 v _125940_/D (DFF_X1)
           0.50   data arrival time

   0.62    0.62   clock spi_clk (rise edge)
   0.00    0.62   clock network delay (ideal)
   0.00    0.62   clock reconvergence pessimism
           0.62 ^ _125940_/CK (DFF_X1)
  -0.05    0.57   library setup time
           0.57   data required time
---------------------------------------------------------
           0.57   data required time
          -0.50   data arrival time
---------------------------------------------------------
           0.07   slack (MET)


Startpoint: _111026_ (rising edge-triggered flip-flop clocked by spi_clk)
Endpoint: _125942_ (rising edge-triggered flip-flop clocked by spi_clk)
Path Group: spi_clk
Path Type: max

  Delay    Time   Description
---------------------------------------------------------
   0.00    0.00   clock spi_clk (rise edge)
   0.00    0.00   clock network delay (ideal)
   0.00    0.00 ^ _111026_/CK (DFF_X1)
   0.08    0.08 v _111026_/Q (DFF_X1)
   0.08    0.16 ^ _074226_/ZN (NOR4_X1)
   0.05    0.21 v _074228_/ZN (NAND3_X1)
   0.12    0.32 ^ _074232_/ZN (NOR2_X1)
   0.08    0.40 v _074251_/ZN (AOI21_X1)
   0.08    0.49 ^ _074264_/ZN (AOI211_X1)
   0.02    0.50 v _074265_/ZN (AOI211_X1)
   0.00    0.50 v _125942_/D (DFF_X1)
           0.50   data arrival time

   0.62    0.62   clock spi_clk (rise edge)
   0.00    0.62   clock network delay (ideal)
   0.00    0.62   clock reconvergence pessimism
           0.62 ^ _125942_/CK (DFF_X1)
  -0.05    0.57   library setup time
           0.57   data required time
---------------------------------------------------------
           0.57   data required time
          -0.50   data arrival time
---------------------------------------------------------
           0.07   slack (MET)


Startpoint: _111026_ (rising edge-triggered flip-flop clocked by spi_clk)
Endpoint: _125944_ (rising edge-triggered flip-flop clocked by spi_clk)
Path Group: spi_clk
Path Type: max

  Delay    Time   Description
---------------------------------------------------------
   0.00    0.00   clock spi_clk (rise edge)
   0.00    0.00   clock network delay (ideal)
   0.00    0.00 ^ _111026_/CK (DFF_X1)
   0.08    0.08 v _111026_/Q (DFF_X1)
   0.08    0.16 ^ _074226_/ZN (NOR4_X1)
   0.05    0.21 v _074228_/ZN (NAND3_X1)
   0.12    0.32 ^ _074232_/ZN (NOR2_X1)
   0.08    0.40 v _074251_/ZN (AOI21_X1)
   0.08    0.49 ^ _109857_/ZN (AOI211_X1)
   0.02    0.50 v _109858_/ZN (AOI211_X1)
   0.00    0.50 v _125944_/D (DFF_X1)
           0.50   data arrival time

   0.62    0.62   clock spi_clk (rise edge)
   0.00    0.62   clock network delay (ideal)
   0.00    0.62   clock reconvergence pessimism
           0.62 ^ _125944_/CK (DFF_X1)
  -0.05    0.57   library setup time
           0.57   data required time
---------------------------------------------------------
           0.57   data required time
          -0.50   data arrival time
---------------------------------------------------------
           0.07   slack (MET)


Startpoint: _111026_ (rising edge-triggered flip-flop clocked by spi_clk)
Endpoint: _125943_ (rising edge-triggered flip-flop clocked by spi_clk)
Path Group: spi_clk
Path Type: max

  Delay    Time   Description
---------------------------------------------------------
   0.00    0.00   clock spi_clk (rise edge)
   0.00    0.00   clock network delay (ideal)
   0.00    0.00 ^ _111026_/CK (DFF_X1)
   0.08    0.08 v _111026_/Q (DFF_X1)
   0.08    0.16 ^ _074226_/ZN (NOR4_X1)
   0.05    0.21 v _074228_/ZN (NAND3_X1)
   0.12    0.32 ^ _074232_/ZN (NOR2_X1)
   0.08    0.40 v _074251_/ZN (AOI21_X1)
   0.06    0.47 ^ _074256_/ZN (NOR3_X1)
   0.02    0.48 v _074257_/ZN (AOI221_X1)
   0.04    0.52 ^ _074258_/ZN (NOR2_X1)
   0.00    0.52 ^ _125943_/D (DFF_X1)
           0.52   data arrival time

   0.62    0.62   clock spi_clk (rise edge)
   0.00    0.62   clock network delay (ideal)
   0.00    0.62   clock reconvergence pessimism
           0.62 ^ _125943_/CK (DFF_X1)
  -0.03    0.59   library setup time
           0.59   data required time
---------------------------------------------------------
           0.59   data required time
          -0.52   data arrival time
---------------------------------------------------------
           0.07   slack (MET)


Startpoint: _125913_ (rising edge-triggered flip-flop clocked by spi_clk)
Endpoint: _125946_ (rising edge-triggered flip-flop clocked by spi_clk)
Path Group: spi_clk
Path Type: max

  Delay    Time   Description
---------------------------------------------------------
   0.00    0.00   clock spi_clk (rise edge)
   0.00    0.00   clock network delay (ideal)
   0.00    0.00 ^ _125913_/CK (DFFR_X1)
   0.21    0.21 ^ _125913_/Q (DFFR_X1)
   0.06    0.27 ^ _074237_/Z (XOR2_X1)
   0.02    0.30 v _074239_/ZN (NOR2_X1)
   0.02    0.32 ^ _074240_/ZN (NAND2_X1)
   0.01    0.33 v _074244_/ZN (NOR2_X1)
   0.08    0.41 ^ _074245_/ZN (AOI221_X1)
   0.03    0.44 v _074246_/ZN (NAND2_X1)
   0.04    0.49 ^ _109859_/ZN (AOI22_X1)
   0.01    0.50 v _109860_/ZN (NOR2_X1)
   0.00    0.50 v _125946_/D (DFF_X1)
           0.50   data arrival time

   0.62    0.62   clock spi_clk (rise edge)
   0.00    0.62   clock network delay (ideal)
   0.00    0.62   clock reconvergence pessimism
           0.62 ^ _125946_/CK (DFF_X1)
  -0.04    0.58   library setup time
           0.58   data required time
---------------------------------------------------------
           0.58   data required time
          -0.50   data arrival time
---------------------------------------------------------
           0.08   slack (MET)


Startpoint: _111182_ (rising edge-triggered flip-flop clocked by spi_clk)
Endpoint: _111273_ (rising edge-triggered flip-flop clocked by spi_clk)
Path Group: spi_clk
Path Type: max

  Delay    Time   Description
---------------------------------------------------------
   0.00    0.00   clock spi_clk (rise edge)
   0.00    0.00   clock network delay (ideal)
   0.00    0.00 ^ _111182_/CK (DFF_X1)
   0.08    0.08 v _111182_/Q (DFF_X1)
   0.15    0.24 ^ _065424_/ZN (NOR3_X1)
   0.10    0.34 ^ _065441_/ZN (AND4_X1)
   0.09    0.42 ^ _097770_/ZN (AND3_X1)
   0.06    0.48 v _109649_/Z (MUX2_X1)
   0.00    0.48 v _111273_/D (DFF_X1)
           0.48   data arrival time

   0.62    0.62   clock spi_clk (rise edge)
   0.00    0.62   clock network delay (ideal)
   0.00    0.62   clock reconvergence pessimism
           0.62 ^ _111273_/CK (DFF_X1)
  -0.04    0.58   library setup time
           0.58   data required time
---------------------------------------------------------
           0.58   data required time
          -0.48   data arrival time
---------------------------------------------------------
           0.10   slack (MET)


Startpoint: _111182_ (rising edge-triggered flip-flop clocked by spi_clk)
Endpoint: _119272_ (rising edge-triggered flip-flop clocked by spi_clk)
Path Group: spi_clk
Path Type: max

  Delay    Time   Description
---------------------------------------------------------
   0.00    0.00   clock spi_clk (rise edge)
   0.00    0.00   clock network delay (ideal)
   0.00    0.00 ^ _111182_/CK (DFF_X1)
   0.08    0.08 v _111182_/Q (DFF_X1)
   0.15    0.24 ^ _065424_/ZN (NOR3_X1)
   0.10    0.34 ^ _065441_/ZN (AND4_X1)
   0.09    0.42 ^ _097770_/ZN (AND3_X1)
   0.06    0.48 v _097777_/Z (MUX2_X1)
   0.00    0.48 v _119272_/D (DFF_X1)
           0.48   data arrival time

   0.62    0.62   clock spi_clk (rise edge)
   0.00    0.62   clock network delay (ideal)
   0.00    0.62   clock reconvergence pessimism
           0.62 ^ _119272_/CK (DFF_X1)
  -0.04    0.58   library setup time
           0.58   data required time
---------------------------------------------------------
           0.58   data required time
          -0.48   data arrival time
---------------------------------------------------------
           0.10   slack (MET)


Startpoint: _111182_ (rising edge-triggered flip-flop clocked by spi_clk)
Endpoint: _119273_ (rising edge-triggered flip-flop clocked by spi_clk)
Path Group: spi_clk
Path Type: max

  Delay    Time   Description
---------------------------------------------------------
   0.00    0.00   clock spi_clk (rise edge)
   0.00    0.00   clock network delay (ideal)
   0.00    0.00 ^ _111182_/CK (DFF_X1)
   0.08    0.08 v _111182_/Q (DFF_X1)
   0.15    0.24 ^ _065424_/ZN (NOR3_X1)
   0.10    0.34 ^ _065441_/ZN (AND4_X1)
   0.09    0.42 ^ _097770_/ZN (AND3_X1)
   0.06    0.48 v _097776_/Z (MUX2_X1)
   0.00    0.48 v _119273_/D (DFF_X1)
           0.48   data arrival time

   0.62    0.62   clock spi_clk (rise edge)
   0.00    0.62   clock network delay (ideal)
   0.00    0.62   clock reconvergence pessimism
           0.62 ^ _119273_/CK (DFF_X1)
  -0.04    0.58   library setup time
           0.58   data required time
---------------------------------------------------------
           0.58   data required time
          -0.48   data arrival time
---------------------------------------------------------
           0.10   slack (MET)


Startpoint: _111182_ (rising edge-triggered flip-flop clocked by spi_clk)
Endpoint: _119274_ (rising edge-triggered flip-flop clocked by spi_clk)
Path Group: spi_clk
Path Type: max

  Delay    Time   Description
---------------------------------------------------------
   0.00    0.00   clock spi_clk (rise edge)
   0.00    0.00   clock network delay (ideal)
   0.00    0.00 ^ _111182_/CK (DFF_X1)
   0.08    0.08 v _111182_/Q (DFF_X1)
   0.15    0.24 ^ _065424_/ZN (NOR3_X1)
   0.10    0.34 ^ _065441_/ZN (AND4_X1)
   0.09    0.42 ^ _097770_/ZN (AND3_X1)
   0.06    0.48 v _097775_/Z (MUX2_X1)
   0.00    0.48 v _119274_/D (DFF_X1)
           0.48   data arrival time

   0.62    0.62   clock spi_clk (rise edge)
   0.00    0.62   clock network delay (ideal)
   0.00    0.62   clock reconvergence pessimism
           0.62 ^ _119274_/CK (DFF_X1)
  -0.04    0.58   library setup time
           0.58   data required time
---------------------------------------------------------
           0.58   data required time
          -0.48   data arrival time
---------------------------------------------------------
           0.10   slack (MET)


Startpoint: _111182_ (rising edge-triggered flip-flop clocked by spi_clk)
Endpoint: _119275_ (rising edge-triggered flip-flop clocked by spi_clk)
Path Group: spi_clk
Path Type: max

  Delay    Time   Description
---------------------------------------------------------
   0.00    0.00   clock spi_clk (rise edge)
   0.00    0.00   clock network delay (ideal)
   0.00    0.00 ^ _111182_/CK (DFF_X1)
   0.08    0.08 v _111182_/Q (DFF_X1)
   0.15    0.24 ^ _065424_/ZN (NOR3_X1)
   0.10    0.34 ^ _065441_/ZN (AND4_X1)
   0.09    0.42 ^ _097770_/ZN (AND3_X1)
   0.06    0.48 v _097774_/Z (MUX2_X1)
   0.00    0.48 v _119275_/D (DFF_X1)
           0.48   data arrival time

   0.62    0.62   clock spi_clk (rise edge)
   0.00    0.62   clock network delay (ideal)
   0.00    0.62   clock reconvergence pessimism
           0.62 ^ _119275_/CK (DFF_X1)
  -0.04    0.58   library setup time
           0.58   data required time
---------------------------------------------------------
           0.58   data required time
          -0.48   data arrival time
---------------------------------------------------------
           0.10   slack (MET)


Startpoint: _111182_ (rising edge-triggered flip-flop clocked by spi_clk)
Endpoint: _119276_ (rising edge-triggered flip-flop clocked by spi_clk)
Path Group: spi_clk
Path Type: max

  Delay    Time   Description
---------------------------------------------------------
   0.00    0.00   clock spi_clk (rise edge)
   0.00    0.00   clock network delay (ideal)
   0.00    0.00 ^ _111182_/CK (DFF_X1)
   0.08    0.08 v _111182_/Q (DFF_X1)
   0.15    0.24 ^ _065424_/ZN (NOR3_X1)
   0.10    0.34 ^ _065441_/ZN (AND4_X1)
   0.09    0.42 ^ _097770_/ZN (AND3_X1)
   0.06    0.48 v _097773_/Z (MUX2_X1)
   0.00    0.48 v _119276_/D (DFF_X1)
           0.48   data arrival time

   0.62    0.62   clock spi_clk (rise edge)
   0.00    0.62   clock network delay (ideal)
   0.00    0.62   clock reconvergence pessimism
           0.62 ^ _119276_/CK (DFF_X1)
  -0.04    0.58   library setup time
           0.58   data required time
---------------------------------------------------------
           0.58   data required time
          -0.48   data arrival time
---------------------------------------------------------
           0.10   slack (MET)


Startpoint: _111182_ (rising edge-triggered flip-flop clocked by spi_clk)
Endpoint: _119277_ (rising edge-triggered flip-flop clocked by spi_clk)
Path Group: spi_clk
Path Type: max

  Delay    Time   Description
---------------------------------------------------------
   0.00    0.00   clock spi_clk (rise edge)
   0.00    0.00   clock network delay (ideal)
   0.00    0.00 ^ _111182_/CK (DFF_X1)
   0.08    0.08 v _111182_/Q (DFF_X1)
   0.15    0.24 ^ _065424_/ZN (NOR3_X1)
   0.10    0.34 ^ _065441_/ZN (AND4_X1)
   0.09    0.42 ^ _097770_/ZN (AND3_X1)
   0.06    0.48 v _097772_/Z (MUX2_X1)
   0.00    0.48 v _119277_/D (DFF_X1)
           0.48   data arrival time

   0.62    0.62   clock spi_clk (rise edge)
   0.00    0.62   clock network delay (ideal)
   0.00    0.62   clock reconvergence pessimism
           0.62 ^ _119277_/CK (DFF_X1)
  -0.04    0.58   library setup time
           0.58   data required time
---------------------------------------------------------
           0.58   data required time
          -0.48   data arrival time
---------------------------------------------------------
           0.10   slack (MET)


Startpoint: _125682_ (rising edge-triggered flip-flop clocked by spi_div16)
Endpoint: _125688_ (rising edge-triggered flip-flop clocked by spi_div16)
Path Group: spi_div16
Path Type: max

  Delay    Time   Description
---------------------------------------------------------
   0.00    0.00   clock spi_div16 (rise edge)
   0.00    0.00   clock network delay (ideal)
   0.00    0.00 ^ _125682_/CK (DFF_X1)
   0.09    0.09 ^ _125682_/Q (DFF_X1)
   0.01    0.10 v _064513_/ZN (INV_X1)
   0.07    0.17 ^ _075364_/ZN (NOR3_X1)
   0.05    0.22 ^ _075365_/ZN (AND2_X1)
   0.04    0.26 ^ _075366_/ZN (AND2_X1)
   0.05    0.31 ^ _075367_/ZN (AND2_X1)
   0.02    0.32 v _075368_/ZN (NAND2_X1)
   0.05    0.38 v _110457_/Z (XOR2_X1)
   0.03    0.40 ^ _110458_/ZN (NOR2_X1)
   0.00    0.40 ^ _125688_/D (DFF_X1)
           0.40   data arrival time

   9.92    9.92   clock spi_div16 (rise edge)
   0.00    9.92   clock network delay (ideal)
   0.00    9.92   clock reconvergence pessimism
           9.92 ^ _125688_/CK (DFF_X1)
  -0.03    9.89   library setup time
           9.89   data required time
---------------------------------------------------------
           9.89   data required time
          -0.40   data arrival time
---------------------------------------------------------
           9.48   slack (MET)


Startpoint: _125682_ (rising edge-triggered flip-flop clocked by spi_div16)
Endpoint: _125687_ (rising edge-triggered flip-flop clocked by spi_div16)
Path Group: spi_div16
Path Type: max

  Delay    Time   Description
---------------------------------------------------------
   0.00    0.00   clock spi_div16 (rise edge)
   0.00    0.00   clock network delay (ideal)
   0.00    0.00 ^ _125682_/CK (DFF_X1)
   0.09    0.09 ^ _125682_/Q (DFF_X1)
   0.01    0.10 v _064513_/ZN (INV_X1)
   0.07    0.17 ^ _075364_/ZN (NOR3_X1)
   0.05    0.22 ^ _075365_/ZN (AND2_X1)
   0.04    0.26 ^ _075366_/ZN (AND2_X1)
   0.05    0.31 ^ _075367_/ZN (AND2_X1)
   0.02    0.32 v _075369_/ZN (OAI21_X1)
   0.04    0.36 ^ _075370_/ZN (AOI21_X1)
   0.00    0.36 ^ _125687_/D (DFF_X1)
           0.36   data arrival time

   9.92    9.92   clock spi_div16 (rise edge)
   0.00    9.92   clock network delay (ideal)
   0.00    9.92   clock reconvergence pessimism
           9.92 ^ _125687_/CK (DFF_X1)
  -0.03    9.89   library setup time
           9.89   data required time
---------------------------------------------------------
           9.89   data required time
          -0.36   data arrival time
---------------------------------------------------------
           9.52   slack (MET)


Startpoint: _125682_ (rising edge-triggered flip-flop clocked by spi_div16)
Endpoint: _125686_ (rising edge-triggered flip-flop clocked by spi_div16)
Path Group: spi_div16
Path Type: max

  Delay    Time   Description
---------------------------------------------------------
   0.00    0.00   clock spi_div16 (rise edge)
   0.00    0.00   clock network delay (ideal)
   0.00    0.00 ^ _125682_/CK (DFF_X1)
   0.09    0.09 ^ _125682_/Q (DFF_X1)
   0.01    0.10 v _064513_/ZN (INV_X1)
   0.07    0.17 ^ _075364_/ZN (NOR3_X1)
   0.05    0.22 ^ _075365_/ZN (AND2_X1)
   0.04    0.26 ^ _075366_/ZN (AND2_X1)
   0.05    0.31 ^ _075367_/ZN (AND2_X1)
   0.01    0.31 v _075372_/ZN (NOR2_X1)
   0.00    0.31 v _125686_/D (DFF_X1)
           0.31   data arrival time

   9.92    9.92   clock spi_div16 (rise edge)
   0.00    9.92   clock network delay (ideal)
   0.00    9.92   clock reconvergence pessimism
           9.92 ^ _125686_/CK (DFF_X1)
  -0.04    9.88   library setup time
           9.88   data required time
---------------------------------------------------------
           9.88   data required time
          -0.31   data arrival time
---------------------------------------------------------
           9.57   slack (MET)


Startpoint: _125682_ (rising edge-triggered flip-flop clocked by spi_div16)
Endpoint: _125685_ (rising edge-triggered flip-flop clocked by spi_div16)
Path Group: spi_div16
Path Type: max

  Delay    Time   Description
---------------------------------------------------------
   0.00    0.00   clock spi_div16 (rise edge)
   0.00    0.00   clock network delay (ideal)
   0.00    0.00 ^ _125682_/CK (DFF_X1)
   0.09    0.09 ^ _125682_/Q (DFF_X1)
   0.01    0.10 v _064513_/ZN (INV_X1)
   0.07    0.17 ^ _075364_/ZN (NOR3_X1)
   0.05    0.22 ^ _075365_/ZN (AND2_X1)
   0.04    0.26 ^ _075366_/ZN (AND2_X1)
   0.01    0.27 v _075374_/ZN (NOR2_X1)
   0.00    0.27 v _125685_/D (DFF_X1)
           0.27   data arrival time

   9.92    9.92   clock spi_div16 (rise edge)
   0.00    9.92   clock network delay (ideal)
   0.00    9.92   clock reconvergence pessimism
           9.92 ^ _125685_/CK (DFF_X1)
  -0.04    9.88   library setup time
           9.88   data required time
---------------------------------------------------------
           9.88   data required time
          -0.27   data arrival time
---------------------------------------------------------
           9.61   slack (MET)


Startpoint: _125682_ (rising edge-triggered flip-flop clocked by spi_div16)
Endpoint: _125684_ (rising edge-triggered flip-flop clocked by spi_div16)
Path Group: spi_div16
Path Type: max

  Delay    Time   Description
---------------------------------------------------------
   0.00    0.00   clock spi_div16 (rise edge)
   0.00    0.00   clock network delay (ideal)
   0.00    0.00 ^ _125682_/CK (DFF_X1)
   0.09    0.09 ^ _125682_/Q (DFF_X1)
   0.01    0.10 v _064513_/ZN (INV_X1)
   0.07    0.17 ^ _075364_/ZN (NOR3_X1)
   0.05    0.22 ^ _075365_/ZN (AND2_X1)
   0.01    0.23 v _075376_/ZN (NOR2_X1)
   0.00    0.23 v _125684_/D (DFF_X1)
           0.23   data arrival time

   9.92    9.92   clock spi_div16 (rise edge)
   0.00    9.92   clock network delay (ideal)
   0.00    9.92   clock reconvergence pessimism
           9.92 ^ _125684_/CK (DFF_X1)
  -0.04    9.88   library setup time
           9.88   data required time
---------------------------------------------------------
           9.88   data required time
          -0.23   data arrival time
---------------------------------------------------------
           9.65   slack (MET)


Startpoint: _125682_ (rising edge-triggered flip-flop clocked by spi_div16)
Endpoint: _125683_ (rising edge-triggered flip-flop clocked by spi_div16)
Path Group: spi_div16
Path Type: max

  Delay    Time   Description
---------------------------------------------------------
   0.00    0.00   clock spi_div16 (rise edge)
   0.00    0.00   clock network delay (ideal)
   0.00    0.00 ^ _125682_/CK (DFF_X1)
   0.09    0.09 ^ _125682_/Q (DFF_X1)
   0.01    0.10 v _064513_/ZN (INV_X1)
   0.07    0.17 ^ _075364_/ZN (NOR3_X1)
   0.01    0.19 v _075378_/ZN (NOR3_X1)
   0.00    0.19 v _125683_/D (DFF_X1)
           0.19   data arrival time

   9.92    9.92   clock spi_div16 (rise edge)
   0.00    9.92   clock network delay (ideal)
   0.00    9.92   clock reconvergence pessimism
           9.92 ^ _125683_/CK (DFF_X1)
  -0.04    9.88   library setup time
           9.88   data required time
---------------------------------------------------------
           9.88   data required time
          -0.19   data arrival time
---------------------------------------------------------
           9.69   slack (MET)


Startpoint: _125682_ (rising edge-triggered flip-flop clocked by spi_div16)
Endpoint: _125682_ (rising edge-triggered flip-flop clocked by spi_div16)
Path Group: spi_div16
Path Type: max

  Delay    Time   Description
---------------------------------------------------------
   0.00    0.00   clock spi_div16 (rise edge)
   0.00    0.00   clock network delay (ideal)
   0.00    0.00 ^ _125682_/CK (DFF_X1)
   0.09    0.09 ^ _125682_/Q (DFF_X1)
   0.01    0.10 v _064513_/ZN (INV_X1)
   0.03    0.14 ^ _075282_/ZN (NOR2_X1)
   0.01    0.15 v _075379_/ZN (NOR2_X1)
   0.04    0.18 ^ _075380_/ZN (AOI21_X1)
   0.00    0.18 ^ _125682_/D (DFF_X1)
           0.18   data arrival time

   9.92    9.92   clock spi_div16 (rise edge)
   0.00    9.92   clock network delay (ideal)
   0.00    9.92   clock reconvergence pessimism
           9.92 ^ _125682_/CK (DFF_X1)
  -0.03    9.89   library setup time
           9.89   data required time
---------------------------------------------------------
           9.89   data required time
          -0.18   data arrival time
---------------------------------------------------------
           9.70   slack (MET)


Startpoint: _125681_ (rising edge-triggered flip-flop clocked by spi_div16)
Endpoint: _125681_ (rising edge-triggered flip-flop clocked by spi_div16)
Path Group: spi_div16
Path Type: max

  Delay    Time   Description
---------------------------------------------------------
   0.00    0.00   clock spi_div16 (rise edge)
   0.00    0.00   clock network delay (ideal)
   0.00    0.00 ^ _125681_/CK (DFF_X1)
   0.06    0.06 v _125681_/QN (DFF_X1)
   0.03    0.09 v _075381_/ZN (AND2_X1)
   0.00    0.09 v _125681_/D (DFF_X1)
           0.09   data arrival time

   9.92    9.92   clock spi_div16 (rise edge)
   0.00    9.92   clock network delay (ideal)
   0.00    9.92   clock reconvergence pessimism
           9.92 ^ _125681_/CK (DFF_X1)
  -0.04    9.88   library setup time
           9.88   data required time
---------------------------------------------------------
           9.88   data required time
          -0.09   data arrival time
---------------------------------------------------------
           9.79   slack (MET)


Startpoint: _125718_ (rising edge-triggered flip-flop clocked by uart_clk)
Endpoint: _110871_ (rising edge-triggered flip-flop clocked by uart_clk)
Path Group: uart_clk
Path Type: max

  Delay    Time   Description
---------------------------------------------------------
   0.00    0.00   clock uart_clk (rise edge)
   0.00    0.00   clock network delay (ideal)
   0.00    0.00 ^ _125718_/CK (DFF_X1)
   0.08    0.08 v _125718_/Q (DFF_X1)
   0.11    0.19 v _066335_/ZN (OR4_X1)
   0.05    0.25 ^ _066336_/ZN (NOR3_X1)
   0.03    0.28 v _066339_/ZN (NAND3_X1)
   0.08    0.35 ^ _066344_/ZN (OAI21_X1)
   0.13    0.48 ^ _066345_/ZN (AND3_X1)
   0.08    0.57 ^ _066347_/ZN (AND3_X1)
   0.10    0.67 v _066349_/ZN (NAND3_X1)
   0.09    0.75 v _066350_/Z (XOR2_X1)
   0.06    0.81 v _066355_/Z (XOR2_X1)
   0.06    0.87 v _110671_/Z (XOR2_X1)
   0.03    0.90 ^ _110677_/ZN (NOR3_X1)
   0.00    0.90 ^ _110871_/D (DFFR_X1)
           0.90   data arrival time

   0.96    0.96   clock uart_clk (rise edge)
   0.00    0.96   clock network delay (ideal)
   0.00    0.96   clock reconvergence pessimism
           0.96 ^ _110871_/CK (DFFR_X1)
  -0.04    0.92   library setup time
           0.92   data required time
---------------------------------------------------------
           0.92   data required time
          -0.90   data arrival time
---------------------------------------------------------
           0.02   slack (MET)


Startpoint: _125718_ (rising edge-triggered flip-flop clocked by uart_clk)
Endpoint: _110875_ (rising edge-triggered flip-flop clocked by uart_clk)
Path Group: uart_clk
Path Type: max

  Delay    Time   Description
---------------------------------------------------------
   0.00    0.00   clock uart_clk (rise edge)
   0.00    0.00   clock network delay (ideal)
   0.00    0.00 ^ _125718_/CK (DFF_X1)
   0.08    0.08 v _125718_/Q (DFF_X1)
   0.11    0.19 v _066335_/ZN (OR4_X1)
   0.05    0.25 ^ _066336_/ZN (NOR3_X1)
   0.03    0.28 v _066339_/ZN (NAND3_X1)
   0.08    0.35 ^ _066344_/ZN (OAI21_X1)
   0.13    0.48 ^ _066345_/ZN (AND3_X1)
   0.08    0.57 ^ _066347_/ZN (AND3_X1)
   0.10    0.67 v _066349_/ZN (NAND3_X1)
   0.09    0.75 v _066350_/Z (XOR2_X1)
   0.06    0.81 v _066355_/Z (XOR2_X1)
   0.00    0.81 v _110875_/D (DFFR_X1)
           0.81   data arrival time

   0.96    0.96   clock uart_clk (rise edge)
   0.00    0.96   clock network delay (ideal)
   0.00    0.96   clock reconvergence pessimism
           0.96 ^ _110875_/CK (DFFR_X1)
  -0.04    0.92   library setup time
           0.92   data required time
---------------------------------------------------------
           0.92   data required time
          -0.81   data arrival time
---------------------------------------------------------
           0.10   slack (MET)


Startpoint: _120733_ (rising edge-triggered flip-flop clocked by uart_clk)
Endpoint: _125723_ (rising edge-triggered flip-flop clocked by uart_clk)
Path Group: uart_clk
Path Type: max

  Delay    Time   Description
---------------------------------------------------------
   0.00    0.00   clock uart_clk (rise edge)
   0.00    0.00   clock network delay (ideal)
   0.00    0.00 ^ _120733_/CK (DFF_X1)
   0.07    0.07 v _120733_/QN (DFF_X1)
   0.14    0.22 ^ _066333_/ZN (NOR2_X1)
   0.05    0.26 ^ _075288_/ZN (OR3_X1)
   0.05    0.32 ^ _075298_/ZN (AND3_X1)
   0.04    0.36 ^ _075299_/ZN (AND2_X1)
   0.04    0.40 ^ _075300_/ZN (AND2_X1)
   0.04    0.44 ^ _075301_/ZN (AND2_X1)
   0.04    0.48 ^ _075302_/ZN (AND2_X1)
   0.04    0.52 ^ _075303_/ZN (AND2_X1)
   0.04    0.56 ^ _075304_/ZN (AND2_X1)
   0.04    0.60 ^ _075305_/ZN (AND2_X1)
   0.04    0.64 ^ _075306_/ZN (AND2_X1)
   0.04    0.68 ^ _075307_/ZN (AND2_X1)
   0.05    0.73 ^ _075308_/ZN (AND2_X1)
   0.02    0.74 v _075309_/ZN (NAND2_X1)
   0.05    0.80 v _109952_/Z (XOR2_X1)
   0.03    0.82 ^ _109953_/ZN (NOR2_X1)
   0.00    0.82 ^ _125723_/D (DFF_X1)
           0.82   data arrival time

   0.96    0.96   clock uart_clk (rise edge)
   0.00    0.96   clock network delay (ideal)
   0.00    0.96   clock reconvergence pessimism
           0.96 ^ _125723_/CK (DFF_X1)
  -0.03    0.93   library setup time
           0.93   data required time
---------------------------------------------------------
           0.93   data required time
          -0.82   data arrival time
---------------------------------------------------------
           0.10   slack (MET)


Startpoint: _110928_ (rising edge-triggered flip-flop clocked by uart_clk)
Endpoint: _110921_ (rising edge-triggered flip-flop clocked by uart_clk)
Path Group: uart_clk
Path Type: max

  Delay    Time   Description
---------------------------------------------------------
   0.00    0.00   clock uart_clk (rise edge)
   0.00    0.00   clock network delay (ideal)
   0.00    0.00 ^ _110928_/CK (DFFR_X1)
   0.49    0.49 ^ _110928_/Q (DFFR_X1)
   0.11    0.61 ^ _065851_/ZN (AND3_X1)
   0.02    0.63 v _065852_/ZN (NAND2_X1)
   0.05    0.68 ^ _065853_/ZN (XNOR2_X1)
   0.04    0.72 ^ _110682_/ZN (XNOR2_X1)
   0.02    0.73 v _110683_/ZN (NAND2_X1)
   0.07    0.81 ^ _110684_/ZN (NOR4_X1)
   0.00    0.81 ^ _110921_/D (DFFS_X1)
           0.81   data arrival time

   0.96    0.96   clock uart_clk (rise edge)
   0.00    0.96   clock network delay (ideal)
   0.00    0.96   clock reconvergence pessimism
           0.96 ^ _110921_/CK (DFFS_X1)
  -0.04    0.92   library setup time
           0.92   data required time
---------------------------------------------------------
           0.92   data required time
          -0.81   data arrival time
---------------------------------------------------------
           0.12   slack (MET)


Startpoint: _110928_ (rising edge-triggered flip-flop clocked by uart_clk)
Endpoint: _111198_ (rising edge-triggered flip-flop clocked by uart_clk)
Path Group: uart_clk
Path Type: max

  Delay    Time   Description
---------------------------------------------------------
   0.00    0.00   clock uart_clk (rise edge)
   0.00    0.00   clock network delay (ideal)
   0.00    0.00 ^ _110928_/CK (DFFR_X1)
   0.49    0.49 ^ _110928_/Q (DFFR_X1)
   0.13    0.63 v _064537_/ZN (INV_X1)
   0.09    0.71 v _080864_/Z (MUX2_X1)
   0.05    0.77 ^ _080870_/ZN (OAI221_X1)
   0.02    0.78 v _080883_/ZN (AOI21_X1)
   0.00    0.78 v _111198_/D (DFF_X1)
           0.78   data arrival time

   0.96    0.96   clock uart_clk (rise edge)
   0.00    0.96   clock network delay (ideal)
   0.00    0.96   clock reconvergence pessimism
           0.96 ^ _111198_/CK (DFF_X1)
  -0.04    0.92   library setup time
           0.92   data required time
---------------------------------------------------------
           0.92   data required time
          -0.78   data arrival time
---------------------------------------------------------
           0.14   slack (MET)


Startpoint: _110928_ (rising edge-triggered flip-flop clocked by uart_clk)
Endpoint: _111203_ (rising edge-triggered flip-flop clocked by uart_clk)
Path Group: uart_clk
Path Type: max

  Delay    Time   Description
---------------------------------------------------------
   0.00    0.00   clock uart_clk (rise edge)
   0.00    0.00   clock network delay (ideal)
   0.00    0.00 ^ _110928_/CK (DFFR_X1)
   0.49    0.49 ^ _110928_/Q (DFFR_X1)
   0.13    0.63 v _064537_/ZN (INV_X1)
   0.09    0.71 v _080734_/Z (MUX2_X1)
   0.05    0.77 ^ _080740_/ZN (OAI221_X1)
   0.02    0.78 v _080753_/ZN (AOI21_X1)
   0.00    0.78 v _111203_/D (DFF_X1)
           0.78   data arrival time

   0.96    0.96   clock uart_clk (rise edge)
   0.00    0.96   clock network delay (ideal)
   0.00    0.96   clock reconvergence pessimism
           0.96 ^ _111203_/CK (DFF_X1)
  -0.04    0.92   library setup time
           0.92   data required time
---------------------------------------------------------
           0.92   data required time
          -0.78   data arrival time
---------------------------------------------------------
           0.14   slack (MET)


Startpoint: _110928_ (rising edge-triggered flip-flop clocked by uart_clk)
Endpoint: _111199_ (rising edge-triggered flip-flop clocked by uart_clk)
Path Group: uart_clk
Path Type: max

  Delay    Time   Description
---------------------------------------------------------
   0.00    0.00   clock uart_clk (rise edge)
   0.00    0.00   clock network delay (ideal)
   0.00    0.00 ^ _110928_/CK (DFFR_X1)
   0.49    0.49 ^ _110928_/Q (DFFR_X1)
   0.13    0.63 v _064537_/ZN (INV_X1)
   0.06    0.69 ^ _080843_/ZN (OAI21_X1)
   0.02    0.71 v _080844_/ZN (OAI21_X1)
   0.06    0.77 ^ _080845_/ZN (OAI221_X1)
   0.02    0.78 v _080859_/ZN (AOI21_X1)
   0.00    0.78 v _111199_/D (DFF_X1)
           0.78   data arrival time

   0.96    0.96   clock uart_clk (rise edge)
   0.00    0.96   clock network delay (ideal)
   0.00    0.96   clock reconvergence pessimism
           0.96 ^ _111199_/CK (DFF_X1)
  -0.04    0.92   library setup time
           0.92   data required time
---------------------------------------------------------
           0.92   data required time
          -0.78   data arrival time
---------------------------------------------------------
           0.14   slack (MET)


Startpoint: _110928_ (rising edge-triggered flip-flop clocked by uart_clk)
Endpoint: _111200_ (rising edge-triggered flip-flop clocked by uart_clk)
Path Group: uart_clk
Path Type: max

  Delay    Time   Description
---------------------------------------------------------
   0.00    0.00   clock uart_clk (rise edge)
   0.00    0.00   clock network delay (ideal)
   0.00    0.00 ^ _110928_/CK (DFFR_X1)
   0.49    0.49 ^ _110928_/Q (DFFR_X1)
   0.13    0.63 v _064537_/ZN (INV_X1)
   0.06    0.69 ^ _080816_/ZN (OAI21_X1)
   0.02    0.71 v _080817_/ZN (OAI21_X1)
   0.06    0.77 ^ _080818_/ZN (OAI221_X1)
   0.02    0.78 v _080832_/ZN (AOI21_X1)
   0.00    0.78 v _111200_/D (DFF_X1)
           0.78   data arrival time

   0.96    0.96   clock uart_clk (rise edge)
   0.00    0.96   clock network delay (ideal)
   0.00    0.96   clock reconvergence pessimism
           0.96 ^ _111200_/CK (DFF_X1)
  -0.04    0.92   library setup time
           0.92   data required time
---------------------------------------------------------
           0.92   data required time
          -0.78   data arrival time
---------------------------------------------------------
           0.14   slack (MET)


Startpoint: _110928_ (rising edge-triggered flip-flop clocked by uart_clk)
Endpoint: _111201_ (rising edge-triggered flip-flop clocked by uart_clk)
Path Group: uart_clk
Path Type: max

  Delay    Time   Description
---------------------------------------------------------
   0.00    0.00   clock uart_clk (rise edge)
   0.00    0.00   clock network delay (ideal)
   0.00    0.00 ^ _110928_/CK (DFFR_X1)
   0.49    0.49 ^ _110928_/Q (DFFR_X1)
   0.13    0.63 v _064537_/ZN (INV_X1)
   0.06    0.69 ^ _080790_/ZN (OAI21_X1)
   0.02    0.71 v _080791_/ZN (OAI21_X1)
   0.06    0.77 ^ _080792_/ZN (OAI221_X1)
   0.02    0.78 v _080806_/ZN (AOI21_X1)
   0.00    0.78 v _111201_/D (DFF_X1)
           0.78   data arrival time

   0.96    0.96   clock uart_clk (rise edge)
   0.00    0.96   clock network delay (ideal)
   0.00    0.96   clock reconvergence pessimism
           0.96 ^ _111201_/CK (DFF_X1)
  -0.04    0.92   library setup time
           0.92   data required time
---------------------------------------------------------
           0.92   data required time
          -0.78   data arrival time
---------------------------------------------------------
           0.14   slack (MET)


Startpoint: _110928_ (rising edge-triggered flip-flop clocked by uart_clk)
Endpoint: _111202_ (rising edge-triggered flip-flop clocked by uart_clk)
Path Group: uart_clk
Path Type: max

  Delay    Time   Description
---------------------------------------------------------
   0.00    0.00   clock uart_clk (rise edge)
   0.00    0.00   clock network delay (ideal)
   0.00    0.00 ^ _110928_/CK (DFFR_X1)
   0.49    0.49 ^ _110928_/Q (DFFR_X1)
   0.13    0.63 v _064537_/ZN (INV_X1)
   0.06    0.69 ^ _080764_/ZN (OAI21_X1)
   0.02    0.71 v _080765_/ZN (OAI21_X1)
   0.06    0.77 ^ _080766_/ZN (OAI221_X1)
   0.02    0.78 v _080780_/ZN (AOI21_X1)
   0.00    0.78 v _111202_/D (DFF_X1)
           0.78   data arrival time

   0.96    0.96   clock uart_clk (rise edge)
   0.00    0.96   clock network delay (ideal)
   0.00    0.96   clock reconvergence pessimism
           0.96 ^ _111202_/CK (DFF_X1)
  -0.04    0.92   library setup time
           0.92   data required time
---------------------------------------------------------
           0.92   data required time
          -0.78   data arrival time
---------------------------------------------------------
           0.14   slack (MET)


Startpoint: _110928_ (rising edge-triggered flip-flop clocked by uart_clk)
Endpoint: _111204_ (rising edge-triggered flip-flop clocked by uart_clk)
Path Group: uart_clk
Path Type: max

  Delay    Time   Description
---------------------------------------------------------
   0.00    0.00   clock uart_clk (rise edge)
   0.00    0.00   clock network delay (ideal)
   0.00    0.00 ^ _110928_/CK (DFFR_X1)
   0.49    0.49 ^ _110928_/Q (DFFR_X1)
   0.13    0.63 v _064537_/ZN (INV_X1)
   0.06    0.69 ^ _080712_/ZN (OAI21_X1)
   0.02    0.71 v _080713_/ZN (OAI21_X1)
   0.06    0.77 ^ _080714_/ZN (OAI221_X1)
   0.02    0.78 v _080728_/ZN (AOI21_X1)
   0.00    0.78 v _111204_/D (DFF_X1)
           0.78   data arrival time

   0.96    0.96   clock uart_clk (rise edge)
   0.00    0.96   clock network delay (ideal)
   0.00    0.96   clock reconvergence pessimism
           0.96 ^ _111204_/CK (DFF_X1)
  -0.04    0.92   library setup time
           0.92   data required time
---------------------------------------------------------
           0.92   data required time
          -0.78   data arrival time
---------------------------------------------------------
           0.14   slack (MET)


Startpoint: _110928_ (rising edge-triggered flip-flop clocked by uart_clk)
Endpoint: _111205_ (rising edge-triggered flip-flop clocked by uart_clk)
Path Group: uart_clk
Path Type: max

  Delay    Time   Description
---------------------------------------------------------
   0.00    0.00   clock uart_clk (rise edge)
   0.00    0.00   clock network delay (ideal)
   0.00    0.00 ^ _110928_/CK (DFFR_X1)
   0.49    0.49 ^ _110928_/Q (DFFR_X1)
   0.13    0.63 v _064537_/ZN (INV_X1)
   0.06    0.69 ^ _076771_/ZN (OAI21_X1)
   0.02    0.71 v _076772_/ZN (OAI21_X1)
   0.06    0.76 ^ _076773_/ZN (OAI221_X1)
   0.02    0.78 v _076787_/ZN (AOI21_X1)
   0.00    0.78 v _111205_/D (DFF_X1)
           0.78   data arrival time

   0.96    0.96   clock uart_clk (rise edge)
   0.00    0.96   clock network delay (ideal)
   0.00    0.96   clock reconvergence pessimism
           0.96 ^ _111205_/CK (DFF_X1)
  -0.04    0.92   library setup time
           0.92   data required time
---------------------------------------------------------
           0.92   data required time
          -0.78   data arrival time
---------------------------------------------------------
           0.14   slack (MET)


Startpoint: _120733_ (rising edge-triggered flip-flop clocked by uart_clk)
Endpoint: _125722_ (rising edge-triggered flip-flop clocked by uart_clk)
Path Group: uart_clk
Path Type: max

  Delay    Time   Description
---------------------------------------------------------
   0.00    0.00   clock uart_clk (rise edge)
   0.00    0.00   clock network delay (ideal)
   0.00    0.00 ^ _120733_/CK (DFF_X1)
   0.07    0.07 v _120733_/QN (DFF_X1)
   0.14    0.22 ^ _066333_/ZN (NOR2_X1)
   0.05    0.26 ^ _075288_/ZN (OR3_X1)
   0.05    0.32 ^ _075298_/ZN (AND3_X1)
   0.04    0.36 ^ _075299_/ZN (AND2_X1)
   0.04    0.40 ^ _075300_/ZN (AND2_X1)
   0.04    0.44 ^ _075301_/ZN (AND2_X1)
   0.04    0.48 ^ _075302_/ZN (AND2_X1)
   0.04    0.52 ^ _075303_/ZN (AND2_X1)
   0.04    0.56 ^ _075304_/ZN (AND2_X1)
   0.04    0.60 ^ _075305_/ZN (AND2_X1)
   0.04    0.64 ^ _075306_/ZN (AND2_X1)
   0.04    0.68 ^ _075307_/ZN (AND2_X1)
   0.05    0.73 ^ _075308_/ZN (AND2_X1)
   0.02    0.74 v _075312_/ZN (OAI21_X1)
   0.04    0.78 ^ _075313_/ZN (AOI21_X1)
   0.00    0.78 ^ _125722_/D (DFF_X1)
           0.78   data arrival time

   0.96    0.96   clock uart_clk (rise edge)
   0.00    0.96   clock network delay (ideal)
   0.00    0.96   clock reconvergence pessimism
           0.96 ^ _125722_/CK (DFF_X1)
  -0.03    0.93   library setup time
           0.93   data required time
---------------------------------------------------------
           0.93   data required time
          -0.78   data arrival time
---------------------------------------------------------
           0.15   slack (MET)


Startpoint: _125718_ (rising edge-triggered flip-flop clocked by uart_clk)
Endpoint: _110876_ (rising edge-triggered flip-flop clocked by uart_clk)
Path Group: uart_clk
Path Type: max

  Delay    Time   Description
---------------------------------------------------------
   0.00    0.00   clock uart_clk (rise edge)
   0.00    0.00   clock network delay (ideal)
   0.00    0.00 ^ _125718_/CK (DFF_X1)
   0.08    0.08 v _125718_/Q (DFF_X1)
   0.11    0.19 v _066335_/ZN (OR4_X1)
   0.05    0.25 ^ _066336_/ZN (NOR3_X1)
   0.03    0.28 v _066339_/ZN (NAND3_X1)
   0.08    0.35 ^ _066344_/ZN (OAI21_X1)
   0.13    0.48 ^ _066345_/ZN (AND3_X1)
   0.08    0.57 ^ _066347_/ZN (AND3_X1)
   0.10    0.67 v _066349_/ZN (NAND3_X1)
   0.09    0.75 v _066350_/Z (XOR2_X1)
   0.02    0.77 ^ _066351_/ZN (INV_X1)
   0.00    0.77 ^ _110876_/D (DFFR_X1)
           0.77   data arrival time

   0.96    0.96   clock uart_clk (rise edge)
   0.00    0.96   clock network delay (ideal)
   0.00    0.96   clock reconvergence pessimism
           0.96 ^ _110876_/CK (DFFR_X1)
  -0.03    0.93   library setup time
           0.93   data required time
---------------------------------------------------------
           0.93   data required time
          -0.77   data arrival time
---------------------------------------------------------
           0.16   slack (MET)


Startpoint: _125718_ (rising edge-triggered flip-flop clocked by uart_clk)
Endpoint: _120615_ (rising edge-triggered flip-flop clocked by uart_clk)
Path Group: uart_clk
Path Type: max

  Delay    Time   Description
---------------------------------------------------------
   0.00    0.00   clock uart_clk (rise edge)
   0.00    0.00   clock network delay (ideal)
   0.00    0.00 ^ _125718_/CK (DFF_X1)
   0.08    0.08 v _125718_/Q (DFF_X1)
   0.11    0.19 v _066335_/ZN (OR4_X1)
   0.05    0.25 ^ _066336_/ZN (NOR3_X1)
   0.03    0.28 v _066339_/ZN (NAND3_X1)
   0.08    0.35 ^ _066344_/ZN (OAI21_X1)
   0.13    0.48 ^ _066345_/ZN (AND3_X1)
   0.03    0.51 v _066359_/ZN (NAND2_X1)
   0.06    0.57 ^ _066360_/ZN (NOR2_X1)
   0.12    0.69 v _076561_/ZN (NAND4_X1)
   0.04    0.73 ^ _080101_/ZN (NAND2_X1)
   0.02    0.75 v _080102_/ZN (OAI21_X1)
   0.00    0.75 v _120615_/D (DFF_X1)
           0.75   data arrival time

   0.96    0.96   clock uart_clk (rise edge)
   0.00    0.96   clock network delay (ideal)
   0.00    0.96   clock reconvergence pessimism
           0.96 ^ _120615_/CK (DFF_X1)
  -0.04    0.92   library setup time
           0.92   data required time
---------------------------------------------------------
           0.92   data required time
          -0.75   data arrival time
---------------------------------------------------------
           0.16   slack (MET)


Startpoint: _125718_ (rising edge-triggered flip-flop clocked by uart_clk)
Endpoint: _120616_ (rising edge-triggered flip-flop clocked by uart_clk)
Path Group: uart_clk
Path Type: max

  Delay    Time   Description
---------------------------------------------------------
   0.00    0.00   clock uart_clk (rise edge)
   0.00    0.00   clock network delay (ideal)
   0.00    0.00 ^ _125718_/CK (DFF_X1)
   0.08    0.08 v _125718_/Q (DFF_X1)
   0.11    0.19 v _066335_/ZN (OR4_X1)
   0.05    0.25 ^ _066336_/ZN (NOR3_X1)
   0.03    0.28 v _066339_/ZN (NAND3_X1)
   0.08    0.35 ^ _066344_/ZN (OAI21_X1)
   0.13    0.48 ^ _066345_/ZN (AND3_X1)
   0.03    0.51 v _066359_/ZN (NAND2_X1)
   0.06    0.57 ^ _066360_/ZN (NOR2_X1)
   0.12    0.69 v _076561_/ZN (NAND4_X1)
   0.04    0.73 ^ _080098_/ZN (NAND2_X1)
   0.02    0.75 v _080099_/ZN (OAI21_X1)
   0.00    0.75 v _120616_/D (DFF_X1)
           0.75   data arrival time

   0.96    0.96   clock uart_clk (rise edge)
   0.00    0.96   clock network delay (ideal)
   0.00    0.96   clock reconvergence pessimism
           0.96 ^ _120616_/CK (DFF_X1)
  -0.04    0.92   library setup time
           0.92   data required time
---------------------------------------------------------
           0.92   data required time
          -0.75   data arrival time
---------------------------------------------------------
           0.16   slack (MET)


Startpoint: _125718_ (rising edge-triggered flip-flop clocked by uart_clk)
Endpoint: _120617_ (rising edge-triggered flip-flop clocked by uart_clk)
Path Group: uart_clk
Path Type: max

  Delay    Time   Description
---------------------------------------------------------
   0.00    0.00   clock uart_clk (rise edge)
   0.00    0.00   clock network delay (ideal)
   0.00    0.00 ^ _125718_/CK (DFF_X1)
   0.08    0.08 v _125718_/Q (DFF_X1)
   0.11    0.19 v _066335_/ZN (OR4_X1)
   0.05    0.25 ^ _066336_/ZN (NOR3_X1)
   0.03    0.28 v _066339_/ZN (NAND3_X1)
   0.08    0.35 ^ _066344_/ZN (OAI21_X1)
   0.13    0.48 ^ _066345_/ZN (AND3_X1)
   0.03    0.51 v _066359_/ZN (NAND2_X1)
   0.06    0.57 ^ _066360_/ZN (NOR2_X1)
   0.12    0.69 v _076561_/ZN (NAND4_X1)
   0.04    0.73 ^ _080095_/ZN (NAND2_X1)
   0.02    0.75 v _080096_/ZN (OAI21_X1)
   0.00    0.75 v _120617_/D (DFF_X1)
           0.75   data arrival time

   0.96    0.96   clock uart_clk (rise edge)
   0.00    0.96   clock network delay (ideal)
   0.00    0.96   clock reconvergence pessimism
           0.96 ^ _120617_/CK (DFF_X1)
  -0.04    0.92   library setup time
           0.92   data required time
---------------------------------------------------------
           0.92   data required time
          -0.75   data arrival time
---------------------------------------------------------
           0.16   slack (MET)


Startpoint: _125718_ (rising edge-triggered flip-flop clocked by uart_clk)
Endpoint: _120618_ (rising edge-triggered flip-flop clocked by uart_clk)
Path Group: uart_clk
Path Type: max

  Delay    Time   Description
---------------------------------------------------------
   0.00    0.00   clock uart_clk (rise edge)
   0.00    0.00   clock network delay (ideal)
   0.00    0.00 ^ _125718_/CK (DFF_X1)
   0.08    0.08 v _125718_/Q (DFF_X1)
   0.11    0.19 v _066335_/ZN (OR4_X1)
   0.05    0.25 ^ _066336_/ZN (NOR3_X1)
   0.03    0.28 v _066339_/ZN (NAND3_X1)
   0.08    0.35 ^ _066344_/ZN (OAI21_X1)
   0.13    0.48 ^ _066345_/ZN (AND3_X1)
   0.03    0.51 v _066359_/ZN (NAND2_X1)
   0.06    0.57 ^ _066360_/ZN (NOR2_X1)
   0.12    0.69 v _076561_/ZN (NAND4_X1)
   0.04    0.73 ^ _080092_/ZN (NAND2_X1)
   0.02    0.75 v _080093_/ZN (OAI21_X1)
   0.00    0.75 v _120618_/D (DFF_X1)
           0.75   data arrival time

   0.96    0.96   clock uart_clk (rise edge)
   0.00    0.96   clock network delay (ideal)
   0.00    0.96   clock reconvergence pessimism
           0.96 ^ _120618_/CK (DFF_X1)
  -0.04    0.92   library setup time
           0.92   data required time
---------------------------------------------------------
           0.92   data required time
          -0.75   data arrival time
---------------------------------------------------------
           0.16   slack (MET)


Startpoint: _125718_ (rising edge-triggered flip-flop clocked by uart_clk)
Endpoint: _120619_ (rising edge-triggered flip-flop clocked by uart_clk)
Path Group: uart_clk
Path Type: max

  Delay    Time   Description
---------------------------------------------------------
   0.00    0.00   clock uart_clk (rise edge)
   0.00    0.00   clock network delay (ideal)
   0.00    0.00 ^ _125718_/CK (DFF_X1)
   0.08    0.08 v _125718_/Q (DFF_X1)
   0.11    0.19 v _066335_/ZN (OR4_X1)
   0.05    0.25 ^ _066336_/ZN (NOR3_X1)
   0.03    0.28 v _066339_/ZN (NAND3_X1)
   0.08    0.35 ^ _066344_/ZN (OAI21_X1)
   0.13    0.48 ^ _066345_/ZN (AND3_X1)
   0.03    0.51 v _066359_/ZN (NAND2_X1)
   0.06    0.57 ^ _066360_/ZN (NOR2_X1)
   0.12    0.69 v _076561_/ZN (NAND4_X1)
   0.04    0.73 ^ _080089_/ZN (NAND2_X1)
   0.02    0.75 v _080090_/ZN (OAI21_X1)
   0.00    0.75 v _120619_/D (DFF_X1)
           0.75   data arrival time

   0.96    0.96   clock uart_clk (rise edge)
   0.00    0.96   clock network delay (ideal)
   0.00    0.96   clock reconvergence pessimism
           0.96 ^ _120619_/CK (DFF_X1)
  -0.04    0.92   library setup time
           0.92   data required time
---------------------------------------------------------
           0.92   data required time
          -0.75   data arrival time
---------------------------------------------------------
           0.16   slack (MET)


Startpoint: _125718_ (rising edge-triggered flip-flop clocked by uart_clk)
Endpoint: _120620_ (rising edge-triggered flip-flop clocked by uart_clk)
Path Group: uart_clk
Path Type: max

  Delay    Time   Description
---------------------------------------------------------
   0.00    0.00   clock uart_clk (rise edge)
   0.00    0.00   clock network delay (ideal)
   0.00    0.00 ^ _125718_/CK (DFF_X1)
   0.08    0.08 v _125718_/Q (DFF_X1)
   0.11    0.19 v _066335_/ZN (OR4_X1)
   0.05    0.25 ^ _066336_/ZN (NOR3_X1)
   0.03    0.28 v _066339_/ZN (NAND3_X1)
   0.08    0.35 ^ _066344_/ZN (OAI21_X1)
   0.13    0.48 ^ _066345_/ZN (AND3_X1)
   0.03    0.51 v _066359_/ZN (NAND2_X1)
   0.06    0.57 ^ _066360_/ZN (NOR2_X1)
   0.12    0.69 v _076561_/ZN (NAND4_X1)
   0.04    0.73 ^ _080086_/ZN (NAND2_X1)
   0.02    0.75 v _080087_/ZN (OAI21_X1)
   0.00    0.75 v _120620_/D (DFF_X1)
           0.75   data arrival time

   0.96    0.96   clock uart_clk (rise edge)
   0.00    0.96   clock network delay (ideal)
   0.00    0.96   clock reconvergence pessimism
           0.96 ^ _120620_/CK (DFF_X1)
  -0.04    0.92   library setup time
           0.92   data required time
---------------------------------------------------------
           0.92   data required time
          -0.75   data arrival time
---------------------------------------------------------
           0.16   slack (MET)


Startpoint: _125559_ (rising edge-triggered flip-flop clocked by uart_div4)
Endpoint: _125566_ (rising edge-triggered flip-flop clocked by uart_div4)
Path Group: uart_div4
Path Type: max

  Delay    Time   Description
---------------------------------------------------------
   0.00    0.00   clock uart_div4 (rise edge)
   0.00    0.00   clock network delay (ideal)
   0.00    0.00 ^ _125559_/CK (DFF_X1)
   0.09    0.09 ^ _125559_/Q (DFF_X1)
   0.01    0.10 v _064230_/ZN (INV_X1)
   0.07    0.17 ^ _075614_/ZN (NOR3_X1)
   0.05    0.22 ^ _075615_/ZN (AND2_X1)
   0.04    0.26 ^ _075616_/ZN (AND2_X1)
   0.05    0.30 ^ _075617_/ZN (AND2_X1)
   0.02    0.32 v _075618_/ZN (NAND2_X1)
   0.04    0.36 v _109711_/ZN (XNOR2_X1)
   0.03    0.39 ^ _109712_/ZN (NOR2_X1)
   0.00    0.39 ^ _125566_/D (DFF_X1)
           0.39   data arrival time

   3.84    3.84   clock uart_div4 (rise edge)
   0.00    3.84   clock network delay (ideal)
   0.00    3.84   clock reconvergence pessimism
           3.84 ^ _125566_/CK (DFF_X1)
  -0.03    3.81   library setup time
           3.81   data required time
---------------------------------------------------------
           3.81   data required time
          -0.39   data arrival time
---------------------------------------------------------
           3.42   slack (MET)


Startpoint: _125559_ (rising edge-triggered flip-flop clocked by uart_div4)
Endpoint: _125565_ (rising edge-triggered flip-flop clocked by uart_div4)
Path Group: uart_div4
Path Type: max

  Delay    Time   Description
---------------------------------------------------------
   0.00    0.00   clock uart_div4 (rise edge)
   0.00    0.00   clock network delay (ideal)
   0.00    0.00 ^ _125559_/CK (DFF_X1)
   0.09    0.09 ^ _125559_/Q (DFF_X1)
   0.01    0.10 v _064230_/ZN (INV_X1)
   0.07    0.17 ^ _075614_/ZN (NOR3_X1)
   0.05    0.22 ^ _075615_/ZN (AND2_X1)
   0.04    0.26 ^ _075616_/ZN (AND2_X1)
   0.05    0.30 ^ _075617_/ZN (AND2_X1)
   0.02    0.32 v _075619_/ZN (OAI21_X1)
   0.04    0.36 ^ _075620_/ZN (AOI21_X1)
   0.00    0.36 ^ _125565_/D (DFF_X1)
           0.36   data arrival time

   3.84    3.84   clock uart_div4 (rise edge)
   0.00    3.84   clock network delay (ideal)
   0.00    3.84   clock reconvergence pessimism
           3.84 ^ _125565_/CK (DFF_X1)
  -0.03    3.81   library setup time
           3.81   data required time
---------------------------------------------------------
           3.81   data required time
          -0.36   data arrival time
---------------------------------------------------------
           3.44   slack (MET)


Startpoint: _125559_ (rising edge-triggered flip-flop clocked by uart_div4)
Endpoint: _125564_ (rising edge-triggered flip-flop clocked by uart_div4)
Path Group: uart_div4
Path Type: max

  Delay    Time   Description
---------------------------------------------------------
   0.00    0.00   clock uart_div4 (rise edge)
   0.00    0.00   clock network delay (ideal)
   0.00    0.00 ^ _125559_/CK (DFF_X1)
   0.09    0.09 ^ _125559_/Q (DFF_X1)
   0.01    0.10 v _064230_/ZN (INV_X1)
   0.07    0.17 ^ _075614_/ZN (NOR3_X1)
   0.05    0.22 ^ _075615_/ZN (AND2_X1)
   0.04    0.26 ^ _075616_/ZN (AND2_X1)
   0.05    0.30 ^ _075617_/ZN (AND2_X1)
   0.01    0.31 v _075622_/ZN (NOR2_X1)
   0.00    0.31 v _125564_/D (DFF_X1)
           0.31   data arrival time

   3.84    3.84   clock uart_div4 (rise edge)
   0.00    3.84   clock network delay (ideal)
   0.00    3.84   clock reconvergence pessimism
           3.84 ^ _125564_/CK (DFF_X1)
  -0.04    3.80   library setup time
           3.80   data required time
---------------------------------------------------------
           3.80   data required time
          -0.31   data arrival time
---------------------------------------------------------
           3.49   slack (MET)


Startpoint: _125559_ (rising edge-triggered flip-flop clocked by uart_div4)
Endpoint: _125563_ (rising edge-triggered flip-flop clocked by uart_div4)
Path Group: uart_div4
Path Type: max

  Delay    Time   Description
---------------------------------------------------------
   0.00    0.00   clock uart_div4 (rise edge)
   0.00    0.00   clock network delay (ideal)
   0.00    0.00 ^ _125559_/CK (DFF_X1)
   0.09    0.09 ^ _125559_/Q (DFF_X1)
   0.01    0.10 v _064230_/ZN (INV_X1)
   0.07    0.17 ^ _075614_/ZN (NOR3_X1)
   0.05    0.22 ^ _075615_/ZN (AND2_X1)
   0.04    0.26 ^ _075616_/ZN (AND2_X1)
   0.01    0.27 v _075624_/ZN (NOR2_X1)
   0.00    0.27 v _125563_/D (DFF_X1)
           0.27   data arrival time

   3.84    3.84   clock uart_div4 (rise edge)
   0.00    3.84   clock network delay (ideal)
   0.00    3.84   clock reconvergence pessimism
           3.84 ^ _125563_/CK (DFF_X1)
  -0.04    3.80   library setup time
           3.80   data required time
---------------------------------------------------------
           3.80   data required time
          -0.27   data arrival time
---------------------------------------------------------
           3.53   slack (MET)


Startpoint: _125559_ (rising edge-triggered flip-flop clocked by uart_div4)
Endpoint: _125562_ (rising edge-triggered flip-flop clocked by uart_div4)
Path Group: uart_div4
Path Type: max

  Delay    Time   Description
---------------------------------------------------------
   0.00    0.00   clock uart_div4 (rise edge)
   0.00    0.00   clock network delay (ideal)
   0.00    0.00 ^ _125559_/CK (DFF_X1)
   0.09    0.09 ^ _125559_/Q (DFF_X1)
   0.01    0.10 v _064230_/ZN (INV_X1)
   0.07    0.17 ^ _075614_/ZN (NOR3_X1)
   0.05    0.22 ^ _075615_/ZN (AND2_X1)
   0.01    0.23 v _075626_/ZN (NOR2_X1)
   0.00    0.23 v _125562_/D (DFF_X1)
           0.23   data arrival time

   3.84    3.84   clock uart_div4 (rise edge)
   0.00    3.84   clock network delay (ideal)
   0.00    3.84   clock reconvergence pessimism
           3.84 ^ _125562_/CK (DFF_X1)
  -0.04    3.80   library setup time
           3.80   data required time
---------------------------------------------------------
           3.80   data required time
          -0.23   data arrival time
---------------------------------------------------------
           3.57   slack (MET)


Startpoint: _125559_ (rising edge-triggered flip-flop clocked by uart_div4)
Endpoint: _125561_ (rising edge-triggered flip-flop clocked by uart_div4)
Path Group: uart_div4
Path Type: max

  Delay    Time   Description
---------------------------------------------------------
   0.00    0.00   clock uart_div4 (rise edge)
   0.00    0.00   clock network delay (ideal)
   0.00    0.00 ^ _125559_/CK (DFF_X1)
   0.09    0.09 ^ _125559_/Q (DFF_X1)
   0.01    0.10 v _064230_/ZN (INV_X1)
   0.07    0.17 ^ _075614_/ZN (NOR3_X1)
   0.01    0.18 v _075628_/ZN (NOR3_X1)
   0.00    0.18 v _125561_/D (DFF_X1)
           0.18   data arrival time

   3.84    3.84   clock uart_div4 (rise edge)
   0.00    3.84   clock network delay (ideal)
   0.00    3.84   clock reconvergence pessimism
           3.84 ^ _125561_/CK (DFF_X1)
  -0.04    3.80   library setup time
           3.80   data required time
---------------------------------------------------------
           3.80   data required time
          -0.18   data arrival time
---------------------------------------------------------
           3.61   slack (MET)


Startpoint: _125559_ (rising edge-triggered flip-flop clocked by uart_div4)
Endpoint: _125560_ (rising edge-triggered flip-flop clocked by uart_div4)
Path Group: uart_div4
Path Type: max

  Delay    Time   Description
---------------------------------------------------------
   0.00    0.00   clock uart_div4 (rise edge)
   0.00    0.00   clock network delay (ideal)
   0.00    0.00 ^ _125559_/CK (DFF_X1)
   0.09    0.09 ^ _125559_/Q (DFF_X1)
   0.01    0.10 v _064230_/ZN (INV_X1)
   0.03    0.14 ^ _075613_/ZN (NOR2_X1)
   0.01    0.15 v _075629_/ZN (NOR2_X1)
   0.04    0.18 ^ _075630_/ZN (AOI21_X1)
   0.00    0.18 ^ _125560_/D (DFF_X1)
           0.18   data arrival time

   3.84    3.84   clock uart_div4 (rise edge)
   0.00    3.84   clock network delay (ideal)
   0.00    3.84   clock reconvergence pessimism
           3.84 ^ _125560_/CK (DFF_X1)
  -0.03    3.81   library setup time
           3.81   data required time
---------------------------------------------------------
           3.81   data required time
          -0.18   data arrival time
---------------------------------------------------------
           3.62   slack (MET)


Startpoint: _125559_ (rising edge-triggered flip-flop clocked by uart_div4)
Endpoint: _125559_ (rising edge-triggered flip-flop clocked by uart_div4)
Path Group: uart_div4
Path Type: max

  Delay    Time   Description
---------------------------------------------------------
   0.00    0.00   clock uart_div4 (rise edge)
   0.00    0.00   clock network delay (ideal)
   0.00    0.00 ^ _125559_/CK (DFF_X1)
   0.06    0.06 v _125559_/QN (DFF_X1)
   0.03    0.09 v _075631_/ZN (AND2_X1)
   0.00    0.09 v _125559_/D (DFF_X1)
           0.09   data arrival time

   3.84    3.84   clock uart_div4 (rise edge)
   0.00    3.84   clock network delay (ideal)
   0.00    3.84   clock reconvergence pessimism
           3.84 ^ _125559_/CK (DFF_X1)
  -0.04    3.80   library setup time
           3.80   data required time
---------------------------------------------------------
           3.80   data required time
          -0.09   data arrival time
---------------------------------------------------------
           3.71   slack (MET)


