Startpoint: fir_rst (input port clocked by fir_clk)
Endpoint: _111147_ (removal check against rising-edge clock fir_clk)
Path Group: asynchronous
Path Type: min

  Delay    Time   Description
---------------------------------------------------------
   0.00    0.00   clock fir_clk (rise edge)
   0.00    0.00   clock network delay (ideal)
   0.00    0.00 v input external delay
   0.00    0.00 v fir_rst (in)
   0.49    0.49 ^ _064494_/ZN (INV_X1)
   0.00    0.49 ^ _111147_/RN (DFFR_X1)
           0.49   data arrival time

   0.00    0.00   clock fir_clk (rise edge)
   0.00    0.00   clock network delay (ideal)
   0.00    0.00   clock reconvergence pessimism
           0.00 ^ _111147_/CK (DFFR_X1)
   0.77    0.77   library removal time
           0.77   data required time
---------------------------------------------------------
           0.77   data required time
          -0.49   data arrival time
---------------------------------------------------------
          -0.27   slack (VIOLATED)


Startpoint: i2c_rst (input port clocked by i2c_clk)
Endpoint: _111022_ (removal check against rising-edge clock i2c_clk)
Path Group: asynchronous
Path Type: min

  Delay    Time   Description
---------------------------------------------------------
   0.00    0.00   clock i2c_clk (rise edge)
   0.00    0.00   clock network delay (ideal)
   0.00    0.00 v input external delay
   0.00    0.00 v i2c_rst (in)
   0.14    0.14 ^ _063978_/ZN (INV_X1)
   0.00    0.14 ^ _111022_/RN (DFFR_X1)
           0.14   data arrival time

   0.00    0.00   clock i2c_clk (rise edge)
   0.00    0.00   clock network delay (ideal)
   0.00    0.00   clock reconvergence pessimism
           0.00 ^ _111022_/CK (DFFR_X1)
   0.34    0.34   library removal time
           0.34   data required time
---------------------------------------------------------
           0.34   data required time
          -0.14   data arrival time
---------------------------------------------------------
          -0.20   slack (VIOLATED)


Startpoint: spi_rst (input port clocked by spi_clk)
Endpoint: _125919_ (removal check against rising-edge clock spi_clk)
Path Group: asynchronous
Path Type: min

  Delay    Time   Description
---------------------------------------------------------
   0.00    0.00   clock spi_clk (rise edge)
   0.00    0.00   clock network delay (ideal)
   0.00    0.00 v input external delay
   0.00    0.00 v spi_rst (in)
   0.12    0.12 ^ _064495_/ZN (INV_X1)
   0.00    0.12 ^ _125919_/RN (DFFR_X1)
           0.12   data arrival time

   0.00    0.00   clock spi_clk (rise edge)
   0.00    0.00   clock network delay (ideal)
   0.00    0.00   clock reconvergence pessimism
           0.00 ^ _125919_/CK (DFFR_X1)
   0.32    0.32   library removal time
           0.32   data required time
---------------------------------------------------------
           0.32   data required time
          -0.12   data arrival time
---------------------------------------------------------
          -0.20   slack (VIOLATED)


Startpoint: uart_rst (input port clocked by uart_clk)
Endpoint: _110929_ (removal check against rising-edge clock uart_clk)
Path Group: asynchronous
Path Type: min

  Delay    Time   Description
---------------------------------------------------------
   0.00    0.00   clock uart_clk (rise edge)
   0.00    0.00   clock network delay (ideal)
   0.00    0.00 v input external delay
   0.00    0.00 v uart_rst (in)
   0.10    0.10 ^ _063566_/ZN (INV_X1)
   0.00    0.10 ^ _110929_/RN (DFFR_X1)
           0.10   data arrival time

   0.00    0.00   clock uart_clk (rise edge)
   0.00    0.00   clock network delay (ideal)
   0.00    0.00   clock reconvergence pessimism
           0.00 ^ _110929_/CK (DFFR_X1)
   0.30    0.30   library removal time
           0.30   data required time
---------------------------------------------------------
           0.30   data required time
          -0.10   data arrival time
---------------------------------------------------------
          -0.20   slack (VIOLATED)


Startpoint: uart_rst (input port clocked by uart_clk)
Endpoint: _110851_ (removal check against rising-edge clock uart_clk)
Path Group: asynchronous
Path Type: min

  Delay    Time   Description
---------------------------------------------------------
   0.00    0.00   clock uart_clk (rise edge)
   0.00    0.00   clock network delay (ideal)
   0.00    0.00 v input external delay
   0.00    0.00 v uart_rst (in)
   0.01    0.01 ^ _110716_/ZN (INV_X1)
   0.00    0.01 ^ _110851_/RN (DFFR_X1)
           0.01   data arrival time

   0.00    0.00   clock uart_clk (rise edge)
   0.00    0.00   clock network delay (ideal)
   0.00    0.00   clock reconvergence pessimism
           0.00 ^ _110851_/CK (DFFR_X1)
   0.19    0.19   library removal time
           0.19   data required time
---------------------------------------------------------
           0.19   data required time
          -0.01   data arrival time
---------------------------------------------------------
          -0.18   slack (VIOLATED)


Startpoint: uart_rst (input port clocked by uart_clk)
Endpoint: _110852_ (removal check against rising-edge clock uart_clk)
Path Group: asynchronous
Path Type: min

  Delay    Time   Description
---------------------------------------------------------
   0.00    0.00   clock uart_clk (rise edge)
   0.00    0.00   clock network delay (ideal)
   0.00    0.00 v input external delay
   0.00    0.00 v uart_rst (in)
   0.01    0.01 ^ _110715_/ZN (INV_X1)
   0.00    0.01 ^ _110852_/RN (DFFR_X1)
           0.01   data arrival time

   0.00    0.00   clock uart_clk (rise edge)
   0.00    0.00   clock network delay (ideal)
   0.00    0.00   clock reconvergence pessimism
           0.00 ^ _110852_/CK (DFFR_X1)
   0.19    0.19   library removal time
           0.19   data required time
---------------------------------------------------------
           0.19   data required time
          -0.01   data arrival time
---------------------------------------------------------
          -0.18   slack (VIOLATED)


Startpoint: uart_rst (input port clocked by uart_clk)
Endpoint: _110853_ (removal check against rising-edge clock uart_clk)
Path Group: asynchronous
Path Type: min

  Delay    Time   Description
---------------------------------------------------------
   0.00    0.00   clock uart_clk (rise edge)
   0.00    0.00   clock network delay (ideal)
   0.00    0.00 v input external delay
   0.00    0.00 v uart_rst (in)
   0.01    0.01 ^ _110714_/ZN (INV_X1)
   0.00    0.01 ^ _110853_/RN (DFFR_X1)
           0.01   data arrival time

   0.00    0.00   clock uart_clk (rise edge)
   0.00    0.00   clock network delay (ideal)
   0.00    0.00   clock reconvergence pessimism
           0.00 ^ _110853_/CK (DFFR_X1)
   0.19    0.19   library removal time
           0.19   data required time
---------------------------------------------------------
           0.19   data required time
          -0.01   data arrival time
---------------------------------------------------------
          -0.18   slack (VIOLATED)


Startpoint: uart_rst (input port clocked by uart_clk)
Endpoint: _110854_ (removal check against rising-edge clock uart_clk)
Path Group: asynchronous
Path Type: min

  Delay    Time   Description
---------------------------------------------------------
   0.00    0.00   clock uart_clk (rise edge)
   0.00    0.00   clock network delay (ideal)
   0.00    0.00 v input external delay
   0.00    0.00 v uart_rst (in)
   0.01    0.01 ^ _110713_/ZN (INV_X1)
   0.00    0.01 ^ _110854_/RN (DFFR_X1)
           0.01   data arrival time

   0.00    0.00   clock uart_clk (rise edge)
   0.00    0.00   clock network delay (ideal)
   0.00    0.00   clock reconvergence pessimism
           0.00 ^ _110854_/CK (DFFR_X1)
   0.19    0.19   library removal time
           0.19   data required time
---------------------------------------------------------
           0.19   data required time
          -0.01   data arrival time
---------------------------------------------------------
          -0.18   slack (VIOLATED)


Startpoint: uart_rst (input port clocked by uart_clk)
Endpoint: _110855_ (removal check against rising-edge clock uart_clk)
Path Group: asynchronous
Path Type: min

  Delay    Time   Description
---------------------------------------------------------
   0.00    0.00   clock uart_clk (rise edge)
   0.00    0.00   clock network delay (ideal)
   0.00    0.00 v input external delay
   0.00    0.00 v uart_rst (in)
   0.01    0.01 ^ _110838_/ZN (INV_X1)
   0.00    0.01 ^ _110855_/RN (DFFR_X1)
           0.01   data arrival time

   0.00    0.00   clock uart_clk (rise edge)
   0.00    0.00   clock network delay (ideal)
   0.00    0.00   clock reconvergence pessimism
           0.00 ^ _110855_/CK (DFFR_X1)
   0.19    0.19   library removal time
           0.19   data required time
---------------------------------------------------------
           0.19   data required time
          -0.01   data arrival time
---------------------------------------------------------
          -0.18   slack (VIOLATED)


Startpoint: uart_rst (input port clocked by uart_clk)
Endpoint: _110856_ (removal check against rising-edge clock uart_clk)
Path Group: asynchronous
Path Type: min

  Delay    Time   Description
---------------------------------------------------------
   0.00    0.00   clock uart_clk (rise edge)
   0.00    0.00   clock network delay (ideal)
   0.00    0.00 v input external delay
   0.00    0.00 v uart_rst (in)
   0.01    0.01 ^ _110712_/ZN (INV_X1)
   0.00    0.01 ^ _110856_/RN (DFFR_X1)
           0.01   data arrival time

   0.00    0.00   clock uart_clk (rise edge)
   0.00    0.00   clock network delay (ideal)
   0.00    0.00   clock reconvergence pessimism
           0.00 ^ _110856_/CK (DFFR_X1)
   0.19    0.19   library removal time
           0.19   data required time
---------------------------------------------------------
           0.19   data required time
          -0.01   data arrival time
---------------------------------------------------------
          -0.18   slack (VIOLATED)


Startpoint: uart_rst (input port clocked by uart_clk)
Endpoint: _110857_ (removal check against rising-edge clock uart_clk)
Path Group: asynchronous
Path Type: min

  Delay    Time   Description
---------------------------------------------------------
   0.00    0.00   clock uart_clk (rise edge)
   0.00    0.00   clock network delay (ideal)
   0.00    0.00 v input external delay
   0.00    0.00 v uart_rst (in)
   0.01    0.01 ^ _110711_/ZN (INV_X1)
   0.00    0.01 ^ _110857_/RN (DFFR_X1)
           0.01   data arrival time

   0.00    0.00   clock uart_clk (rise edge)
   0.00    0.00   clock network delay (ideal)
   0.00    0.00   clock reconvergence pessimism
           0.00 ^ _110857_/CK (DFFR_X1)
   0.19    0.19   library removal time
           0.19   data required time
---------------------------------------------------------
           0.19   data required time
          -0.01   data arrival time
---------------------------------------------------------
          -0.18   slack (VIOLATED)


Startpoint: uart_rst (input port clocked by uart_clk)
Endpoint: _110858_ (removal check against rising-edge clock uart_clk)
Path Group: asynchronous
Path Type: min

  Delay    Time   Description
---------------------------------------------------------
   0.00    0.00   clock uart_clk (rise edge)
   0.00    0.00   clock network delay (ideal)
   0.00    0.00 v input external delay
   0.00    0.00 v uart_rst (in)
   0.01    0.01 ^ _110710_/ZN (INV_X1)
   0.00    0.01 ^ _110858_/RN (DFFR_X1)
           0.01   data arrival time

   0.00    0.00   clock uart_clk (rise edge)
   0.00    0.00   clock network delay (ideal)
   0.00    0.00   clock reconvergence pessimism
           0.00 ^ _110858_/CK (DFFR_X1)
   0.19    0.19   library removal time
           0.19   data required time
---------------------------------------------------------
           0.19   data required time
          -0.01   data arrival time
---------------------------------------------------------
          -0.18   slack (VIOLATED)


Startpoint: uart_rst (input port clocked by uart_clk)
Endpoint: _110859_ (removal check against rising-edge clock uart_clk)
Path Group: asynchronous
Path Type: min

  Delay    Time   Description
---------------------------------------------------------
   0.00    0.00   clock uart_clk (rise edge)
   0.00    0.00   clock network delay (ideal)
   0.00    0.00 v input external delay
   0.00    0.00 v uart_rst (in)
   0.01    0.01 ^ _110709_/ZN (INV_X1)
   0.00    0.01 ^ _110859_/RN (DFFR_X1)
           0.01   data arrival time

   0.00    0.00   clock uart_clk (rise edge)
   0.00    0.00   clock network delay (ideal)
   0.00    0.00   clock reconvergence pessimism
           0.00 ^ _110859_/CK (DFFR_X1)
   0.19    0.19   library removal time
           0.19   data required time
---------------------------------------------------------
           0.19   data required time
          -0.01   data arrival time
---------------------------------------------------------
          -0.18   slack (VIOLATED)


Startpoint: uart_rst (input port clocked by uart_clk)
Endpoint: _110860_ (removal check against rising-edge clock uart_clk)
Path Group: asynchronous
Path Type: min

  Delay    Time   Description
---------------------------------------------------------
   0.00    0.00   clock uart_clk (rise edge)
   0.00    0.00   clock network delay (ideal)
   0.00    0.00 v input external delay
   0.00    0.00 v uart_rst (in)
   0.01    0.01 ^ _110840_/ZN (INV_X1)
   0.00    0.01 ^ _110860_/RN (DFFR_X1)
           0.01   data arrival time

   0.00    0.00   clock uart_clk (rise edge)
   0.00    0.00   clock network delay (ideal)
   0.00    0.00   clock reconvergence pessimism
           0.00 ^ _110860_/CK (DFFR_X1)
   0.19    0.19   library removal time
           0.19   data required time
---------------------------------------------------------
           0.19   data required time
          -0.01   data arrival time
---------------------------------------------------------
          -0.18   slack (VIOLATED)


Startpoint: uart_rst (input port clocked by uart_clk)
Endpoint: _110871_ (removal check against rising-edge clock uart_clk)
Path Group: asynchronous
Path Type: min

  Delay    Time   Description
---------------------------------------------------------
   0.00    0.00   clock uart_clk (rise edge)
   0.00    0.00   clock network delay (ideal)
   0.00    0.00 v input external delay
   0.00    0.00 v uart_rst (in)
   0.01    0.01 ^ _110847_/ZN (INV_X1)
   0.00    0.01 ^ _110871_/RN (DFFR_X1)
           0.01   data arrival time

   0.00    0.00   clock uart_clk (rise edge)
   0.00    0.00   clock network delay (ideal)
   0.00    0.00   clock reconvergence pessimism
           0.00 ^ _110871_/CK (DFFR_X1)
   0.19    0.19   library removal time
           0.19   data required time
---------------------------------------------------------
           0.19   data required time
          -0.01   data arrival time
---------------------------------------------------------
          -0.18   slack (VIOLATED)


Startpoint: uart_rst (input port clocked by uart_clk)
Endpoint: _110872_ (removal check against rising-edge clock uart_clk)
Path Group: asynchronous
Path Type: min

  Delay    Time   Description
---------------------------------------------------------
   0.00    0.00   clock uart_clk (rise edge)
   0.00    0.00   clock network delay (ideal)
   0.00    0.00 v input external delay
   0.00    0.00 v uart_rst (in)
   0.01    0.01 ^ _110708_/ZN (INV_X1)
   0.00    0.01 ^ _110872_/RN (DFFR_X1)
           0.01   data arrival time

   0.00    0.00   clock uart_clk (rise edge)
   0.00    0.00   clock network delay (ideal)
   0.00    0.00   clock reconvergence pessimism
           0.00 ^ _110872_/CK (DFFR_X1)
   0.19    0.19   library removal time
           0.19   data required time
---------------------------------------------------------
           0.19   data required time
          -0.01   data arrival time
---------------------------------------------------------
          -0.18   slack (VIOLATED)


Startpoint: uart_rst (input port clocked by uart_clk)
Endpoint: _110873_ (removal check against rising-edge clock uart_clk)
Path Group: asynchronous
Path Type: min

  Delay    Time   Description
---------------------------------------------------------
   0.00    0.00   clock uart_clk (rise edge)
   0.00    0.00   clock network delay (ideal)
   0.00    0.00 v input external delay
   0.00    0.00 v uart_rst (in)
   0.01    0.01 ^ _110707_/ZN (INV_X1)
   0.00    0.01 ^ _110873_/RN (DFFR_X1)
           0.01   data arrival time

   0.00    0.00   clock uart_clk (rise edge)
   0.00    0.00   clock network delay (ideal)
   0.00    0.00   clock reconvergence pessimism
           0.00 ^ _110873_/CK (DFFR_X1)
   0.19    0.19   library removal time
           0.19   data required time
---------------------------------------------------------
           0.19   data required time
          -0.01   data arrival time
---------------------------------------------------------
          -0.18   slack (VIOLATED)


Startpoint: uart_rst (input port clocked by uart_clk)
Endpoint: _110874_ (removal check against rising-edge clock uart_clk)
Path Group: asynchronous
Path Type: min

  Delay    Time   Description
---------------------------------------------------------
   0.00    0.00   clock uart_clk (rise edge)
   0.00    0.00   clock network delay (ideal)
   0.00    0.00 v input external delay
   0.00    0.00 v uart_rst (in)
   0.01    0.01 ^ _110706_/ZN (INV_X1)
   0.00    0.01 ^ _110874_/RN (DFFR_X1)
           0.01   data arrival time

   0.00    0.00   clock uart_clk (rise edge)
   0.00    0.00   clock network delay (ideal)
   0.00    0.00   clock reconvergence pessimism
           0.00 ^ _110874_/CK (DFFR_X1)
   0.19    0.19   library removal time
           0.19   data required time
---------------------------------------------------------
           0.19   data required time
          -0.01   data arrival time
---------------------------------------------------------
          -0.18   slack (VIOLATED)


Startpoint: uart_rst (input port clocked by uart_clk)
Endpoint: _110875_ (removal check against rising-edge clock uart_clk)
Path Group: asynchronous
Path Type: min

  Delay    Time   Description
---------------------------------------------------------
   0.00    0.00   clock uart_clk (rise edge)
   0.00    0.00   clock network delay (ideal)
   0.00    0.00 v input external delay
   0.00    0.00 v uart_rst (in)
   0.01    0.01 ^ _110705_/ZN (INV_X1)
   0.00    0.01 ^ _110875_/RN (DFFR_X1)
           0.01   data arrival time

   0.00    0.00   clock uart_clk (rise edge)
   0.00    0.00   clock network delay (ideal)
   0.00    0.00   clock reconvergence pessimism
           0.00 ^ _110875_/CK (DFFR_X1)
   0.19    0.19   library removal time
           0.19   data required time
---------------------------------------------------------
           0.19   data required time
          -0.01   data arrival time
---------------------------------------------------------
          -0.18   slack (VIOLATED)


Startpoint: uart_rst (input port clocked by uart_clk)
Endpoint: _110876_ (removal check against rising-edge clock uart_clk)
Path Group: asynchronous
Path Type: min

  Delay    Time   Description
---------------------------------------------------------
   0.00    0.00   clock uart_clk (rise edge)
   0.00    0.00   clock network delay (ideal)
   0.00    0.00 v input external delay
   0.00    0.00 v uart_rst (in)
   0.01    0.01 ^ _110846_/ZN (INV_X1)
   0.00    0.01 ^ _110876_/RN (DFFR_X1)
           0.01   data arrival time

   0.00    0.00   clock uart_clk (rise edge)
   0.00    0.00   clock network delay (ideal)
   0.00    0.00   clock reconvergence pessimism
           0.00 ^ _110876_/CK (DFFR_X1)
   0.19    0.19   library removal time
           0.19   data required time
---------------------------------------------------------
           0.19   data required time
          -0.01   data arrival time
---------------------------------------------------------
          -0.18   slack (VIOLATED)


Startpoint: _125495_/Q (clock source 'cpu_div2')
Endpoint: _125495_ (rising edge-triggered flip-flop clocked by cpu_clk)
Path Group: cpu_clk
Path Type: min

  Delay    Time   Description
---------------------------------------------------------
   1.55    1.55   clock cpu_div2 (fall edge)
   0.00    1.55 v _125495_/Q (DFF_X1)
   0.01    1.56 ^ _063097_/ZN (INV_X1)
   0.01    1.58 v _110336_/ZN (AOI211_X1)
   0.00    1.58 v _125495_/D (DFF_X1)
           1.58   data arrival time

   1.55    1.55   clock cpu_clk (rise edge)
   0.00    1.55   clock network delay (ideal)
   0.00    1.55   clock reconvergence pessimism
           1.55 ^ _125495_/CK (DFF_X1)
   0.00    1.55   library hold time
           1.55   data required time
---------------------------------------------------------
           1.55   data required time
          -1.58   data arrival time
---------------------------------------------------------
           0.02   slack (MET)


Startpoint: _125522_ (rising edge-triggered flip-flop clocked by cpu_clk)
Endpoint: div_status[0] (output port clocked by cpu_clk)
Path Group: cpu_clk
Path Type: min

  Delay    Time   Description
---------------------------------------------------------
   0.00    0.00   clock cpu_clk (rise edge)
   0.00    0.00   clock network delay (ideal)
   0.00    0.00 ^ _125522_/CK (DFF_X1)
   0.08    0.08 v _125522_/Q (DFF_X1)
   0.00    0.08 v div_status[0] (out)
           0.08   data arrival time

   0.00    0.00   clock cpu_clk (rise edge)
   0.00    0.00   clock network delay (ideal)
   0.00    0.00   clock reconvergence pessimism
   0.00    0.00   output external delay
           0.00   data required time
---------------------------------------------------------
           0.00   data required time
          -0.08   data arrival time
---------------------------------------------------------
           0.08   slack (MET)


Startpoint: _125523_ (rising edge-triggered flip-flop clocked by cpu_clk)
Endpoint: div_status[1] (output port clocked by cpu_clk)
Path Group: cpu_clk
Path Type: min

  Delay    Time   Description
---------------------------------------------------------
   0.00    0.00   clock cpu_clk (rise edge)
   0.00    0.00   clock network delay (ideal)
   0.00    0.00 ^ _125523_/CK (DFF_X1)
   0.08    0.08 v _125523_/Q (DFF_X1)
   0.00    0.08 v div_status[1] (out)
           0.08   data arrival time

   0.00    0.00   clock cpu_clk (rise edge)
   0.00    0.00   clock network delay (ideal)
   0.00    0.00   clock reconvergence pessimism
   0.00    0.00   output external delay
           0.00   data required time
---------------------------------------------------------
           0.00   data required time
          -0.08   data arrival time
---------------------------------------------------------
           0.08   slack (MET)


Startpoint: _125524_ (rising edge-triggered flip-flop clocked by cpu_clk)
Endpoint: div_status[2] (output port clocked by cpu_clk)
Path Group: cpu_clk
Path Type: min

  Delay    Time   Description
---------------------------------------------------------
   0.00    0.00   clock cpu_clk (rise edge)
   0.00    0.00   clock network delay (ideal)
   0.00    0.00 ^ _125524_/CK (DFF_X1)
   0.08    0.08 v _125524_/Q (DFF_X1)
   0.00    0.08 v div_status[2] (out)
           0.08   data arrival time

   0.00    0.00   clock cpu_clk (rise edge)
   0.00    0.00   clock network delay (ideal)
   0.00    0.00   clock reconvergence pessimism
   0.00    0.00   output external delay
           0.00   data required time
---------------------------------------------------------
           0.00   data required time
          -0.08   data arrival time
---------------------------------------------------------
           0.08   slack (MET)


Startpoint: _125525_ (rising edge-triggered flip-flop clocked by cpu_clk)
Endpoint: div_status[3] (output port clocked by cpu_clk)
Path Group: cpu_clk
Path Type: min

  Delay    Time   Description
---------------------------------------------------------
   0.00    0.00   clock cpu_clk (rise edge)
   0.00    0.00   clock network delay (ideal)
   0.00    0.00 ^ _125525_/CK (DFF_X1)
   0.08    0.08 v _125525_/Q (DFF_X1)
   0.00    0.08 v div_status[3] (out)
           0.08   data arrival time

   0.00    0.00   clock cpu_clk (rise edge)
   0.00    0.00   clock network delay (ideal)
   0.00    0.00   clock reconvergence pessimism
   0.00    0.00   output external delay
           0.00   data required time
---------------------------------------------------------
           0.00   data required time
          -0.08   data arrival time
---------------------------------------------------------
           0.08   slack (MET)


Startpoint: _125526_ (rising edge-triggered flip-flop clocked by cpu_clk)
Endpoint: div_status[4] (output port clocked by cpu_clk)
Path Group: cpu_clk
Path Type: min

  Delay    Time   Description
---------------------------------------------------------
   0.00    0.00   clock cpu_clk (rise edge)
   0.00    0.00   clock network delay (ideal)
   0.00    0.00 ^ _125526_/CK (DFF_X1)
   0.08    0.08 v _125526_/Q (DFF_X1)
   0.00    0.08 v div_status[4] (out)
           0.08   data arrival time

   0.00    0.00   clock cpu_clk (rise edge)
   0.00    0.00   clock network delay (ideal)
   0.00    0.00   clock reconvergence pessimism
   0.00    0.00   output external delay
           0.00   data required time
---------------------------------------------------------
           0.00   data required time
          -0.08   data arrival time
---------------------------------------------------------
           0.08   slack (MET)


Startpoint: _125527_ (rising edge-triggered flip-flop clocked by cpu_clk)
Endpoint: div_status[5] (output port clocked by cpu_clk)
Path Group: cpu_clk
Path Type: min

  Delay    Time   Description
---------------------------------------------------------
   0.00    0.00   clock cpu_clk (rise edge)
   0.00    0.00   clock network delay (ideal)
   0.00    0.00 ^ _125527_/CK (DFF_X1)
   0.08    0.08 v _125527_/Q (DFF_X1)
   0.00    0.08 v div_status[5] (out)
           0.08   data arrival time

   0.00    0.00   clock cpu_clk (rise edge)
   0.00    0.00   clock network delay (ideal)
   0.00    0.00   clock reconvergence pessimism
   0.00    0.00   output external delay
           0.00   data required time
---------------------------------------------------------
           0.00   data required time
          -0.08   data arrival time
---------------------------------------------------------
           0.08   slack (MET)


Startpoint: _125528_ (rising edge-triggered flip-flop clocked by cpu_clk)
Endpoint: div_status[6] (output port clocked by cpu_clk)
Path Group: cpu_clk
Path Type: min

  Delay    Time   Description
---------------------------------------------------------
   0.00    0.00   clock cpu_clk (rise edge)
   0.00    0.00   clock network delay (ideal)
   0.00    0.00 ^ _125528_/CK (DFF_X1)
   0.08    0.08 v _125528_/Q (DFF_X1)
   0.00    0.08 v div_status[6] (out)
           0.08   data arrival time

   0.00    0.00   clock cpu_clk (rise edge)
   0.00    0.00   clock network delay (ideal)
   0.00    0.00   clock reconvergence pessimism
   0.00    0.00   output external delay
           0.00   data required time
---------------------------------------------------------
           0.00   data required time
          -0.08   data arrival time
---------------------------------------------------------
           0.08   slack (MET)


Startpoint: _125529_ (rising edge-triggered flip-flop clocked by cpu_clk)
Endpoint: div_status[7] (output port clocked by cpu_clk)
Path Group: cpu_clk
Path Type: min

  Delay    Time   Description
---------------------------------------------------------
   0.00    0.00   clock cpu_clk (rise edge)
   0.00    0.00   clock network delay (ideal)
   0.00    0.00 ^ _125529_/CK (DFF_X1)
   0.08    0.08 v _125529_/Q (DFF_X1)
   0.00    0.08 v div_status[7] (out)
           0.08   data arrival time

   0.00    0.00   clock cpu_clk (rise edge)
   0.00    0.00   clock network delay (ideal)
   0.00    0.00   clock reconvergence pessimism
   0.00    0.00   output external delay
           0.00   data required time
---------------------------------------------------------
           0.00   data required time
          -0.08   data arrival time
---------------------------------------------------------
           0.08   slack (MET)


Startpoint: _110866_ (rising edge-triggered flip-flop clocked by cpu_clk)
Endpoint: _110861_ (rising edge-triggered flip-flop clocked by cpu_clk)
Path Group: cpu_clk
Path Type: min

  Delay    Time   Description
---------------------------------------------------------
   0.00    0.00   clock cpu_clk (rise edge)
   0.00    0.00   clock network delay (ideal)
   0.00    0.00 ^ _110866_/CK (DFFR_X1)
   0.08    0.08 v _110866_/Q (DFFR_X1)
   0.00    0.08 v _110861_/D (DFFR_X1)
           0.08   data arrival time

   0.00    0.00   clock cpu_clk (rise edge)
   0.00    0.00   clock network delay (ideal)
   0.00    0.00   clock reconvergence pessimism
           0.00 ^ _110861_/CK (DFFR_X1)
   0.00    0.00   library hold time
           0.00   data required time
---------------------------------------------------------
           0.00   data required time
          -0.08   data arrival time
---------------------------------------------------------
           0.08   slack (MET)


Startpoint: _110867_ (rising edge-triggered flip-flop clocked by cpu_clk)
Endpoint: _110862_ (rising edge-triggered flip-flop clocked by cpu_clk)
Path Group: cpu_clk
Path Type: min

  Delay    Time   Description
---------------------------------------------------------
   0.00    0.00   clock cpu_clk (rise edge)
   0.00    0.00   clock network delay (ideal)
   0.00    0.00 ^ _110867_/CK (DFFR_X1)
   0.08    0.08 v _110867_/Q (DFFR_X1)
   0.00    0.08 v _110862_/D (DFFR_X1)
           0.08   data arrival time

   0.00    0.00   clock cpu_clk (rise edge)
   0.00    0.00   clock network delay (ideal)
   0.00    0.00   clock reconvergence pessimism
           0.00 ^ _110862_/CK (DFFR_X1)
   0.00    0.00   library hold time
           0.00   data required time
---------------------------------------------------------
           0.00   data required time
          -0.08   data arrival time
---------------------------------------------------------
           0.08   slack (MET)


Startpoint: _110868_ (rising edge-triggered flip-flop clocked by cpu_clk)
Endpoint: _110863_ (rising edge-triggered flip-flop clocked by cpu_clk)
Path Group: cpu_clk
Path Type: min

  Delay    Time   Description
---------------------------------------------------------
   0.00    0.00   clock cpu_clk (rise edge)
   0.00    0.00   clock network delay (ideal)
   0.00    0.00 ^ _110868_/CK (DFFR_X1)
   0.08    0.08 v _110868_/Q (DFFR_X1)
   0.00    0.08 v _110863_/D (DFFR_X1)
           0.08   data arrival time

   0.00    0.00   clock cpu_clk (rise edge)
   0.00    0.00   clock network delay (ideal)
   0.00    0.00   clock reconvergence pessimism
           0.00 ^ _110863_/CK (DFFR_X1)
   0.00    0.00   library hold time
           0.00   data required time
---------------------------------------------------------
           0.00   data required time
          -0.08   data arrival time
---------------------------------------------------------
           0.08   slack (MET)


Startpoint: _110869_ (rising edge-triggered flip-flop clocked by cpu_clk)
Endpoint: _110864_ (rising edge-triggered flip-flop clocked by cpu_clk)
Path Group: cpu_clk
Path Type: min

  Delay    Time   Description
---------------------------------------------------------
   0.00    0.00   clock cpu_clk (rise edge)
   0.00    0.00   clock network delay (ideal)
   0.00    0.00 ^ _110869_/CK (DFFR_X1)
   0.08    0.08 v _110869_/Q (DFFR_X1)
   0.00    0.08 v _110864_/D (DFFR_X1)
           0.08   data arrival time

   0.00    0.00   clock cpu_clk (rise edge)
   0.00    0.00   clock network delay (ideal)
   0.00    0.00   clock reconvergence pessimism
           0.00 ^ _110864_/CK (DFFR_X1)
   0.00    0.00   library hold time
           0.00   data required time
---------------------------------------------------------
           0.00   data required time
          -0.08   data arrival time
---------------------------------------------------------
           0.08   slack (MET)


Startpoint: _110870_ (rising edge-triggered flip-flop clocked by cpu_clk)
Endpoint: _110865_ (rising edge-triggered flip-flop clocked by cpu_clk)
Path Group: cpu_clk
Path Type: min

  Delay    Time   Description
---------------------------------------------------------
   0.00    0.00   clock cpu_clk (rise edge)
   0.00    0.00   clock network delay (ideal)
   0.00    0.00 ^ _110870_/CK (DFFR_X1)
   0.08    0.08 v _110870_/Q (DFFR_X1)
   0.00    0.08 v _110865_/D (DFFR_X1)
           0.08   data arrival time

   0.00    0.00   clock cpu_clk (rise edge)
   0.00    0.00   clock network delay (ideal)
   0.00    0.00   clock reconvergence pessimism
           0.00 ^ _110865_/CK (DFFR_X1)
   0.00    0.00   library hold time
           0.00   data required time
---------------------------------------------------------
           0.00   data required time
          -0.08   data arrival time
---------------------------------------------------------
           0.08   slack (MET)


Startpoint: _110896_ (rising edge-triggered flip-flop clocked by cpu_clk)
Endpoint: _110891_ (rising edge-triggered flip-flop clocked by cpu_clk)
Path Group: cpu_clk
Path Type: min

  Delay    Time   Description
---------------------------------------------------------
   0.00    0.00   clock cpu_clk (rise edge)
   0.00    0.00   clock network delay (ideal)
   0.00    0.00 ^ _110896_/CK (DFFR_X1)
   0.08    0.08 v _110896_/Q (DFFR_X1)
   0.00    0.08 v _110891_/D (DFFR_X1)
           0.08   data arrival time

   0.00    0.00   clock cpu_clk (rise edge)
   0.00    0.00   clock network delay (ideal)
   0.00    0.00   clock reconvergence pessimism
           0.00 ^ _110891_/CK (DFFR_X1)
   0.00    0.00   library hold time
           0.00   data required time
---------------------------------------------------------
           0.00   data required time
          -0.08   data arrival time
---------------------------------------------------------
           0.08   slack (MET)


Startpoint: _110897_ (rising edge-triggered flip-flop clocked by cpu_clk)
Endpoint: _110892_ (rising edge-triggered flip-flop clocked by cpu_clk)
Path Group: cpu_clk
Path Type: min

  Delay    Time   Description
---------------------------------------------------------
   0.00    0.00   clock cpu_clk (rise edge)
   0.00    0.00   clock network delay (ideal)
   0.00    0.00 ^ _110897_/CK (DFFR_X1)
   0.08    0.08 v _110897_/Q (DFFR_X1)
   0.00    0.08 v _110892_/D (DFFR_X1)
           0.08   data arrival time

   0.00    0.00   clock cpu_clk (rise edge)
   0.00    0.00   clock network delay (ideal)
   0.00    0.00   clock reconvergence pessimism
           0.00 ^ _110892_/CK (DFFR_X1)
   0.00    0.00   library hold time
           0.00   data required time
---------------------------------------------------------
           0.00   data required time
          -0.08   data arrival time
---------------------------------------------------------
           0.08   slack (MET)


Startpoint: _110898_ (rising edge-triggered flip-flop clocked by cpu_clk)
Endpoint: _110893_ (rising edge-triggered flip-flop clocked by cpu_clk)
Path Group: cpu_clk
Path Type: min

  Delay    Time   Description
---------------------------------------------------------
   0.00    0.00   clock cpu_clk (rise edge)
   0.00    0.00   clock network delay (ideal)
   0.00    0.00 ^ _110898_/CK (DFFR_X1)
   0.08    0.08 v _110898_/Q (DFFR_X1)
   0.00    0.08 v _110893_/D (DFFR_X1)
           0.08   data arrival time

   0.00    0.00   clock cpu_clk (rise edge)
   0.00    0.00   clock network delay (ideal)
   0.00    0.00   clock reconvergence pessimism
           0.00 ^ _110893_/CK (DFFR_X1)
   0.00    0.00   library hold time
           0.00   data required time
---------------------------------------------------------
           0.00   data required time
          -0.08   data arrival time
---------------------------------------------------------
           0.08   slack (MET)


Startpoint: _110899_ (rising edge-triggered flip-flop clocked by cpu_clk)
Endpoint: _110894_ (rising edge-triggered flip-flop clocked by cpu_clk)
Path Group: cpu_clk
Path Type: min

  Delay    Time   Description
---------------------------------------------------------
   0.00    0.00   clock cpu_clk (rise edge)
   0.00    0.00   clock network delay (ideal)
   0.00    0.00 ^ _110899_/CK (DFFR_X1)
   0.08    0.08 v _110899_/Q (DFFR_X1)
   0.00    0.08 v _110894_/D (DFFR_X1)
           0.08   data arrival time

   0.00    0.00   clock cpu_clk (rise edge)
   0.00    0.00   clock network delay (ideal)
   0.00    0.00   clock reconvergence pessimism
           0.00 ^ _110894_/CK (DFFR_X1)
   0.00    0.00   library hold time
           0.00   data required time
---------------------------------------------------------
           0.00   data required time
          -0.08   data arrival time
---------------------------------------------------------
           0.08   slack (MET)


Startpoint: _110900_ (rising edge-triggered flip-flop clocked by cpu_clk)
Endpoint: _110895_ (rising edge-triggered flip-flop clocked by cpu_clk)
Path Group: cpu_clk
Path Type: min

  Delay    Time   Description
---------------------------------------------------------
   0.00    0.00   clock cpu_clk (rise edge)
   0.00    0.00   clock network delay (ideal)
   0.00    0.00 ^ _110900_/CK (DFFR_X1)
   0.08    0.08 v _110900_/Q (DFFR_X1)
   0.00    0.08 v _110895_/D (DFFR_X1)
           0.08   data arrival time

   0.00    0.00   clock cpu_clk (rise edge)
   0.00    0.00   clock network delay (ideal)
   0.00    0.00   clock reconvergence pessimism
           0.00 ^ _110895_/CK (DFFR_X1)
   0.00    0.00   library hold time
           0.00   data required time
---------------------------------------------------------
           0.00   data required time
          -0.08   data arrival time
---------------------------------------------------------
           0.08   slack (MET)


Startpoint: _110985_ (rising edge-triggered flip-flop clocked by cpu_clk)
Endpoint: _110982_ (rising edge-triggered flip-flop clocked by cpu_clk)
Path Group: cpu_clk
Path Type: min

  Delay    Time   Description
---------------------------------------------------------
   0.00    0.00   clock cpu_clk (rise edge)
   0.00    0.00   clock network delay (ideal)
   0.00    0.00 ^ _110985_/CK (DFFR_X1)
   0.08    0.08 v _110985_/Q (DFFR_X1)
   0.00    0.08 v _110982_/D (DFFR_X1)
           0.08   data arrival time

   0.00    0.00   clock cpu_clk (rise edge)
   0.00    0.00   clock network delay (ideal)
   0.00    0.00   clock reconvergence pessimism
           0.00 ^ _110982_/CK (DFFR_X1)
   0.00    0.00   library hold time
           0.00   data required time
---------------------------------------------------------
           0.00   data required time
          -0.08   data arrival time
---------------------------------------------------------
           0.08   slack (MET)


Startpoint: _125514_ (rising edge-triggered flip-flop clocked by cpu_div2)
Endpoint: _125514_ (rising edge-triggered flip-flop clocked by cpu_div2)
Path Group: cpu_div2
Path Type: min

  Delay    Time   Description
---------------------------------------------------------
   0.00    0.00   clock cpu_div2 (rise edge)
   0.00    0.00   clock network delay (ideal)
   0.00    0.00 ^ _125514_/CK (DFF_X1)
   0.06    0.06 ^ _125514_/QN (DFF_X1)
   0.03    0.09 ^ _075742_/ZN (AND2_X1)
   0.00    0.09 ^ _125514_/D (DFF_X1)
           0.09   data arrival time

   0.00    0.00   clock cpu_div2 (rise edge)
   0.00    0.00   clock network delay (ideal)
   0.00    0.00   clock reconvergence pessimism
           0.00 ^ _125514_/CK (DFF_X1)
   0.01    0.01   library hold time
           0.01   data required time
---------------------------------------------------------
           0.01   data required time
          -0.09   data arrival time
---------------------------------------------------------
           0.08   slack (MET)


Startpoint: _125514_ (rising edge-triggered flip-flop clocked by cpu_div2)
Endpoint: _125515_ (rising edge-triggered flip-flop clocked by cpu_div2)
Path Group: cpu_div2
Path Type: min

  Delay    Time   Description
---------------------------------------------------------
   0.00    0.00   clock cpu_div2 (rise edge)
   0.00    0.00   clock network delay (ideal)
   0.00    0.00 ^ _125514_/CK (DFF_X1)
   0.08    0.08 v _125514_/Q (DFF_X1)
   0.02    0.11 ^ _075741_/ZN (AOI21_X1)
   0.00    0.11 ^ _125515_/D (DFF_X1)
           0.11   data arrival time

   0.00    0.00   clock cpu_div2 (rise edge)
   0.00    0.00   clock network delay (ideal)
   0.00    0.00   clock reconvergence pessimism
           0.00 ^ _125515_/CK (DFF_X1)
   0.01    0.01   library hold time
           0.01   data required time
---------------------------------------------------------
           0.01   data required time
          -0.11   data arrival time
---------------------------------------------------------
           0.10   slack (MET)


Startpoint: _125521_ (rising edge-triggered flip-flop clocked by cpu_div2)
Endpoint: _125521_ (rising edge-triggered flip-flop clocked by cpu_div2)
Path Group: cpu_div2
Path Type: min

  Delay    Time   Description
---------------------------------------------------------
   0.00    0.00   clock cpu_div2 (rise edge)
   0.00    0.00   clock network delay (ideal)
   0.00    0.00 ^ _125521_/CK (DFF_X1)
   0.08    0.08 v _125521_/Q (DFF_X1)
   0.03    0.11 ^ _110333_/ZN (AOI21_X1)
   0.00    0.11 ^ _125521_/D (DFF_X1)
           0.11   data arrival time

   0.00    0.00   clock cpu_div2 (rise edge)
   0.00    0.00   clock network delay (ideal)
   0.00    0.00   clock reconvergence pessimism
           0.00 ^ _125521_/CK (DFF_X1)
   0.01    0.01   library hold time
           0.01   data required time
---------------------------------------------------------
           0.01   data required time
          -0.11   data arrival time
---------------------------------------------------------
           0.10   slack (MET)


Startpoint: _125517_ (rising edge-triggered flip-flop clocked by cpu_div2)
Endpoint: _125517_ (rising edge-triggered flip-flop clocked by cpu_div2)
Path Group: cpu_div2
Path Type: min

  Delay    Time   Description
---------------------------------------------------------
   0.00    0.00   clock cpu_div2 (rise edge)
   0.00    0.00   clock network delay (ideal)
   0.00    0.00 ^ _125517_/CK (DFF_X1)
   0.08    0.08 v _125517_/Q (DFF_X1)
   0.03    0.11 ^ _075736_/ZN (OAI21_X1)
   0.01    0.12 v _075737_/ZN (NOR2_X1)
   0.00    0.12 v _125517_/D (DFF_X1)
           0.12   data arrival time

   0.00    0.00   clock cpu_div2 (rise edge)
   0.00    0.00   clock network delay (ideal)
   0.00    0.00   clock reconvergence pessimism
           0.00 ^ _125517_/CK (DFF_X1)
   0.00    0.00   library hold time
           0.00   data required time
---------------------------------------------------------
           0.00   data required time
          -0.12   data arrival time
---------------------------------------------------------
           0.11   slack (MET)


Startpoint: _125515_ (rising edge-triggered flip-flop clocked by cpu_div2)
Endpoint: _125516_ (rising edge-triggered flip-flop clocked by cpu_div2)
Path Group: cpu_div2
Path Type: min

  Delay    Time   Description
---------------------------------------------------------
   0.00    0.00   clock cpu_div2 (rise edge)
   0.00    0.00   clock network delay (ideal)
   0.00    0.00 ^ _125515_/CK (DFF_X1)
   0.08    0.08 v _125515_/Q (DFF_X1)
   0.03    0.11 ^ _075738_/ZN (AOI21_X1)
   0.01    0.12 v _075739_/ZN (NOR3_X1)
   0.00    0.12 v _125516_/D (DFF_X1)
           0.12   data arrival time

   0.00    0.00   clock cpu_div2 (rise edge)
   0.00    0.00   clock network delay (ideal)
   0.00    0.00   clock reconvergence pessimism
           0.00 ^ _125516_/CK (DFF_X1)
   0.00    0.00   library hold time
           0.00   data required time
---------------------------------------------------------
           0.00   data required time
          -0.12   data arrival time
---------------------------------------------------------
           0.12   slack (MET)


Startpoint: _125520_ (rising edge-triggered flip-flop clocked by cpu_div2)
Endpoint: _125520_ (rising edge-triggered flip-flop clocked by cpu_div2)
Path Group: cpu_div2
Path Type: min

  Delay    Time   Description
---------------------------------------------------------
   0.00    0.00   clock cpu_div2 (rise edge)
   0.00    0.00   clock network delay (ideal)
   0.00    0.00 ^ _125520_/CK (DFF_X1)
   0.08    0.08 v _125520_/Q (DFF_X1)
   0.03    0.11 ^ _075730_/ZN (OAI21_X1)
   0.01    0.12 v _075731_/ZN (NOR2_X1)
   0.00    0.12 v _125520_/D (DFF_X1)
           0.12   data arrival time

   0.00    0.00   clock cpu_div2 (rise edge)
   0.00    0.00   clock network delay (ideal)
   0.00    0.00   clock reconvergence pessimism
           0.00 ^ _125520_/CK (DFF_X1)
   0.00    0.00   library hold time
           0.00   data required time
---------------------------------------------------------
           0.00   data required time
          -0.12   data arrival time
---------------------------------------------------------
           0.12   slack (MET)


Startpoint: _125518_ (rising edge-triggered flip-flop clocked by cpu_div2)
Endpoint: _125518_ (rising edge-triggered flip-flop clocked by cpu_div2)
Path Group: cpu_div2
Path Type: min

  Delay    Time   Description
---------------------------------------------------------
   0.00    0.00   clock cpu_div2 (rise edge)
   0.00    0.00   clock network delay (ideal)
   0.00    0.00 ^ _125518_/CK (DFF_X1)
   0.08    0.08 v _125518_/Q (DFF_X1)
   0.03    0.11 ^ _075734_/ZN (OAI21_X1)
   0.01    0.12 v _075735_/ZN (NOR2_X1)
   0.00    0.12 v _125518_/D (DFF_X1)
           0.12   data arrival time

   0.00    0.00   clock cpu_div2 (rise edge)
   0.00    0.00   clock network delay (ideal)
   0.00    0.00   clock reconvergence pessimism
           0.00 ^ _125518_/CK (DFF_X1)
   0.00    0.00   library hold time
           0.00   data required time
---------------------------------------------------------
           0.00   data required time
          -0.12   data arrival time
---------------------------------------------------------
           0.12   slack (MET)


Startpoint: _125519_ (rising edge-triggered flip-flop clocked by cpu_div2)
Endpoint: _125519_ (rising edge-triggered flip-flop clocked by cpu_div2)
Path Group: cpu_div2
Path Type: min

  Delay    Time   Description
---------------------------------------------------------
   0.00    0.00   clock cpu_div2 (rise edge)
   0.00    0.00   clock network delay (ideal)
   0.00    0.00 ^ _125519_/CK (DFF_X1)
   0.08    0.08 v _125519_/Q (DFF_X1)
   0.03    0.11 ^ _075732_/ZN (OAI21_X1)
   0.01    0.12 v _075733_/ZN (NOR2_X1)
   0.00    0.12 v _125519_/D (DFF_X1)
           0.12   data arrival time

   0.00    0.00   clock cpu_div2 (rise edge)
   0.00    0.00   clock network delay (ideal)
   0.00    0.00   clock reconvergence pessimism
           0.00 ^ _125519_/CK (DFF_X1)
   0.00    0.00   library hold time
           0.00   data required time
---------------------------------------------------------
           0.00   data required time
          -0.12   data arrival time
---------------------------------------------------------
           0.12   slack (MET)


Startpoint: fir_rst (input port clocked by fir_clk)
Endpoint: _125750_ (rising edge-triggered flip-flop clocked by fir_clk)
Path Group: fir_clk
Path Type: min

  Delay    Time   Description
---------------------------------------------------------
   0.00    0.00   clock fir_clk (rise edge)
   0.00    0.00   clock network delay (ideal)
   0.00    0.00 ^ input external delay
   0.00    0.00 ^ fir_rst (in)
   0.01    0.01 v _075244_/ZN (NOR2_X1)
   0.00    0.01 v _125750_/D (DFF_X1)
           0.01   data arrival time

   0.00    0.00   clock fir_clk (rise edge)
   0.00    0.00   clock network delay (ideal)
   0.00    0.00   clock reconvergence pessimism
           0.00 ^ _125750_/CK (DFF_X1)
   0.00    0.00   library hold time
           0.00   data required time
---------------------------------------------------------
           0.00   data required time
          -0.01   data arrival time
---------------------------------------------------------
           0.00   slack (MET)


Startpoint: fir_rst (input port clocked by fir_clk)
Endpoint: _125755_ (rising edge-triggered flip-flop clocked by fir_clk)
Path Group: fir_clk
Path Type: min

  Delay    Time   Description
---------------------------------------------------------
   0.00    0.00   clock fir_clk (rise edge)
   0.00    0.00   clock network delay (ideal)
   0.00    0.00 ^ input external delay
   0.00    0.00 ^ fir_rst (in)
   0.01    0.01 v _110496_/ZN (NOR2_X1)
   0.00    0.01 v _125755_/D (DFF_X1)
           0.01   data arrival time

   0.00    0.00   clock fir_clk (rise edge)
   0.00    0.00   clock network delay (ideal)
   0.00    0.00   clock reconvergence pessimism
           0.00 ^ _125755_/CK (DFF_X1)
   0.00    0.00   library hold time
           0.00   data required time
---------------------------------------------------------
           0.00   data required time
          -0.01   data arrival time
---------------------------------------------------------
           0.00   slack (MET)


Startpoint: fir_rst (input port clocked by fir_clk)
Endpoint: _111163_ (rising edge-triggered flip-flop clocked by fir_clk)
Path Group: fir_clk
Path Type: min

  Delay    Time   Description
---------------------------------------------------------
   0.00    0.00   clock fir_clk (rise edge)
   0.00    0.00   clock network delay (ideal)
   0.00    0.00 ^ input external delay
   0.00    0.00 ^ fir_rst (in)
   0.01    0.01 v _080982_/ZN (AOI211_X1)
   0.00    0.01 v _111163_/D (DFF_X1)
           0.01   data arrival time

   0.00    0.00   clock fir_clk (rise edge)
   0.00    0.00   clock network delay (ideal)
   0.00    0.00   clock reconvergence pessimism
           0.00 ^ _111163_/CK (DFF_X1)
   0.00    0.00   library hold time
           0.00   data required time
---------------------------------------------------------
           0.00   data required time
          -0.01   data arrival time
---------------------------------------------------------
           0.00   slack (MET)


Startpoint: fir_rst (input port clocked by fir_clk)
Endpoint: _125739_ (rising edge-triggered flip-flop clocked by fir_clk)
Path Group: fir_clk
Path Type: min

  Delay    Time   Description
---------------------------------------------------------
   0.00    0.00   clock fir_clk (rise edge)
   0.00    0.00   clock network delay (ideal)
   0.00    0.00 ^ input external delay
   0.00    0.00 ^ fir_rst (in)
   0.01    0.01 v _110641_/ZN (AOI211_X1)
   0.00    0.01 v _125739_/D (DFF_X1)
           0.01   data arrival time

   0.00    0.00   clock fir_clk (rise edge)
   0.00    0.00   clock network delay (ideal)
   0.00    0.00   clock reconvergence pessimism
           0.00 ^ _125739_/CK (DFF_X1)
   0.00    0.00   library hold time
           0.00   data required time
---------------------------------------------------------
           0.00   data required time
          -0.01   data arrival time
---------------------------------------------------------
           0.00   slack (MET)


Startpoint: fir_rst (input port clocked by fir_clk)
Endpoint: _126202_ (rising edge-triggered flip-flop clocked by fir_clk)
Path Group: fir_clk
Path Type: min

  Delay    Time   Description
---------------------------------------------------------
   0.00    0.00   clock fir_clk (rise edge)
   0.00    0.00   clock network delay (ideal)
   0.00    0.00 ^ input external delay
   0.00    0.00 ^ fir_rst (in)
   0.01    0.01 v _070455_/ZN (AOI211_X1)
   0.00    0.01 v _126202_/D (DFF_X1)
           0.01   data arrival time

   0.00    0.00   clock fir_clk (rise edge)
   0.00    0.00   clock network delay (ideal)
   0.00    0.00   clock reconvergence pessimism
           0.00 ^ _126202_/CK (DFF_X1)
   0.00    0.00   library hold time
           0.00   data required time
---------------------------------------------------------
           0.00   data required time
          -0.01   data arrival time
---------------------------------------------------------
           0.00   slack (MET)


Startpoint: fir_rst (input port clocked by fir_clk)
Endpoint: _126220_ (rising edge-triggered flip-flop clocked by fir_clk)
Path Group: fir_clk
Path Type: min

  Delay    Time   Description
---------------------------------------------------------
   0.00    0.00   clock fir_clk (rise edge)
   0.00    0.00   clock network delay (ideal)
   0.00    0.00 ^ input external delay
   0.00    0.00 ^ fir_rst (in)
   0.01    0.01 v _070423_/ZN (AOI211_X1)
   0.00    0.01 v _126220_/D (DFF_X1)
           0.01   data arrival time

   0.00    0.00   clock fir_clk (rise edge)
   0.00    0.00   clock network delay (ideal)
   0.00    0.00   clock reconvergence pessimism
           0.00 ^ _126220_/CK (DFF_X1)
   0.00    0.00   library hold time
           0.00   data required time
---------------------------------------------------------
           0.00   data required time
          -0.01   data arrival time
---------------------------------------------------------
           0.00   slack (MET)


Startpoint: fir_rst (input port clocked by fir_clk)
Endpoint: _126223_ (rising edge-triggered flip-flop clocked by fir_clk)
Path Group: fir_clk
Path Type: min

  Delay    Time   Description
---------------------------------------------------------
   0.00    0.00   clock fir_clk (rise edge)
   0.00    0.00   clock network delay (ideal)
   0.00    0.00 ^ input external delay
   0.00    0.00 ^ fir_rst (in)
   0.01    0.01 v _070417_/ZN (AOI211_X1)
   0.00    0.01 v _126223_/D (DFF_X1)
           0.01   data arrival time

   0.00    0.00   clock fir_clk (rise edge)
   0.00    0.00   clock network delay (ideal)
   0.00    0.00   clock reconvergence pessimism
           0.00 ^ _126223_/CK (DFF_X1)
   0.00    0.00   library hold time
           0.00   data required time
---------------------------------------------------------
           0.00   data required time
          -0.01   data arrival time
---------------------------------------------------------
           0.00   slack (MET)


Startpoint: fir_rst (input port clocked by fir_clk)
Endpoint: _126224_ (rising edge-triggered flip-flop clocked by fir_clk)
Path Group: fir_clk
Path Type: min

  Delay    Time   Description
---------------------------------------------------------
   0.00    0.00   clock fir_clk (rise edge)
   0.00    0.00   clock network delay (ideal)
   0.00    0.00 ^ input external delay
   0.00    0.00 ^ fir_rst (in)
   0.01    0.01 v _070415_/ZN (AOI211_X1)
   0.00    0.01 v _126224_/D (DFF_X1)
           0.01   data arrival time

   0.00    0.00   clock fir_clk (rise edge)
   0.00    0.00   clock network delay (ideal)
   0.00    0.00   clock reconvergence pessimism
           0.00 ^ _126224_/CK (DFF_X1)
   0.00    0.00   library hold time
           0.00   data required time
---------------------------------------------------------
           0.00   data required time
          -0.01   data arrival time
---------------------------------------------------------
           0.00   slack (MET)


Startpoint: fir_rst (input port clocked by fir_clk)
Endpoint: _126225_ (rising edge-triggered flip-flop clocked by fir_clk)
Path Group: fir_clk
Path Type: min

  Delay    Time   Description
---------------------------------------------------------
   0.00    0.00   clock fir_clk (rise edge)
   0.00    0.00   clock network delay (ideal)
   0.00    0.00 ^ input external delay
   0.00    0.00 ^ fir_rst (in)
   0.01    0.01 v _070413_/ZN (AOI211_X1)
   0.00    0.01 v _126225_/D (DFF_X1)
           0.01   data arrival time

   0.00    0.00   clock fir_clk (rise edge)
   0.00    0.00   clock network delay (ideal)
   0.00    0.00   clock reconvergence pessimism
           0.00 ^ _126225_/CK (DFF_X1)
   0.00    0.00   library hold time
           0.00   data required time
---------------------------------------------------------
           0.00   data required time
          -0.01   data arrival time
---------------------------------------------------------
           0.00   slack (MET)


Startpoint: fir_rst (input port clocked by fir_clk)
Endpoint: _126226_ (rising edge-triggered flip-flop clocked by fir_clk)
Path Group: fir_clk
Path Type: min

  Delay    Time   Description
---------------------------------------------------------
   0.00    0.00   clock fir_clk (rise edge)
   0.00    0.00   clock network delay (ideal)
   0.00    0.00 ^ input external delay
   0.00    0.00 ^ fir_rst (in)
   0.01    0.01 v _110239_/ZN (AOI211_X1)
   0.00    0.01 v _126226_/D (DFF_X1)
           0.01   data arrival time

   0.00    0.00   clock fir_clk (rise edge)
   0.00    0.00   clock network delay (ideal)
   0.00    0.00   clock reconvergence pessimism
           0.00 ^ _126226_/CK (DFF_X1)
   0.00    0.00   library hold time
           0.00   data required time
---------------------------------------------------------
           0.00   data required time
          -0.01   data arrival time
---------------------------------------------------------
           0.00   slack (MET)


Startpoint: fir_rst (input port clocked by fir_clk)
Endpoint: _126229_ (rising edge-triggered flip-flop clocked by fir_clk)
Path Group: fir_clk
Path Type: min

  Delay    Time   Description
---------------------------------------------------------
   0.00    0.00   clock fir_clk (rise edge)
   0.00    0.00   clock network delay (ideal)
   0.00    0.00 ^ input external delay
   0.00    0.00 ^ fir_rst (in)
   0.01    0.01 v _070407_/ZN (AOI211_X1)
   0.00    0.01 v _126229_/D (DFF_X1)
           0.01   data arrival time

   0.00    0.00   clock fir_clk (rise edge)
   0.00    0.00   clock network delay (ideal)
   0.00    0.00   clock reconvergence pessimism
           0.00 ^ _126229_/CK (DFF_X1)
   0.00    0.00   library hold time
           0.00   data required time
---------------------------------------------------------
           0.00   data required time
          -0.01   data arrival time
---------------------------------------------------------
           0.00   slack (MET)


Startpoint: fir_rst (input port clocked by fir_clk)
Endpoint: _126245_ (rising edge-triggered flip-flop clocked by fir_clk)
Path Group: fir_clk
Path Type: min

  Delay    Time   Description
---------------------------------------------------------
   0.00    0.00   clock fir_clk (rise edge)
   0.00    0.00   clock network delay (ideal)
   0.00    0.00 ^ input external delay
   0.00    0.00 ^ fir_rst (in)
   0.01    0.01 v _070379_/ZN (AOI211_X1)
   0.00    0.01 v _126245_/D (DFF_X1)
           0.01   data arrival time

   0.00    0.00   clock fir_clk (rise edge)
   0.00    0.00   clock network delay (ideal)
   0.00    0.00   clock reconvergence pessimism
           0.00 ^ _126245_/CK (DFF_X1)
   0.00    0.00   library hold time
           0.00   data required time
---------------------------------------------------------
           0.00   data required time
          -0.01   data arrival time
---------------------------------------------------------
           0.00   slack (MET)


Startpoint: fir_rst (input port clocked by fir_clk)
Endpoint: _126269_ (rising edge-triggered flip-flop clocked by fir_clk)
Path Group: fir_clk
Path Type: min

  Delay    Time   Description
---------------------------------------------------------
   0.00    0.00   clock fir_clk (rise edge)
   0.00    0.00   clock network delay (ideal)
   0.00    0.00 ^ input external delay
   0.00    0.00 ^ fir_rst (in)
   0.01    0.01 v _070333_/ZN (AOI211_X1)
   0.00    0.01 v _126269_/D (DFF_X1)
           0.01   data arrival time

   0.00    0.00   clock fir_clk (rise edge)
   0.00    0.00   clock network delay (ideal)
   0.00    0.00   clock reconvergence pessimism
           0.00 ^ _126269_/CK (DFF_X1)
   0.00    0.00   library hold time
           0.00   data required time
---------------------------------------------------------
           0.00   data required time
          -0.01   data arrival time
---------------------------------------------------------
           0.00   slack (MET)


Startpoint: fir_rst (input port clocked by fir_clk)
Endpoint: _126270_ (rising edge-triggered flip-flop clocked by fir_clk)
Path Group: fir_clk
Path Type: min

  Delay    Time   Description
---------------------------------------------------------
   0.00    0.00   clock fir_clk (rise edge)
   0.00    0.00   clock network delay (ideal)
   0.00    0.00 ^ input external delay
   0.00    0.00 ^ fir_rst (in)
   0.01    0.01 v _070331_/ZN (AOI211_X1)
   0.00    0.01 v _126270_/D (DFF_X1)
           0.01   data arrival time

   0.00    0.00   clock fir_clk (rise edge)
   0.00    0.00   clock network delay (ideal)
   0.00    0.00   clock reconvergence pessimism
           0.00 ^ _126270_/CK (DFF_X1)
   0.00    0.00   library hold time
           0.00   data required time
---------------------------------------------------------
           0.00   data required time
          -0.01   data arrival time
---------------------------------------------------------
           0.00   slack (MET)


Startpoint: fir_rst (input port clocked by fir_clk)
Endpoint: _126273_ (rising edge-triggered flip-flop clocked by fir_clk)
Path Group: fir_clk
Path Type: min

  Delay    Time   Description
---------------------------------------------------------
   0.00    0.00   clock fir_clk (rise edge)
   0.00    0.00   clock network delay (ideal)
   0.00    0.00 ^ input external delay
   0.00    0.00 ^ fir_rst (in)
   0.01    0.01 v _070325_/ZN (AOI211_X1)
   0.00    0.01 v _126273_/D (DFF_X1)
           0.01   data arrival time

   0.00    0.00   clock fir_clk (rise edge)
   0.00    0.00   clock network delay (ideal)
   0.00    0.00   clock reconvergence pessimism
           0.00 ^ _126273_/CK (DFF_X1)
   0.00    0.00   library hold time
           0.00   data required time
---------------------------------------------------------
           0.00   data required time
          -0.01   data arrival time
---------------------------------------------------------
           0.00   slack (MET)


Startpoint: fir_rst (input port clocked by fir_clk)
Endpoint: _126274_ (rising edge-triggered flip-flop clocked by fir_clk)
Path Group: fir_clk
Path Type: min

  Delay    Time   Description
---------------------------------------------------------
   0.00    0.00   clock fir_clk (rise edge)
   0.00    0.00   clock network delay (ideal)
   0.00    0.00 ^ input external delay
   0.00    0.00 ^ fir_rst (in)
   0.01    0.01 v _070323_/ZN (AOI211_X1)
   0.00    0.01 v _126274_/D (DFF_X1)
           0.01   data arrival time

   0.00    0.00   clock fir_clk (rise edge)
   0.00    0.00   clock network delay (ideal)
   0.00    0.00   clock reconvergence pessimism
           0.00 ^ _126274_/CK (DFF_X1)
   0.00    0.00   library hold time
           0.00   data required time
---------------------------------------------------------
           0.00   data required time
          -0.01   data arrival time
---------------------------------------------------------
           0.00   slack (MET)


Startpoint: fir_rst (input port clocked by fir_clk)
Endpoint: _126275_ (rising edge-triggered flip-flop clocked by fir_clk)
Path Group: fir_clk
Path Type: min

  Delay    Time   Description
---------------------------------------------------------
   0.00    0.00   clock fir_clk (rise edge)
   0.00    0.00   clock network delay (ideal)
   0.00    0.00 ^ input external delay
   0.00    0.00 ^ fir_rst (in)
   0.01    0.01 v _110250_/ZN (AOI211_X1)
   0.00    0.01 v _126275_/D (DFF_X1)
           0.01   data arrival time

   0.00    0.00   clock fir_clk (rise edge)
   0.00    0.00   clock network delay (ideal)
   0.00    0.00   clock reconvergence pessimism
           0.00 ^ _126275_/CK (DFF_X1)
   0.00    0.00   library hold time
           0.00   data required time
---------------------------------------------------------
           0.00   data required time
          -0.01   data arrival time
---------------------------------------------------------
           0.00   slack (MET)


Startpoint: fir_rst (input port clocked by fir_clk)
Endpoint: _126283_ (rising edge-triggered flip-flop clocked by fir_clk)
Path Group: fir_clk
Path Type: min

  Delay    Time   Description
---------------------------------------------------------
   0.00    0.00   clock fir_clk (rise edge)
   0.00    0.00   clock network delay (ideal)
   0.00    0.00 ^ input external delay
   0.00    0.00 ^ fir_rst (in)
   0.01    0.01 v _070307_/ZN (AOI211_X1)
   0.00    0.01 v _126283_/D (DFF_X1)
           0.01   data arrival time

   0.00    0.00   clock fir_clk (rise edge)
   0.00    0.00   clock network delay (ideal)
   0.00    0.00   clock reconvergence pessimism
           0.00 ^ _126283_/CK (DFF_X1)
   0.00    0.00   library hold time
           0.00   data required time
---------------------------------------------------------
           0.00   data required time
          -0.01   data arrival time
---------------------------------------------------------
           0.00   slack (MET)


Startpoint: fir_rst (input port clocked by fir_clk)
Endpoint: _126307_ (rising edge-triggered flip-flop clocked by fir_clk)
Path Group: fir_clk
Path Type: min

  Delay    Time   Description
---------------------------------------------------------
   0.00    0.00   clock fir_clk (rise edge)
   0.00    0.00   clock network delay (ideal)
   0.00    0.00 ^ input external delay
   0.00    0.00 ^ fir_rst (in)
   0.01    0.01 v _110254_/ZN (AOI211_X1)
   0.00    0.01 v _126307_/D (DFF_X1)
           0.01   data arrival time

   0.00    0.00   clock fir_clk (rise edge)
   0.00    0.00   clock network delay (ideal)
   0.00    0.00   clock reconvergence pessimism
           0.00 ^ _126307_/CK (DFF_X1)
   0.00    0.00   library hold time
           0.00   data required time
---------------------------------------------------------
           0.00   data required time
          -0.01   data arrival time
---------------------------------------------------------
           0.00   slack (MET)


Startpoint: fir_rst (input port clocked by fir_clk)
Endpoint: _126309_ (rising edge-triggered flip-flop clocked by fir_clk)
Path Group: fir_clk
Path Type: min

  Delay    Time   Description
---------------------------------------------------------
   0.00    0.00   clock fir_clk (rise edge)
   0.00    0.00   clock network delay (ideal)
   0.00    0.00 ^ input external delay
   0.00    0.00 ^ fir_rst (in)
   0.01    0.01 v _070261_/ZN (AOI211_X1)
   0.00    0.01 v _126309_/D (DFF_X1)
           0.01   data arrival time

   0.00    0.00   clock fir_clk (rise edge)
   0.00    0.00   clock network delay (ideal)
   0.00    0.00   clock reconvergence pessimism
           0.00 ^ _126309_/CK (DFF_X1)
   0.00    0.00   library hold time
           0.00   data required time
---------------------------------------------------------
           0.00   data required time
          -0.01   data arrival time
---------------------------------------------------------
           0.00   slack (MET)


Startpoint: fir_rst (input port clocked by fir_clk)
Endpoint: _125747_ (rising edge-triggered flip-flop clocked by fir_div32)
Path Group: fir_div32
Path Type: min

  Delay    Time   Description
---------------------------------------------------------
   0.00    0.00   clock fir_clk (rise edge)
   0.00    0.00   clock network delay (ideal)
   0.00    0.00 ^ input external delay
   0.00    0.00 ^ fir_rst (in)
   0.00    0.00 v _110526_/ZN (NOR2_X1)
   0.00    0.00 v _125747_/D (DFF_X1)
           0.00   data arrival time

   0.00    0.00   clock fir_div32 (rise edge)
   0.00    0.00   clock network delay (ideal)
   0.00    0.00   clock reconvergence pessimism
           0.00 ^ _125747_/CK (DFF_X1)
   0.00    0.00   library hold time
           0.00   data required time
---------------------------------------------------------
           0.00   data required time
          -0.00   data arrival time
---------------------------------------------------------
           0.00   slack (MET)


Startpoint: fir_rst (input port clocked by fir_clk)
Endpoint: _125742_ (rising edge-triggered flip-flop clocked by fir_div32)
Path Group: fir_div32
Path Type: min

  Delay    Time   Description
---------------------------------------------------------
   0.00    0.00   clock fir_clk (rise edge)
   0.00    0.00   clock network delay (ideal)
   0.00    0.00 ^ input external delay
   0.00    0.00 ^ fir_rst (in)
   0.00    0.00 v _075261_/ZN (NOR3_X1)
   0.00    0.00 v _125742_/D (DFF_X1)
           0.00   data arrival time

   0.00    0.00   clock fir_div32 (rise edge)
   0.00    0.00   clock network delay (ideal)
   0.00    0.00   clock reconvergence pessimism
           0.00 ^ _125742_/CK (DFF_X1)
   0.00    0.00   library hold time
           0.00   data required time
---------------------------------------------------------
           0.00   data required time
          -0.00   data arrival time
---------------------------------------------------------
           0.00   slack (MET)


Startpoint: fir_rst (input port clocked by fir_clk)
Endpoint: _125741_ (rising edge-triggered flip-flop clocked by fir_div32)
Path Group: fir_div32
Path Type: min

  Delay    Time   Description
---------------------------------------------------------
   0.00    0.00   clock fir_clk (rise edge)
   0.00    0.00   clock network delay (ideal)
   0.00    0.00 ^ input external delay
   0.00    0.00 ^ fir_rst (in)
   0.01    0.01 v _075245_/ZN (NOR2_X1)
   0.02    0.03 ^ _075262_/ZN (NOR2_X1)
   0.01    0.04 v _075263_/ZN (AOI21_X1)
   0.00    0.04 v _125741_/D (DFF_X1)
           0.04   data arrival time

   0.00    0.00   clock fir_div32 (rise edge)
   0.00    0.00   clock network delay (ideal)
   0.00    0.00   clock reconvergence pessimism
           0.00 ^ _125741_/CK (DFF_X1)
   0.00    0.00   library hold time
           0.00   data required time
---------------------------------------------------------
           0.00   data required time
          -0.04   data arrival time
---------------------------------------------------------
           0.04   slack (MET)


Startpoint: _125740_ (rising edge-triggered flip-flop clocked by fir_div32)
Endpoint: _125740_ (rising edge-triggered flip-flop clocked by fir_div32)
Path Group: fir_div32
Path Type: min

  Delay    Time   Description
---------------------------------------------------------
   0.00    0.00   clock fir_div32 (rise edge)
   0.00    0.00   clock network delay (ideal)
   0.00    0.00 ^ _125740_/CK (DFF_X1)
   0.06    0.06 ^ _125740_/QN (DFF_X1)
   0.03    0.09 ^ _075264_/ZN (AND2_X1)
   0.00    0.09 ^ _125740_/D (DFF_X1)
           0.09   data arrival time

   0.00    0.00   clock fir_div32 (rise edge)
   0.00    0.00   clock network delay (ideal)
   0.00    0.00   clock reconvergence pessimism
           0.00 ^ _125740_/CK (DFF_X1)
   0.01    0.01   library hold time
           0.01   data required time
---------------------------------------------------------
           0.01   data required time
          -0.09   data arrival time
---------------------------------------------------------
           0.08   slack (MET)


Startpoint: _125746_ (rising edge-triggered flip-flop clocked by fir_div32)
Endpoint: _125746_ (rising edge-triggered flip-flop clocked by fir_div32)
Path Group: fir_div32
Path Type: min

  Delay    Time   Description
---------------------------------------------------------
   0.00    0.00   clock fir_div32 (rise edge)
   0.00    0.00   clock network delay (ideal)
   0.00    0.00 ^ _125746_/CK (DFF_X1)
   0.08    0.08 v _125746_/Q (DFF_X1)
   0.03    0.11 ^ _075253_/ZN (AOI21_X1)
   0.00    0.11 ^ _125746_/D (DFF_X1)
           0.11   data arrival time

   0.00    0.00   clock fir_div32 (rise edge)
   0.00    0.00   clock network delay (ideal)
   0.00    0.00   clock reconvergence pessimism
           0.00 ^ _125746_/CK (DFF_X1)
   0.01    0.01   library hold time
           0.01   data required time
---------------------------------------------------------
           0.01   data required time
          -0.11   data arrival time
---------------------------------------------------------
           0.11   slack (MET)


Startpoint: _125745_ (rising edge-triggered flip-flop clocked by fir_div32)
Endpoint: _125745_ (rising edge-triggered flip-flop clocked by fir_div32)
Path Group: fir_div32
Path Type: min

  Delay    Time   Description
---------------------------------------------------------
   0.00    0.00   clock fir_div32 (rise edge)
   0.00    0.00   clock network delay (ideal)
   0.00    0.00 ^ _125745_/CK (DFF_X1)
   0.08    0.08 v _125745_/Q (DFF_X1)
   0.03    0.11 ^ _075254_/ZN (OAI21_X1)
   0.01    0.12 v _075255_/ZN (NOR2_X1)
   0.00    0.12 v _125745_/D (DFF_X1)
           0.12   data arrival time

   0.00    0.00   clock fir_div32 (rise edge)
   0.00    0.00   clock network delay (ideal)
   0.00    0.00   clock reconvergence pessimism
           0.00 ^ _125745_/CK (DFF_X1)
   0.00    0.00   library hold time
           0.00   data required time
---------------------------------------------------------
           0.00   data required time
          -0.12   data arrival time
---------------------------------------------------------
           0.12   slack (MET)


Startpoint: _125744_ (rising edge-triggered flip-flop clocked by fir_div32)
Endpoint: _125744_ (rising edge-triggered flip-flop clocked by fir_div32)
Path Group: fir_div32
Path Type: min

  Delay    Time   Description
---------------------------------------------------------
   0.00    0.00   clock fir_div32 (rise edge)
   0.00    0.00   clock network delay (ideal)
   0.00    0.00 ^ _125744_/CK (DFF_X1)
   0.08    0.08 v _125744_/Q (DFF_X1)
   0.03    0.11 ^ _075256_/ZN (OAI21_X1)
   0.01    0.12 v _075257_/ZN (NOR2_X1)
   0.00    0.12 v _125744_/D (DFF_X1)
           0.12   data arrival time

   0.00    0.00   clock fir_div32 (rise edge)
   0.00    0.00   clock network delay (ideal)
   0.00    0.00   clock reconvergence pessimism
           0.00 ^ _125744_/CK (DFF_X1)
   0.00    0.00   library hold time
           0.00   data required time
---------------------------------------------------------
           0.00   data required time
          -0.12   data arrival time
---------------------------------------------------------
           0.12   slack (MET)


Startpoint: _125743_ (rising edge-triggered flip-flop clocked by fir_div32)
Endpoint: _125743_ (rising edge-triggered flip-flop clocked by fir_div32)
Path Group: fir_div32
Path Type: min

  Delay    Time   Description
---------------------------------------------------------
   0.00    0.00   clock fir_div32 (rise edge)
   0.00    0.00   clock network delay (ideal)
   0.00    0.00 ^ _125743_/CK (DFF_X1)
   0.08    0.08 v _125743_/Q (DFF_X1)
   0.03    0.11 ^ _075258_/ZN (OAI21_X1)
   0.01    0.12 v _075259_/ZN (NOR2_X1)
   0.00    0.12 v _125743_/D (DFF_X1)
           0.12   data arrival time

   0.00    0.00   clock fir_div32 (rise edge)
   0.00    0.00   clock network delay (ideal)
   0.00    0.00   clock reconvergence pessimism
           0.00 ^ _125743_/CK (DFF_X1)
   0.00    0.00   library hold time
           0.00   data required time
---------------------------------------------------------
           0.00   data required time
          -0.12   data arrival time
---------------------------------------------------------
           0.12   slack (MET)


Startpoint: i2c_rst (input port clocked by i2c_clk)
Endpoint: _125420_ (rising edge-triggered flip-flop clocked by i2c_clk)
Path Group: i2c_clk
Path Type: min

  Delay    Time   Description
---------------------------------------------------------
   0.00    0.00   clock i2c_clk (rise edge)
   0.00    0.00   clock network delay (ideal)
   0.00    0.00 ^ input external delay
   0.00    0.00 ^ i2c_rst (in)
   0.00    0.00 v _076171_/ZN (NOR2_X1)
   0.00    0.00 v _125420_/D (DFF_X1)
           0.00   data arrival time

   0.00    0.00   clock i2c_clk (rise edge)
   0.00    0.00   clock network delay (ideal)
   0.00    0.00   clock reconvergence pessimism
           0.00 ^ _125420_/CK (DFF_X1)
   0.00    0.00   library hold time
           0.00   data required time
---------------------------------------------------------
           0.00   data required time
          -0.00   data arrival time
---------------------------------------------------------
           0.00   slack (MET)


Startpoint: i2c_rst (input port clocked by i2c_clk)
Endpoint: _125421_ (rising edge-triggered flip-flop clocked by i2c_clk)
Path Group: i2c_clk
Path Type: min

  Delay    Time   Description
---------------------------------------------------------
   0.00    0.00   clock i2c_clk (rise edge)
   0.00    0.00   clock network delay (ideal)
   0.00    0.00 ^ input external delay
   0.00    0.00 ^ i2c_rst (in)
   0.00    0.00 v _076166_/ZN (NOR2_X1)
   0.00    0.00 v _125421_/D (DFF_X1)
           0.00   data arrival time

   0.00    0.00   clock i2c_clk (rise edge)
   0.00    0.00   clock network delay (ideal)
   0.00    0.00   clock reconvergence pessimism
           0.00 ^ _125421_/CK (DFF_X1)
   0.00    0.00   library hold time
           0.00   data required time
---------------------------------------------------------
           0.00   data required time
          -0.00   data arrival time
---------------------------------------------------------
           0.00   slack (MET)


Startpoint: i2c_rst (input port clocked by i2c_clk)
Endpoint: _125422_ (rising edge-triggered flip-flop clocked by i2c_clk)
Path Group: i2c_clk
Path Type: min

  Delay    Time   Description
---------------------------------------------------------
   0.00    0.00   clock i2c_clk (rise edge)
   0.00    0.00   clock network delay (ideal)
   0.00    0.00 ^ input external delay
   0.00    0.00 ^ i2c_rst (in)
   0.00    0.00 v _076161_/ZN (NOR2_X1)
   0.00    0.00 v _125422_/D (DFF_X1)
           0.00   data arrival time

   0.00    0.00   clock i2c_clk (rise edge)
   0.00    0.00   clock network delay (ideal)
   0.00    0.00   clock reconvergence pessimism
           0.00 ^ _125422_/CK (DFF_X1)
   0.00    0.00   library hold time
           0.00   data required time
---------------------------------------------------------
           0.00   data required time
          -0.00   data arrival time
---------------------------------------------------------
           0.00   slack (MET)


Startpoint: i2c_rst (input port clocked by i2c_clk)
Endpoint: _125423_ (rising edge-triggered flip-flop clocked by i2c_clk)
Path Group: i2c_clk
Path Type: min

  Delay    Time   Description
---------------------------------------------------------
   0.00    0.00   clock i2c_clk (rise edge)
   0.00    0.00   clock network delay (ideal)
   0.00    0.00 ^ input external delay
   0.00    0.00 ^ i2c_rst (in)
   0.00    0.00 v _076156_/ZN (NOR2_X1)
   0.00    0.00 v _125423_/D (DFF_X1)
           0.00   data arrival time

   0.00    0.00   clock i2c_clk (rise edge)
   0.00    0.00   clock network delay (ideal)
   0.00    0.00   clock reconvergence pessimism
           0.00 ^ _125423_/CK (DFF_X1)
   0.00    0.00   library hold time
           0.00   data required time
---------------------------------------------------------
           0.00   data required time
          -0.00   data arrival time
---------------------------------------------------------
           0.00   slack (MET)


Startpoint: i2c_rst (input port clocked by i2c_clk)
Endpoint: _125424_ (rising edge-triggered flip-flop clocked by i2c_clk)
Path Group: i2c_clk
Path Type: min

  Delay    Time   Description
---------------------------------------------------------
   0.00    0.00   clock i2c_clk (rise edge)
   0.00    0.00   clock network delay (ideal)
   0.00    0.00 ^ input external delay
   0.00    0.00 ^ i2c_rst (in)
   0.00    0.00 v _076151_/ZN (NOR2_X1)
   0.00    0.00 v _125424_/D (DFF_X1)
           0.00   data arrival time

   0.00    0.00   clock i2c_clk (rise edge)
   0.00    0.00   clock network delay (ideal)
   0.00    0.00   clock reconvergence pessimism
           0.00 ^ _125424_/CK (DFF_X1)
   0.00    0.00   library hold time
           0.00   data required time
---------------------------------------------------------
           0.00   data required time
          -0.00   data arrival time
---------------------------------------------------------
           0.00   slack (MET)


Startpoint: i2c_rst (input port clocked by i2c_clk)
Endpoint: _125425_ (rising edge-triggered flip-flop clocked by i2c_clk)
Path Group: i2c_clk
Path Type: min

  Delay    Time   Description
---------------------------------------------------------
   0.00    0.00   clock i2c_clk (rise edge)
   0.00    0.00   clock network delay (ideal)
   0.00    0.00 ^ input external delay
   0.00    0.00 ^ i2c_rst (in)
   0.00    0.00 v _076146_/ZN (NOR2_X1)
   0.00    0.00 v _125425_/D (DFF_X1)
           0.00   data arrival time

   0.00    0.00   clock i2c_clk (rise edge)
   0.00    0.00   clock network delay (ideal)
   0.00    0.00   clock reconvergence pessimism
           0.00 ^ _125425_/CK (DFF_X1)
   0.00    0.00   library hold time
           0.00   data required time
---------------------------------------------------------
           0.00   data required time
          -0.00   data arrival time
---------------------------------------------------------
           0.00   slack (MET)


Startpoint: i2c_rst (input port clocked by i2c_clk)
Endpoint: _125426_ (rising edge-triggered flip-flop clocked by i2c_clk)
Path Group: i2c_clk
Path Type: min

  Delay    Time   Description
---------------------------------------------------------
   0.00    0.00   clock i2c_clk (rise edge)
   0.00    0.00   clock network delay (ideal)
   0.00    0.00 ^ input external delay
   0.00    0.00 ^ i2c_rst (in)
   0.00    0.00 v _110452_/ZN (NOR2_X1)
   0.00    0.00 v _125426_/D (DFF_X1)
           0.00   data arrival time

   0.00    0.00   clock i2c_clk (rise edge)
   0.00    0.00   clock network delay (ideal)
   0.00    0.00   clock reconvergence pessimism
           0.00 ^ _125426_/CK (DFF_X1)
   0.00    0.00   library hold time
           0.00   data required time
---------------------------------------------------------
           0.00   data required time
          -0.00   data arrival time
---------------------------------------------------------
           0.00   slack (MET)


Startpoint: i2c_rst (input port clocked by i2c_clk)
Endpoint: _125455_ (rising edge-triggered flip-flop clocked by i2c_clk)
Path Group: i2c_clk
Path Type: min

  Delay    Time   Description
---------------------------------------------------------
   0.00    0.00   clock i2c_clk (rise edge)
   0.00    0.00   clock network delay (ideal)
   0.00    0.00 ^ input external delay
   0.00    0.00 ^ i2c_rst (in)
   0.00    0.00 v _110403_/ZN (NOR2_X1)
   0.00    0.00 v _125455_/D (DFF_X1)
           0.00   data arrival time

   0.00    0.00   clock i2c_clk (rise edge)
   0.00    0.00   clock network delay (ideal)
   0.00    0.00   clock reconvergence pessimism
           0.00 ^ _125455_/CK (DFF_X1)
   0.00    0.00   library hold time
           0.00   data required time
---------------------------------------------------------
           0.00   data required time
          -0.00   data arrival time
---------------------------------------------------------
           0.00   slack (MET)


Startpoint: i2c_rst (input port clocked by i2c_clk)
Endpoint: _125472_ (rising edge-triggered flip-flop clocked by i2c_clk)
Path Group: i2c_clk
Path Type: min

  Delay    Time   Description
---------------------------------------------------------
   0.00    0.00   clock i2c_clk (rise edge)
   0.00    0.00   clock network delay (ideal)
   0.00    0.00 ^ input external delay
   0.00    0.00 ^ i2c_rst (in)
   0.00    0.00 v _110386_/ZN (NOR2_X1)
   0.00    0.00 v _125472_/D (DFF_X1)
           0.00   data arrival time

   0.00    0.00   clock i2c_clk (rise edge)
   0.00    0.00   clock network delay (ideal)
   0.00    0.00   clock reconvergence pessimism
           0.00 ^ _125472_/CK (DFF_X1)
   0.00    0.00   library hold time
           0.00   data required time
---------------------------------------------------------
           0.00   data required time
          -0.00   data arrival time
---------------------------------------------------------
           0.00   slack (MET)


Startpoint: i2c_rst (input port clocked by i2c_clk)
Endpoint: _125608_ (rising edge-triggered flip-flop clocked by i2c_clk)
Path Group: i2c_clk
Path Type: min

  Delay    Time   Description
---------------------------------------------------------
   0.00    0.00   clock i2c_clk (rise edge)
   0.00    0.00   clock network delay (ideal)
   0.00    0.00 ^ input external delay
   0.00    0.00 ^ i2c_rst (in)
   0.00    0.00 v _109800_/ZN (NOR2_X1)
   0.00    0.00 v _125608_/D (DFF_X1)
           0.00   data arrival time

   0.00    0.00   clock i2c_clk (rise edge)
   0.00    0.00   clock network delay (ideal)
   0.00    0.00   clock reconvergence pessimism
           0.00 ^ _125608_/CK (DFF_X1)
   0.00    0.00   library hold time
           0.00   data required time
---------------------------------------------------------
           0.00   data required time
          -0.00   data arrival time
---------------------------------------------------------
           0.00   slack (MET)


Startpoint: i2c_rst (input port clocked by i2c_clk)
Endpoint: _125609_ (rising edge-triggered flip-flop clocked by i2c_clk)
Path Group: i2c_clk
Path Type: min

  Delay    Time   Description
---------------------------------------------------------
   0.00    0.00   clock i2c_clk (rise edge)
   0.00    0.00   clock network delay (ideal)
   0.00    0.00 ^ input external delay
   0.00    0.00 ^ i2c_rst (in)
   0.00    0.00 v _075544_/ZN (NOR2_X1)
   0.00    0.00 v _125609_/D (DFF_X1)
           0.00   data arrival time

   0.00    0.00   clock i2c_clk (rise edge)
   0.00    0.00   clock network delay (ideal)
   0.00    0.00   clock reconvergence pessimism
           0.00 ^ _125609_/CK (DFF_X1)
   0.00    0.00   library hold time
           0.00   data required time
---------------------------------------------------------
           0.00   data required time
          -0.00   data arrival time
---------------------------------------------------------
           0.00   slack (MET)


Startpoint: i2c_rst (input port clocked by i2c_clk)
Endpoint: _125610_ (rising edge-triggered flip-flop clocked by i2c_clk)
Path Group: i2c_clk
Path Type: min

  Delay    Time   Description
---------------------------------------------------------
   0.00    0.00   clock i2c_clk (rise edge)
   0.00    0.00   clock network delay (ideal)
   0.00    0.00 ^ input external delay
   0.00    0.00 ^ i2c_rst (in)
   0.00    0.00 v _075542_/ZN (NOR2_X1)
   0.00    0.00 v _125610_/D (DFF_X1)
           0.00   data arrival time

   0.00    0.00   clock i2c_clk (rise edge)
   0.00    0.00   clock network delay (ideal)
   0.00    0.00   clock reconvergence pessimism
           0.00 ^ _125610_/CK (DFF_X1)
   0.00    0.00   library hold time
           0.00   data required time
---------------------------------------------------------
           0.00   data required time
          -0.00   data arrival time
---------------------------------------------------------
           0.00   slack (MET)


Startpoint: i2c_rst (input port clocked by i2c_clk)
Endpoint: _125611_ (rising edge-triggered flip-flop clocked by i2c_clk)
Path Group: i2c_clk
Path Type: min

  Delay    Time   Description
---------------------------------------------------------
   0.00    0.00   clock i2c_clk (rise edge)
   0.00    0.00   clock network delay (ideal)
   0.00    0.00 ^ input external delay
   0.00    0.00 ^ i2c_rst (in)
   0.00    0.00 v _075540_/ZN (NOR2_X1)
   0.00    0.00 v _125611_/D (DFF_X1)
           0.00   data arrival time

   0.00    0.00   clock i2c_clk (rise edge)
   0.00    0.00   clock network delay (ideal)
   0.00    0.00   clock reconvergence pessimism
           0.00 ^ _125611_/CK (DFF_X1)
   0.00    0.00   library hold time
           0.00   data required time
---------------------------------------------------------
           0.00   data required time
          -0.00   data arrival time
---------------------------------------------------------
           0.00   slack (MET)


Startpoint: i2c_rst (input port clocked by i2c_clk)
Endpoint: _125612_ (rising edge-triggered flip-flop clocked by i2c_clk)
Path Group: i2c_clk
Path Type: min

  Delay    Time   Description
---------------------------------------------------------
   0.00    0.00   clock i2c_clk (rise edge)
   0.00    0.00   clock network delay (ideal)
   0.00    0.00 ^ input external delay
   0.00    0.00 ^ i2c_rst (in)
   0.00    0.00 v _110662_/ZN (NOR2_X1)
   0.00    0.00 v _125612_/D (DFF_X1)
           0.00   data arrival time

   0.00    0.00   clock i2c_clk (rise edge)
   0.00    0.00   clock network delay (ideal)
   0.00    0.00   clock reconvergence pessimism
           0.00 ^ _125612_/CK (DFF_X1)
   0.00    0.00   library hold time
           0.00   data required time
---------------------------------------------------------
           0.00   data required time
          -0.00   data arrival time
---------------------------------------------------------
           0.00   slack (MET)


Startpoint: i2c_rst (input port clocked by i2c_clk)
Endpoint: _126327_ (rising edge-triggered flip-flop clocked by i2c_clk)
Path Group: i2c_clk
Path Type: min

  Delay    Time   Description
---------------------------------------------------------
   0.00    0.00   clock i2c_clk (rise edge)
   0.00    0.00   clock network delay (ideal)
   0.00    0.00 ^ input external delay
   0.00    0.00 ^ i2c_rst (in)
   0.00    0.00 v _070230_/ZN (NOR3_X1)
   0.00    0.00 v _126327_/D (DFF_X1)
           0.00   data arrival time

   0.00    0.00   clock i2c_clk (rise edge)
   0.00    0.00   clock network delay (ideal)
   0.00    0.00   clock reconvergence pessimism
           0.00 ^ _126327_/CK (DFF_X1)
   0.00    0.00   library hold time
           0.00   data required time
---------------------------------------------------------
           0.00   data required time
          -0.00   data arrival time
---------------------------------------------------------
           0.00   slack (MET)


Startpoint: i2c_rst (input port clocked by i2c_clk)
Endpoint: _126328_ (rising edge-triggered flip-flop clocked by i2c_clk)
Path Group: i2c_clk
Path Type: min

  Delay    Time   Description
---------------------------------------------------------
   0.00    0.00   clock i2c_clk (rise edge)
   0.00    0.00   clock network delay (ideal)
   0.00    0.00 ^ input external delay
   0.00    0.00 ^ i2c_rst (in)
   0.00    0.00 v _110278_/ZN (NOR3_X1)
   0.00    0.00 v _126328_/D (DFF_X1)
           0.00   data arrival time

   0.00    0.00   clock i2c_clk (rise edge)
   0.00    0.00   clock network delay (ideal)
   0.00    0.00   clock reconvergence pessimism
           0.00 ^ _126328_/CK (DFF_X1)
   0.00    0.00   library hold time
           0.00   data required time
---------------------------------------------------------
           0.00   data required time
          -0.00   data arrival time
---------------------------------------------------------
           0.00   slack (MET)


Startpoint: i2c_rst (input port clocked by i2c_clk)
Endpoint: _125641_ (rising edge-triggered flip-flop clocked by i2c_clk)
Path Group: i2c_clk
Path Type: min

  Delay    Time   Description
---------------------------------------------------------
   0.00    0.00   clock i2c_clk (rise edge)
   0.00    0.00   clock network delay (ideal)
   0.00    0.00 ^ input external delay
   0.00    0.00 ^ i2c_rst (in)
   0.01    0.01 v _075494_/ZN (NOR2_X1)
   0.00    0.01 v _125641_/D (DFF_X1)
           0.01   data arrival time

   0.00    0.00   clock i2c_clk (rise edge)
   0.00    0.00   clock network delay (ideal)
   0.00    0.00   clock reconvergence pessimism
           0.00 ^ _125641_/CK (DFF_X1)
   0.00    0.00   library hold time
           0.00   data required time
---------------------------------------------------------
           0.00   data required time
          -0.01   data arrival time
---------------------------------------------------------
           0.00   slack (MET)


Startpoint: i2c_rst (input port clocked by i2c_clk)
Endpoint: _125419_ (rising edge-triggered flip-flop clocked by i2c_clk)
Path Group: i2c_clk
Path Type: min

  Delay    Time   Description
---------------------------------------------------------
   0.00    0.00   clock i2c_clk (rise edge)
   0.00    0.00   clock network delay (ideal)
   0.00    0.00 ^ input external delay
   0.00    0.00 ^ i2c_rst (in)
   0.01    0.01 v _076175_/ZN (AOI21_X1)
   0.00    0.01 v _125419_/D (DFF_X1)
           0.01   data arrival time

   0.00    0.00   clock i2c_clk (rise edge)
   0.00    0.00   clock network delay (ideal)
   0.00    0.00   clock reconvergence pessimism
           0.00 ^ _125419_/CK (DFF_X1)
   0.00    0.00   library hold time
           0.00   data required time
---------------------------------------------------------
           0.00   data required time
          -0.01   data arrival time
---------------------------------------------------------
           0.00   slack (MET)


Startpoint: i2c_rst (input port clocked by i2c_clk)
Endpoint: _125442_ (rising edge-triggered flip-flop clocked by i2c_clk)
Path Group: i2c_clk
Path Type: min

  Delay    Time   Description
---------------------------------------------------------
   0.00    0.00   clock i2c_clk (rise edge)
   0.00    0.00   clock network delay (ideal)
   0.00    0.00 ^ input external delay
   0.00    0.00 ^ i2c_rst (in)
   0.01    0.01 v _076004_/ZN (AOI21_X1)
   0.00    0.01 v _125442_/D (DFF_X1)
           0.01   data arrival time

   0.00    0.00   clock i2c_clk (rise edge)
   0.00    0.00   clock network delay (ideal)
   0.00    0.00   clock reconvergence pessimism
           0.00 ^ _125442_/CK (DFF_X1)
   0.00    0.00   library hold time
           0.00   data required time
---------------------------------------------------------
           0.00   data required time
          -0.01   data arrival time
---------------------------------------------------------
           0.00   slack (MET)


Startpoint: i2c_rst (input port clocked by i2c_clk)
Endpoint: _125443_ (rising edge-triggered flip-flop clocked by i2c_clk)
Path Group: i2c_clk
Path Type: min

  Delay    Time   Description
---------------------------------------------------------
   0.00    0.00   clock i2c_clk (rise edge)
   0.00    0.00   clock network delay (ideal)
   0.00    0.00 ^ input external delay
   0.00    0.00 ^ i2c_rst (in)
   0.01    0.01 v _076000_/ZN (AOI21_X1)
   0.00    0.01 v _125443_/D (DFF_X1)
           0.01   data arrival time

   0.00    0.00   clock i2c_clk (rise edge)
   0.00    0.00   clock network delay (ideal)
   0.00    0.00   clock reconvergence pessimism
           0.00 ^ _125443_/CK (DFF_X1)
   0.00    0.00   library hold time
           0.00   data required time
---------------------------------------------------------
           0.00   data required time
          -0.01   data arrival time
---------------------------------------------------------
           0.00   slack (MET)


Startpoint: i2c_rst (input port clocked by i2c_clk)
Endpoint: _125635_ (rising edge-triggered flip-flop clocked by i2c_div8)
Path Group: i2c_div8
Path Type: min

  Delay    Time   Description
---------------------------------------------------------
   0.00    0.00   clock i2c_clk (rise edge)
   0.00    0.00   clock network delay (ideal)
   0.00    0.00 ^ input external delay
   0.00    0.00 ^ i2c_rst (in)
   0.00    0.00 v _110050_/ZN (NOR2_X1)
   0.00    0.00 v _125635_/D (DFF_X1)
           0.00   data arrival time

   0.00    0.00   clock i2c_div8 (rise edge)
   0.00    0.00   clock network delay (ideal)
   0.00    0.00   clock reconvergence pessimism
           0.00 ^ _125635_/CK (DFF_X1)
   0.00    0.00   library hold time
           0.00   data required time
---------------------------------------------------------
           0.00   data required time
          -0.00   data arrival time
---------------------------------------------------------
           0.00   slack (MET)


Startpoint: i2c_rst (input port clocked by i2c_clk)
Endpoint: _125630_ (rising edge-triggered flip-flop clocked by i2c_div8)
Path Group: i2c_div8
Path Type: min

  Delay    Time   Description
---------------------------------------------------------
   0.00    0.00   clock i2c_clk (rise edge)
   0.00    0.00   clock network delay (ideal)
   0.00    0.00 ^ input external delay
   0.00    0.00 ^ i2c_rst (in)
   0.00    0.00 v _075511_/ZN (NOR3_X1)
   0.00    0.00 v _125630_/D (DFF_X1)
           0.00   data arrival time

   0.00    0.00   clock i2c_div8 (rise edge)
   0.00    0.00   clock network delay (ideal)
   0.00    0.00   clock reconvergence pessimism
           0.00 ^ _125630_/CK (DFF_X1)
   0.00    0.00   library hold time
           0.00   data required time
---------------------------------------------------------
           0.00   data required time
          -0.00   data arrival time
---------------------------------------------------------
           0.00   slack (MET)


Startpoint: i2c_rst (input port clocked by i2c_clk)
Endpoint: _125629_ (rising edge-triggered flip-flop clocked by i2c_div8)
Path Group: i2c_div8
Path Type: min

  Delay    Time   Description
---------------------------------------------------------
   0.00    0.00   clock i2c_clk (rise edge)
   0.00    0.00   clock network delay (ideal)
   0.00    0.00 ^ input external delay
   0.00    0.00 ^ i2c_rst (in)
   0.01    0.01 v _075495_/ZN (NOR2_X1)
   0.02    0.03 ^ _075512_/ZN (NOR2_X1)
   0.01    0.04 v _075513_/ZN (AOI21_X1)
   0.00    0.04 v _125629_/D (DFF_X1)
           0.04   data arrival time

   0.00    0.00   clock i2c_div8 (rise edge)
   0.00    0.00   clock network delay (ideal)
   0.00    0.00   clock reconvergence pessimism
           0.00 ^ _125629_/CK (DFF_X1)
   0.00    0.00   library hold time
           0.00   data required time
---------------------------------------------------------
           0.00   data required time
          -0.04   data arrival time
---------------------------------------------------------
           0.04   slack (MET)


Startpoint: _125628_ (rising edge-triggered flip-flop clocked by i2c_div8)
Endpoint: _125628_ (rising edge-triggered flip-flop clocked by i2c_div8)
Path Group: i2c_div8
Path Type: min

  Delay    Time   Description
---------------------------------------------------------
   0.00    0.00   clock i2c_div8 (rise edge)
   0.00    0.00   clock network delay (ideal)
   0.00    0.00 ^ _125628_/CK (DFF_X1)
   0.06    0.06 ^ _125628_/QN (DFF_X1)
   0.03    0.09 ^ _075514_/ZN (AND2_X1)
   0.00    0.09 ^ _125628_/D (DFF_X1)
           0.09   data arrival time

   0.00    0.00   clock i2c_div8 (rise edge)
   0.00    0.00   clock network delay (ideal)
   0.00    0.00   clock reconvergence pessimism
           0.00 ^ _125628_/CK (DFF_X1)
   0.01    0.01   library hold time
           0.01   data required time
---------------------------------------------------------
           0.01   data required time
          -0.09   data arrival time
---------------------------------------------------------
           0.08   slack (MET)


Startpoint: _125634_ (rising edge-triggered flip-flop clocked by i2c_div8)
Endpoint: _125634_ (rising edge-triggered flip-flop clocked by i2c_div8)
Path Group: i2c_div8
Path Type: min

  Delay    Time   Description
---------------------------------------------------------
   0.00    0.00   clock i2c_div8 (rise edge)
   0.00    0.00   clock network delay (ideal)
   0.00    0.00 ^ _125634_/CK (DFF_X1)
   0.08    0.08 v _125634_/Q (DFF_X1)
   0.03    0.11 ^ _075503_/ZN (AOI21_X1)
   0.00    0.11 ^ _125634_/D (DFF_X1)
           0.11   data arrival time

   0.00    0.00   clock i2c_div8 (rise edge)
   0.00    0.00   clock network delay (ideal)
   0.00    0.00   clock reconvergence pessimism
           0.00 ^ _125634_/CK (DFF_X1)
   0.01    0.01   library hold time
           0.01   data required time
---------------------------------------------------------
           0.01   data required time
          -0.11   data arrival time
---------------------------------------------------------
           0.11   slack (MET)


Startpoint: i2c_rst (input port clocked by i2c_clk)
Endpoint: _125633_ (rising edge-triggered flip-flop clocked by i2c_div8)
Path Group: i2c_div8
Path Type: min

  Delay    Time   Description
---------------------------------------------------------
   0.00    0.00   clock i2c_clk (rise edge)
   0.00    0.00   clock network delay (ideal)
   0.00    0.00 ^ input external delay
   0.00    0.00 ^ i2c_rst (in)
   0.06    0.06 v _063978_/ZN (INV_X1)
   0.04    0.10 ^ _075504_/ZN (OAI21_X1)
   0.01    0.11 v _075505_/ZN (NOR2_X1)
   0.00    0.11 v _125633_/D (DFF_X1)
           0.11   data arrival time

   0.00    0.00   clock i2c_div8 (rise edge)
   0.00    0.00   clock network delay (ideal)
   0.00    0.00   clock reconvergence pessimism
           0.00 ^ _125633_/CK (DFF_X1)
   0.00    0.00   library hold time
           0.00   data required time
---------------------------------------------------------
           0.00   data required time
          -0.11   data arrival time
---------------------------------------------------------
           0.11   slack (MET)


Startpoint: i2c_rst (input port clocked by i2c_clk)
Endpoint: _125632_ (rising edge-triggered flip-flop clocked by i2c_div8)
Path Group: i2c_div8
Path Type: min

  Delay    Time   Description
---------------------------------------------------------
   0.00    0.00   clock i2c_clk (rise edge)
   0.00    0.00   clock network delay (ideal)
   0.00    0.00 ^ input external delay
   0.00    0.00 ^ i2c_rst (in)
   0.06    0.06 v _063978_/ZN (INV_X1)
   0.04    0.10 ^ _075506_/ZN (OAI21_X1)
   0.01    0.11 v _075507_/ZN (NOR2_X1)
   0.00    0.11 v _125632_/D (DFF_X1)
           0.11   data arrival time

   0.00    0.00   clock i2c_div8 (rise edge)
   0.00    0.00   clock network delay (ideal)
   0.00    0.00   clock reconvergence pessimism
           0.00 ^ _125632_/CK (DFF_X1)
   0.00    0.00   library hold time
           0.00   data required time
---------------------------------------------------------
           0.00   data required time
          -0.11   data arrival time
---------------------------------------------------------
           0.11   slack (MET)


Startpoint: i2c_rst (input port clocked by i2c_clk)
Endpoint: _125631_ (rising edge-triggered flip-flop clocked by i2c_div8)
Path Group: i2c_div8
Path Type: min

  Delay    Time   Description
---------------------------------------------------------
   0.00    0.00   clock i2c_clk (rise edge)
   0.00    0.00   clock network delay (ideal)
   0.00    0.00 ^ input external delay
   0.00    0.00 ^ i2c_rst (in)
   0.06    0.06 v _063978_/ZN (INV_X1)
   0.04    0.10 ^ _075508_/ZN (OAI21_X1)
   0.01    0.11 v _075509_/ZN (NOR2_X1)
   0.00    0.11 v _125631_/D (DFF_X1)
           0.11   data arrival time

   0.00    0.00   clock i2c_div8 (rise edge)
   0.00    0.00   clock network delay (ideal)
   0.00    0.00   clock reconvergence pessimism
           0.00 ^ _125631_/CK (DFF_X1)
   0.00    0.00   library hold time
           0.00   data required time
---------------------------------------------------------
           0.00   data required time
          -0.11   data arrival time
---------------------------------------------------------
           0.11   slack (MET)


Startpoint: spi_rst (input port clocked by spi_clk)
Endpoint: _125728_ (rising edge-triggered flip-flop clocked by spi_clk)
Path Group: spi_clk
Path Type: min

  Delay    Time   Description
---------------------------------------------------------
   0.00    0.00   clock spi_clk (rise edge)
   0.00    0.00   clock network delay (ideal)
   0.00    0.00 ^ input external delay
   0.00    0.00 ^ spi_rst (in)
   0.01    0.01 v _075281_/ZN (NOR2_X1)
   0.00    0.01 v _125728_/D (DFF_X1)
           0.01   data arrival time

   0.00    0.00   clock spi_clk (rise edge)
   0.00    0.00   clock network delay (ideal)
   0.00    0.00   clock reconvergence pessimism
           0.00 ^ _125728_/CK (DFF_X1)
   0.00    0.00   library hold time
           0.00   data required time
---------------------------------------------------------
           0.00   data required time
          -0.01   data arrival time
---------------------------------------------------------
           0.00   slack (MET)


Startpoint: spi_rst (input port clocked by spi_clk)
Endpoint: _125727_ (rising edge-triggered flip-flop clocked by spi_clk)
Path Group: spi_clk
Path Type: min

  Delay    Time   Description
---------------------------------------------------------
   0.00    0.00   clock spi_clk (rise edge)
   0.00    0.00   clock network delay (ideal)
   0.00    0.00 ^ input external delay
   0.00    0.00 ^ spi_rst (in)
   0.01    0.01 v _075282_/ZN (NOR2_X1)
   0.00    0.01 v _125727_/D (DFF_X1)
           0.01   data arrival time

   0.00    0.00   clock spi_clk (rise edge)
   0.00    0.00   clock network delay (ideal)
   0.00    0.00   clock reconvergence pessimism
           0.00 ^ _125727_/CK (DFF_X1)
   0.00    0.00   library hold time
           0.00   data required time
---------------------------------------------------------
           0.00   data required time
          -0.01   data arrival time
---------------------------------------------------------
           0.00   slack (MET)


Startpoint: spi_rst (input port clocked by spi_clk)
Endpoint: _125680_ (rising edge-triggered flip-flop clocked by spi_clk)
Path Group: spi_clk
Path Type: min

  Delay    Time   Description
---------------------------------------------------------
   0.00    0.00   clock spi_clk (rise edge)
   0.00    0.00   clock network delay (ideal)
   0.00    0.00 ^ input external delay
   0.00    0.00 ^ spi_rst (in)
   0.01    0.01 v _110503_/ZN (AOI211_X1)
   0.00    0.01 v _125680_/D (DFF_X1)
           0.01   data arrival time

   0.00    0.00   clock spi_clk (rise edge)
   0.00    0.00   clock network delay (ideal)
   0.00    0.00   clock reconvergence pessimism
           0.00 ^ _125680_/CK (DFF_X1)
   0.00    0.00   library hold time
           0.00   data required time
---------------------------------------------------------
           0.00   data required time
          -0.01   data arrival time
---------------------------------------------------------
           0.00   slack (MET)


Startpoint: spi_rst (input port clocked by spi_clk)
Endpoint: _125726_ (rising edge-triggered flip-flop clocked by spi_clk)
Path Group: spi_clk
Path Type: min

  Delay    Time   Description
---------------------------------------------------------
   0.00    0.00   clock spi_clk (rise edge)
   0.00    0.00   clock network delay (ideal)
   0.00    0.00 ^ input external delay
   0.00    0.00 ^ spi_rst (in)
   0.01    0.01 v _075283_/ZN (NOR2_X1)
   0.00    0.01 v _125726_/D (DFF_X1)
           0.01   data arrival time

   0.00    0.00   clock spi_clk (rise edge)
   0.00    0.00   clock network delay (ideal)
   0.00    0.00   clock reconvergence pessimism
           0.00 ^ _125726_/CK (DFF_X1)
   0.00    0.00   library hold time
           0.00   data required time
---------------------------------------------------------
           0.00   data required time
          -0.01   data arrival time
---------------------------------------------------------
           0.01   slack (MET)


Startpoint: miso_i (input port clocked by spi_clk)
Endpoint: _125937_ (rising edge-triggered flip-flop clocked by spi_clk)
Path Group: spi_clk
Path Type: min

  Delay    Time   Description
---------------------------------------------------------
   0.00    0.00   clock spi_clk (rise edge)
   0.00    0.00   clock network delay (ideal)
   0.00    0.00 ^ input external delay
   0.00    0.00 ^ miso_i (in)
   0.02    0.02 v _074299_/ZN (AOI221_X1)
   0.03    0.04 ^ _074300_/ZN (NOR2_X1)
   0.00    0.04 ^ _125937_/D (DFF_X1)
           0.04   data arrival time

   0.00    0.00   clock spi_clk (rise edge)
   0.00    0.00   clock network delay (ideal)
   0.00    0.00   clock reconvergence pessimism
           0.00 ^ _125937_/CK (DFF_X1)
   0.01    0.01   library hold time
           0.01   data required time
---------------------------------------------------------
           0.01   data required time
          -0.04   data arrival time
---------------------------------------------------------
           0.03   slack (MET)


Startpoint: spi_rst (input port clocked by spi_clk)
Endpoint: _125677_ (rising edge-triggered flip-flop clocked by spi_clk)
Path Group: spi_clk
Path Type: min

  Delay    Time   Description
---------------------------------------------------------
   0.00    0.00   clock spi_clk (rise edge)
   0.00    0.00   clock network delay (ideal)
   0.00    0.00 ^ input external delay
   0.00    0.00 ^ spi_rst (in)
   0.03    0.03 ^ _075383_/ZN (OR2_X1)
   0.01    0.04 v _075388_/ZN (NOR2_X1)
   0.00    0.04 v _125677_/D (DFF_X1)
           0.04   data arrival time

   0.00    0.00   clock spi_clk (rise edge)
   0.00    0.00   clock network delay (ideal)
   0.00    0.00   clock reconvergence pessimism
           0.00 ^ _125677_/CK (DFF_X1)
   0.00    0.00   library hold time
           0.00   data required time
---------------------------------------------------------
           0.00   data required time
          -0.04   data arrival time
---------------------------------------------------------
           0.03   slack (MET)


Startpoint: spi_rst (input port clocked by spi_clk)
Endpoint: _125679_ (rising edge-triggered flip-flop clocked by spi_clk)
Path Group: spi_clk
Path Type: min

  Delay    Time   Description
---------------------------------------------------------
   0.00    0.00   clock spi_clk (rise edge)
   0.00    0.00   clock network delay (ideal)
   0.00    0.00 ^ input external delay
   0.00    0.00 ^ spi_rst (in)
   0.03    0.03 ^ _075383_/ZN (OR2_X1)
   0.01    0.04 v _109985_/ZN (NOR2_X1)
   0.00    0.04 v _125679_/D (DFF_X1)
           0.04   data arrival time

   0.00    0.00   clock spi_clk (rise edge)
   0.00    0.00   clock network delay (ideal)
   0.00    0.00   clock reconvergence pessimism
           0.00 ^ _125679_/CK (DFF_X1)
   0.00    0.00   library hold time
           0.00   data required time
---------------------------------------------------------
           0.00   data required time
          -0.04   data arrival time
---------------------------------------------------------
           0.03   slack (MET)


Startpoint: spi_rst (input port clocked by spi_clk)
Endpoint: _125678_ (rising edge-triggered flip-flop clocked by spi_clk)
Path Group: spi_clk
Path Type: min

  Delay    Time   Description
---------------------------------------------------------
   0.00    0.00   clock spi_clk (rise edge)
   0.00    0.00   clock network delay (ideal)
   0.00    0.00 ^ input external delay
   0.00    0.00 ^ spi_rst (in)
   0.03    0.03 ^ _075383_/ZN (OR2_X1)
   0.01    0.04 v _075386_/ZN (NOR3_X1)
   0.00    0.04 v _125678_/D (DFF_X1)
           0.04   data arrival time

   0.00    0.00   clock spi_clk (rise edge)
   0.00    0.00   clock network delay (ideal)
   0.00    0.00   clock reconvergence pessimism
           0.00 ^ _125678_/CK (DFF_X1)
   0.00    0.00   library hold time
           0.00   data required time
---------------------------------------------------------
           0.00   data required time
          -0.04   data arrival time
---------------------------------------------------------
           0.04   slack (MET)


Startpoint: _126308_ (rising edge-triggered flip-flop clocked by spi_clk)
Endpoint: ss_o (output port clocked by spi_clk)
Path Group: spi_clk
Path Type: min

  Delay    Time   Description
---------------------------------------------------------
   0.00    0.00   clock spi_clk (rise edge)
   0.00    0.00   clock network delay (ideal)
   0.00    0.00 ^ _126308_/CK (DFF_X1)
   0.06    0.06 ^ _126308_/QN (DFF_X1)
   0.00    0.06 ^ ss_o (out)
           0.06   data arrival time

   0.00    0.00   clock spi_clk (rise edge)
   0.00    0.00   clock network delay (ideal)
   0.00    0.00   clock reconvergence pessimism
   0.00    0.00   output external delay
           0.00   data required time
---------------------------------------------------------
           0.00   data required time
          -0.06   data arrival time
---------------------------------------------------------
           0.06   slack (MET)


Startpoint: _125947_ (rising edge-triggered flip-flop clocked by spi_clk)
Endpoint: sck_o (output port clocked by spi_clk)
Path Group: spi_clk
Path Type: min

  Delay    Time   Description
---------------------------------------------------------
   0.00    0.00   clock spi_clk (rise edge)
   0.00    0.00   clock network delay (ideal)
   0.00    0.00 ^ _125947_/CK (DFF_X1)
   0.08    0.08 v _125947_/Q (DFF_X1)
   0.00    0.08 v sck_o (out)
           0.08   data arrival time

   0.00    0.00   clock spi_clk (rise edge)
   0.00    0.00   clock network delay (ideal)
   0.00    0.00   clock reconvergence pessimism
   0.00    0.00   output external delay
           0.00   data required time
---------------------------------------------------------
           0.00   data required time
          -0.08   data arrival time
---------------------------------------------------------
           0.08   slack (MET)


Startpoint: _111039_ (rising edge-triggered flip-flop clocked by spi_clk)
Endpoint: _111036_ (rising edge-triggered flip-flop clocked by spi_clk)
Path Group: spi_clk
Path Type: min

  Delay    Time   Description
---------------------------------------------------------
   0.00    0.00   clock spi_clk (rise edge)
   0.00    0.00   clock network delay (ideal)
   0.00    0.00 ^ _111039_/CK (DFFR_X1)
   0.08    0.08 v _111039_/Q (DFFR_X1)
   0.00    0.08 v _111036_/D (DFFR_X1)
           0.08   data arrival time

   0.00    0.00   clock spi_clk (rise edge)
   0.00    0.00   clock network delay (ideal)
   0.00    0.00   clock reconvergence pessimism
           0.00 ^ _111036_/CK (DFFR_X1)
   0.00    0.00   library hold time
           0.00   data required time
---------------------------------------------------------
           0.00   data required time
          -0.08   data arrival time
---------------------------------------------------------
           0.08   slack (MET)


Startpoint: _111040_ (rising edge-triggered flip-flop clocked by spi_clk)
Endpoint: _111037_ (rising edge-triggered flip-flop clocked by spi_clk)
Path Group: spi_clk
Path Type: min

  Delay    Time   Description
---------------------------------------------------------
   0.00    0.00   clock spi_clk (rise edge)
   0.00    0.00   clock network delay (ideal)
   0.00    0.00 ^ _111040_/CK (DFFR_X1)
   0.08    0.08 v _111040_/Q (DFFR_X1)
   0.00    0.08 v _111037_/D (DFFR_X1)
           0.08   data arrival time

   0.00    0.00   clock spi_clk (rise edge)
   0.00    0.00   clock network delay (ideal)
   0.00    0.00   clock reconvergence pessimism
           0.00 ^ _111037_/CK (DFFR_X1)
   0.00    0.00   library hold time
           0.00   data required time
---------------------------------------------------------
           0.00   data required time
          -0.08   data arrival time
---------------------------------------------------------
           0.08   slack (MET)


Startpoint: _111041_ (rising edge-triggered flip-flop clocked by spi_clk)
Endpoint: _111038_ (rising edge-triggered flip-flop clocked by spi_clk)
Path Group: spi_clk
Path Type: min

  Delay    Time   Description
---------------------------------------------------------
   0.00    0.00   clock spi_clk (rise edge)
   0.00    0.00   clock network delay (ideal)
   0.00    0.00 ^ _111041_/CK (DFFR_X1)
   0.08    0.08 v _111041_/Q (DFFR_X1)
   0.00    0.08 v _111038_/D (DFFR_X1)
           0.08   data arrival time

   0.00    0.00   clock spi_clk (rise edge)
   0.00    0.00   clock network delay (ideal)
   0.00    0.00   clock reconvergence pessimism
           0.00 ^ _111038_/CK (DFFR_X1)
   0.00    0.00   library hold time
           0.00   data required time
---------------------------------------------------------
           0.00   data required time
          -0.08   data arrival time
---------------------------------------------------------
           0.08   slack (MET)


Startpoint: _111069_ (rising edge-triggered flip-flop clocked by spi_clk)
Endpoint: _111066_ (rising edge-triggered flip-flop clocked by spi_clk)
Path Group: spi_clk
Path Type: min

  Delay    Time   Description
---------------------------------------------------------
   0.00    0.00   clock spi_clk (rise edge)
   0.00    0.00   clock network delay (ideal)
   0.00    0.00 ^ _111069_/CK (DFFR_X1)
   0.08    0.08 v _111069_/Q (DFFR_X1)
   0.00    0.08 v _111066_/D (DFFR_X1)
           0.08   data arrival time

   0.00    0.00   clock spi_clk (rise edge)
   0.00    0.00   clock network delay (ideal)
   0.00    0.00   clock reconvergence pessimism
           0.00 ^ _111066_/CK (DFFR_X1)
   0.00    0.00   library hold time
           0.00   data required time
---------------------------------------------------------
           0.00   data required time
          -0.08   data arrival time
---------------------------------------------------------
           0.08   slack (MET)


Startpoint: _111070_ (rising edge-triggered flip-flop clocked by spi_clk)
Endpoint: _111067_ (rising edge-triggered flip-flop clocked by spi_clk)
Path Group: spi_clk
Path Type: min

  Delay    Time   Description
---------------------------------------------------------
   0.00    0.00   clock spi_clk (rise edge)
   0.00    0.00   clock network delay (ideal)
   0.00    0.00 ^ _111070_/CK (DFFR_X1)
   0.08    0.08 v _111070_/Q (DFFR_X1)
   0.00    0.08 v _111067_/D (DFFR_X1)
           0.08   data arrival time

   0.00    0.00   clock spi_clk (rise edge)
   0.00    0.00   clock network delay (ideal)
   0.00    0.00   clock reconvergence pessimism
           0.00 ^ _111067_/CK (DFFR_X1)
   0.00    0.00   library hold time
           0.00   data required time
---------------------------------------------------------
           0.00   data required time
          -0.08   data arrival time
---------------------------------------------------------
           0.08   slack (MET)


Startpoint: _111071_ (rising edge-triggered flip-flop clocked by spi_clk)
Endpoint: _111068_ (rising edge-triggered flip-flop clocked by spi_clk)
Path Group: spi_clk
Path Type: min

  Delay    Time   Description
---------------------------------------------------------
   0.00    0.00   clock spi_clk (rise edge)
   0.00    0.00   clock network delay (ideal)
   0.00    0.00 ^ _111071_/CK (DFFR_X1)
   0.08    0.08 v _111071_/Q (DFFR_X1)
   0.00    0.08 v _111068_/D (DFFR_X1)
           0.08   data arrival time

   0.00    0.00   clock spi_clk (rise edge)
   0.00    0.00   clock network delay (ideal)
   0.00    0.00   clock reconvergence pessimism
           0.00 ^ _111068_/CK (DFFR_X1)
   0.00    0.00   library hold time
           0.00   data required time
---------------------------------------------------------
           0.00   data required time
          -0.08   data arrival time
---------------------------------------------------------
           0.08   slack (MET)


Startpoint: _125944_ (rising edge-triggered flip-flop clocked by spi_clk)
Endpoint: mosi_o (output port clocked by spi_clk)
Path Group: spi_clk
Path Type: min

  Delay    Time   Description
---------------------------------------------------------
   0.00    0.00   clock spi_clk (rise edge)
   0.00    0.00   clock network delay (ideal)
   0.00    0.00 ^ _125944_/CK (DFF_X1)
   0.08    0.08 v _125944_/Q (DFF_X1)
   0.00    0.08 v mosi_o (out)
           0.08   data arrival time

   0.00    0.00   clock spi_clk (rise edge)
   0.00    0.00   clock network delay (ideal)
   0.00    0.00   clock reconvergence pessimism
   0.00    0.00   output external delay
           0.00   data required time
---------------------------------------------------------
           0.00   data required time
          -0.08   data arrival time
---------------------------------------------------------
           0.08   slack (MET)


Startpoint: _125913_ (rising edge-triggered flip-flop clocked by spi_clk)
Endpoint: _125913_ (rising edge-triggered flip-flop clocked by spi_clk)
Path Group: spi_clk
Path Type: min

  Delay    Time   Description
---------------------------------------------------------
   0.00    0.00   clock spi_clk (rise edge)
   0.00    0.00   clock network delay (ideal)
   0.00    0.00 ^ _125913_/CK (DFFR_X1)
   0.06    0.06 v _125913_/QN (DFFR_X1)
   0.01    0.08 ^ _065351_/ZN (INV_X1)
   0.01    0.09 v _065450_/ZN (OAI21_X1)
   0.00    0.09 v _125913_/D (DFFR_X1)
           0.09   data arrival time

   0.00    0.00   clock spi_clk (rise edge)
   0.00    0.00   clock network delay (ideal)
   0.00    0.00   clock reconvergence pessimism
           0.00 ^ _125913_/CK (DFFR_X1)
   0.00    0.00   library hold time
           0.00   data required time
---------------------------------------------------------
           0.00   data required time
          -0.09   data arrival time
---------------------------------------------------------
           0.09   slack (MET)


Startpoint: _125919_ (rising edge-triggered flip-flop clocked by spi_clk)
Endpoint: _125919_ (rising edge-triggered flip-flop clocked by spi_clk)
Path Group: spi_clk
Path Type: min

  Delay    Time   Description
---------------------------------------------------------
   0.00    0.00   clock spi_clk (rise edge)
   0.00    0.00   clock network delay (ideal)
   0.00    0.00 ^ _125919_/CK (DFFR_X1)
   0.06    0.06 v _125919_/QN (DFFR_X1)
   0.01    0.08 ^ _065354_/ZN (INV_X1)
   0.01    0.09 v _065453_/ZN (OAI22_X1)
   0.00    0.09 v _125919_/D (DFFR_X1)
           0.09   data arrival time

   0.00    0.00   clock spi_clk (rise edge)
   0.00    0.00   clock network delay (ideal)
   0.00    0.00   clock reconvergence pessimism
           0.00 ^ _125919_/CK (DFFR_X1)
   0.00    0.00   library hold time
           0.00   data required time
---------------------------------------------------------
           0.00   data required time
          -0.09   data arrival time
---------------------------------------------------------
           0.09   slack (MET)


Startpoint: _111024_ (rising edge-triggered flip-flop clocked by spi_clk)
Endpoint: _111024_ (rising edge-triggered flip-flop clocked by spi_clk)
Path Group: spi_clk
Path Type: min

  Delay    Time   Description
---------------------------------------------------------
   0.00    0.00   clock spi_clk (rise edge)
   0.00    0.00   clock network delay (ideal)
   0.00    0.00 ^ _111024_/CK (DFF_X1)
   0.06    0.06 ^ _111024_/QN (DFF_X1)
   0.01    0.07 v _104934_/ZN (NOR2_X1)
   0.03    0.10 ^ _104935_/ZN (AOI21_X1)
   0.00    0.10 ^ _111024_/D (DFF_X1)
           0.10   data arrival time

   0.00    0.00   clock spi_clk (rise edge)
   0.00    0.00   clock network delay (ideal)
   0.00    0.00   clock reconvergence pessimism
           0.00 ^ _111024_/CK (DFF_X1)
   0.01    0.01   library hold time
           0.01   data required time
---------------------------------------------------------
           0.01   data required time
          -0.10   data arrival time
---------------------------------------------------------
           0.09   slack (MET)


Startpoint: spi_rst (input port clocked by spi_clk)
Endpoint: _125688_ (rising edge-triggered flip-flop clocked by spi_div16)
Path Group: spi_div16
Path Type: min

  Delay    Time   Description
---------------------------------------------------------
   0.00    0.00   clock spi_clk (rise edge)
   0.00    0.00   clock network delay (ideal)
   0.00    0.00 ^ input external delay
   0.00    0.00 ^ spi_rst (in)
   0.00    0.00 v _110458_/ZN (NOR2_X1)
   0.00    0.00 v _125688_/D (DFF_X1)
           0.00   data arrival time

   0.00    0.00   clock spi_div16 (rise edge)
   0.00    0.00   clock network delay (ideal)
   0.00    0.00   clock reconvergence pessimism
           0.00 ^ _125688_/CK (DFF_X1)
   0.00    0.00   library hold time
           0.00   data required time
---------------------------------------------------------
           0.00   data required time
          -0.00   data arrival time
---------------------------------------------------------
           0.00   slack (MET)


Startpoint: spi_rst (input port clocked by spi_clk)
Endpoint: _125683_ (rising edge-triggered flip-flop clocked by spi_div16)
Path Group: spi_div16
Path Type: min

  Delay    Time   Description
---------------------------------------------------------
   0.00    0.00   clock spi_clk (rise edge)
   0.00    0.00   clock network delay (ideal)
   0.00    0.00 ^ input external delay
   0.00    0.00 ^ spi_rst (in)
   0.00    0.00 v _075378_/ZN (NOR3_X1)
   0.00    0.00 v _125683_/D (DFF_X1)
           0.00   data arrival time

   0.00    0.00   clock spi_div16 (rise edge)
   0.00    0.00   clock network delay (ideal)
   0.00    0.00   clock reconvergence pessimism
           0.00 ^ _125683_/CK (DFF_X1)
   0.00    0.00   library hold time
           0.00   data required time
---------------------------------------------------------
           0.00   data required time
          -0.00   data arrival time
---------------------------------------------------------
           0.00   slack (MET)


Startpoint: spi_rst (input port clocked by spi_clk)
Endpoint: _125682_ (rising edge-triggered flip-flop clocked by spi_div16)
Path Group: spi_div16
Path Type: min

  Delay    Time   Description
---------------------------------------------------------
   0.00    0.00   clock spi_clk (rise edge)
   0.00    0.00   clock network delay (ideal)
   0.00    0.00 ^ input external delay
   0.00    0.00 ^ spi_rst (in)
   0.01    0.01 v _075282_/ZN (NOR2_X1)
   0.02    0.03 ^ _075379_/ZN (NOR2_X1)
   0.01    0.04 v _075380_/ZN (AOI21_X1)
   0.00    0.04 v _125682_/D (DFF_X1)
           0.04   data arrival time

   0.00    0.00   clock spi_div16 (rise edge)
   0.00    0.00   clock network delay (ideal)
   0.00    0.00   clock reconvergence pessimism
           0.00 ^ _125682_/CK (DFF_X1)
   0.00    0.00   library hold time
           0.00   data required time
---------------------------------------------------------
           0.00   data required time
          -0.04   data arrival time
---------------------------------------------------------
           0.04   slack (MET)


Startpoint: _125681_ (rising edge-triggered flip-flop clocked by spi_div16)
Endpoint: _125681_ (rising edge-triggered flip-flop clocked by spi_div16)
Path Group: spi_div16
Path Type: min

  Delay    Time   Description
---------------------------------------------------------
   0.00    0.00   clock spi_div16 (rise edge)
   0.00    0.00   clock network delay (ideal)
   0.00    0.00 ^ _125681_/CK (DFF_X1)
   0.06    0.06 ^ _125681_/QN (DFF_X1)
   0.03    0.09 ^ _075381_/ZN (AND2_X1)
   0.00    0.09 ^ _125681_/D (DFF_X1)
           0.09   data arrival time

   0.00    0.00   clock spi_div16 (rise edge)
   0.00    0.00   clock network delay (ideal)
   0.00    0.00   clock reconvergence pessimism
           0.00 ^ _125681_/CK (DFF_X1)
   0.01    0.01   library hold time
           0.01   data required time
---------------------------------------------------------
           0.01   data required time
          -0.09   data arrival time
---------------------------------------------------------
           0.08   slack (MET)


Startpoint: spi_rst (input port clocked by spi_clk)
Endpoint: _125686_ (rising edge-triggered flip-flop clocked by spi_div16)
Path Group: spi_div16
Path Type: min

  Delay    Time   Description
---------------------------------------------------------
   0.00    0.00   clock spi_clk (rise edge)
   0.00    0.00   clock network delay (ideal)
   0.00    0.00 ^ input external delay
   0.00    0.00 ^ spi_rst (in)
   0.05    0.05 v _064495_/ZN (INV_X1)
   0.03    0.09 ^ _075371_/ZN (OAI21_X1)
   0.01    0.10 v _075372_/ZN (NOR2_X1)
   0.00    0.10 v _125686_/D (DFF_X1)
           0.10   data arrival time

   0.00    0.00   clock spi_div16 (rise edge)
   0.00    0.00   clock network delay (ideal)
   0.00    0.00   clock reconvergence pessimism
           0.00 ^ _125686_/CK (DFF_X1)
   0.00    0.00   library hold time
           0.00   data required time
---------------------------------------------------------
           0.00   data required time
          -0.10   data arrival time
---------------------------------------------------------
           0.10   slack (MET)


Startpoint: spi_rst (input port clocked by spi_clk)
Endpoint: _125684_ (rising edge-triggered flip-flop clocked by spi_div16)
Path Group: spi_div16
Path Type: min

  Delay    Time   Description
---------------------------------------------------------
   0.00    0.00   clock spi_clk (rise edge)
   0.00    0.00   clock network delay (ideal)
   0.00    0.00 ^ input external delay
   0.00    0.00 ^ spi_rst (in)
   0.05    0.05 v _064495_/ZN (INV_X1)
   0.03    0.09 ^ _075375_/ZN (OAI21_X1)
   0.01    0.10 v _075376_/ZN (NOR2_X1)
   0.00    0.10 v _125684_/D (DFF_X1)
           0.10   data arrival time

   0.00    0.00   clock spi_div16 (rise edge)
   0.00    0.00   clock network delay (ideal)
   0.00    0.00   clock reconvergence pessimism
           0.00 ^ _125684_/CK (DFF_X1)
   0.00    0.00   library hold time
           0.00   data required time
---------------------------------------------------------
           0.00   data required time
          -0.10   data arrival time
---------------------------------------------------------
           0.10   slack (MET)


Startpoint: spi_rst (input port clocked by spi_clk)
Endpoint: _125685_ (rising edge-triggered flip-flop clocked by spi_div16)
Path Group: spi_div16
Path Type: min

  Delay    Time   Description
---------------------------------------------------------
   0.00    0.00   clock spi_clk (rise edge)
   0.00    0.00   clock network delay (ideal)
   0.00    0.00 ^ input external delay
   0.00    0.00 ^ spi_rst (in)
   0.05    0.05 v _064495_/ZN (INV_X1)
   0.03    0.09 ^ _075373_/ZN (OAI21_X1)
   0.01    0.10 v _075374_/ZN (NOR2_X1)
   0.00    0.10 v _125685_/D (DFF_X1)
           0.10   data arrival time

   0.00    0.00   clock spi_div16 (rise edge)
   0.00    0.00   clock network delay (ideal)
   0.00    0.00   clock reconvergence pessimism
           0.00 ^ _125685_/CK (DFF_X1)
   0.00    0.00   library hold time
           0.00   data required time
---------------------------------------------------------
           0.00   data required time
          -0.10   data arrival time
---------------------------------------------------------
           0.10   slack (MET)


Startpoint: spi_rst (input port clocked by spi_clk)
Endpoint: _125687_ (rising edge-triggered flip-flop clocked by spi_div16)
Path Group: spi_div16
Path Type: min

  Delay    Time   Description
---------------------------------------------------------
   0.00    0.00   clock spi_clk (rise edge)
   0.00    0.00   clock network delay (ideal)
   0.00    0.00 ^ input external delay
   0.00    0.00 ^ spi_rst (in)
   0.05    0.05 v _064495_/ZN (INV_X1)
   0.03    0.09 ^ _075369_/ZN (OAI21_X1)
   0.01    0.10 v _075370_/ZN (AOI21_X1)
   0.00    0.10 v _125687_/D (DFF_X1)
           0.10   data arrival time

   0.00    0.00   clock spi_div16 (rise edge)
   0.00    0.00   clock network delay (ideal)
   0.00    0.00   clock reconvergence pessimism
           0.00 ^ _125687_/CK (DFF_X1)
   0.00    0.00   library hold time
           0.00   data required time
---------------------------------------------------------
           0.00   data required time
          -0.10   data arrival time
---------------------------------------------------------
           0.10   slack (MET)


Startpoint: uart_rst (input port clocked by uart_clk)
Endpoint: _125569_ (rising edge-triggered flip-flop clocked by uart_clk)
Path Group: uart_clk
Path Type: min

  Delay    Time   Description
---------------------------------------------------------
   0.00    0.00   clock uart_clk (rise edge)
   0.00    0.00   clock network delay (ideal)
   0.00    0.00 ^ input external delay
   0.00    0.00 ^ uart_rst (in)
   0.00    0.00 v _075611_/ZN (NOR2_X1)
   0.00    0.00 v _125569_/D (DFF_X1)
           0.00   data arrival time

   0.00    0.00   clock uart_clk (rise edge)
   0.00    0.00   clock network delay (ideal)
   0.00    0.00   clock reconvergence pessimism
           0.00 ^ _125569_/CK (DFF_X1)
   0.00    0.00   library hold time
           0.00   data required time
---------------------------------------------------------
           0.00   data required time
          -0.00   data arrival time
---------------------------------------------------------
           0.00   slack (MET)


Startpoint: uart_rst (input port clocked by uart_clk)
Endpoint: _125574_ (rising edge-triggered flip-flop clocked by uart_clk)
Path Group: uart_clk
Path Type: min

  Delay    Time   Description
---------------------------------------------------------
   0.00    0.00   clock uart_clk (rise edge)
   0.00    0.00   clock network delay (ideal)
   0.00    0.00 ^ input external delay
   0.00    0.00 ^ uart_rst (in)
   0.00    0.00 v _109691_/ZN (NOR2_X1)
   0.00    0.00 v _125574_/D (DFF_X1)
           0.00   data arrival time

   0.00    0.00   clock uart_clk (rise edge)
   0.00    0.00   clock network delay (ideal)
   0.00    0.00   clock reconvergence pessimism
           0.00 ^ _125574_/CK (DFF_X1)
   0.00    0.00   library hold time
           0.00   data required time
---------------------------------------------------------
           0.00   data required time
          -0.00   data arrival time
---------------------------------------------------------
           0.00   slack (MET)


Startpoint: uart_rst (input port clocked by uart_clk)
Endpoint: _125636_ (rising edge-triggered flip-flop clocked by uart_clk)
Path Group: uart_clk
Path Type: min

  Delay    Time   Description
---------------------------------------------------------
   0.00    0.00   clock uart_clk (rise edge)
   0.00    0.00   clock network delay (ideal)
   0.00    0.00 ^ input external delay
   0.00    0.00 ^ uart_rst (in)
   0.00    0.00 v _110281_/ZN (NOR2_X1)
   0.00    0.00 v _125636_/D (DFF_X1)
           0.00   data arrival time

   0.00    0.00   clock uart_clk (rise edge)
   0.00    0.00   clock network delay (ideal)
   0.00    0.00   clock reconvergence pessimism
           0.00 ^ _125636_/CK (DFF_X1)
   0.00    0.00   library hold time
           0.00   data required time
---------------------------------------------------------
           0.00   data required time
          -0.00   data arrival time
---------------------------------------------------------
           0.00   slack (MET)


Startpoint: uart_rst (input port clocked by uart_clk)
Endpoint: _125673_ (rising edge-triggered flip-flop clocked by uart_clk)
Path Group: uart_clk
Path Type: min

  Delay    Time   Description
---------------------------------------------------------
   0.00    0.00   clock uart_clk (rise edge)
   0.00    0.00   clock network delay (ideal)
   0.00    0.00 ^ input external delay
   0.00    0.00 ^ uart_rst (in)
   0.00    0.00 v _075409_/ZN (NOR2_X1)
   0.00    0.00 v _125673_/D (DFF_X1)
           0.00   data arrival time

   0.00    0.00   clock uart_clk (rise edge)
   0.00    0.00   clock network delay (ideal)
   0.00    0.00   clock reconvergence pessimism
           0.00 ^ _125673_/CK (DFF_X1)
   0.00    0.00   library hold time
           0.00   data required time
---------------------------------------------------------
           0.00   data required time
          -0.00   data arrival time
---------------------------------------------------------
           0.00   slack (MET)


Startpoint: uart_rst (input port clocked by uart_clk)
Endpoint: _125674_ (rising edge-triggered flip-flop clocked by uart_clk)
Path Group: uart_clk
Path Type: min

  Delay    Time   Description
---------------------------------------------------------
   0.00    0.00   clock uart_clk (rise edge)
   0.00    0.00   clock network delay (ideal)
   0.00    0.00 ^ input external delay
   0.00    0.00 ^ uart_rst (in)
   0.00    0.00 v _075402_/ZN (NOR2_X1)
   0.00    0.00 v _125674_/D (DFF_X1)
           0.00   data arrival time

   0.00    0.00   clock uart_clk (rise edge)
   0.00    0.00   clock network delay (ideal)
   0.00    0.00   clock reconvergence pessimism
           0.00 ^ _125674_/CK (DFF_X1)
   0.00    0.00   library hold time
           0.00   data required time
---------------------------------------------------------
           0.00   data required time
          -0.00   data arrival time
---------------------------------------------------------
           0.00   slack (MET)


Startpoint: uart_rst (input port clocked by uart_clk)
Endpoint: _125557_ (rising edge-triggered flip-flop clocked by uart_clk)
Path Group: uart_clk
Path Type: min

  Delay    Time   Description
---------------------------------------------------------
   0.00    0.00   clock uart_clk (rise edge)
   0.00    0.00   clock network delay (ideal)
   0.00    0.00 ^ input external delay
   0.00    0.00 ^ uart_rst (in)
   0.00    0.00 v _110300_/ZN (NOR3_X1)
   0.00    0.00 v _125557_/D (DFF_X1)
           0.00   data arrival time

   0.00    0.00   clock uart_clk (rise edge)
   0.00    0.00   clock network delay (ideal)
   0.00    0.00   clock reconvergence pessimism
           0.00 ^ _125557_/CK (DFF_X1)
   0.00    0.00   library hold time
           0.00   data required time
---------------------------------------------------------
           0.00   data required time
          -0.00   data arrival time
---------------------------------------------------------
           0.00   slack (MET)


Startpoint: uart_rst (input port clocked by uart_clk)
Endpoint: _125568_ (rising edge-triggered flip-flop clocked by uart_clk)
Path Group: uart_clk
Path Type: min

  Delay    Time   Description
---------------------------------------------------------
   0.00    0.00   clock uart_clk (rise edge)
   0.00    0.00   clock network delay (ideal)
   0.00    0.00 ^ input external delay
   0.00    0.00 ^ uart_rst (in)
   0.01    0.01 v _075612_/ZN (NOR2_X1)
   0.00    0.01 v _125568_/D (DFF_X1)
           0.01   data arrival time

   0.00    0.00   clock uart_clk (rise edge)
   0.00    0.00   clock network delay (ideal)
   0.00    0.00   clock reconvergence pessimism
           0.00 ^ _125568_/CK (DFF_X1)
   0.00    0.00   library hold time
           0.00   data required time
---------------------------------------------------------
           0.00   data required time
          -0.01   data arrival time
---------------------------------------------------------
           0.00   slack (MET)


Startpoint: uart_rst (input port clocked by uart_clk)
Endpoint: _125652_ (rising edge-triggered flip-flop clocked by uart_clk)
Path Group: uart_clk
Path Type: min

  Delay    Time   Description
---------------------------------------------------------
   0.00    0.00   clock uart_clk (rise edge)
   0.00    0.00   clock network delay (ideal)
   0.00    0.00 ^ input external delay
   0.00    0.00 ^ uart_rst (in)
   0.01    0.01 v _075469_/ZN (AOI21_X1)
   0.00    0.01 v _125652_/D (DFF_X1)
           0.01   data arrival time

   0.00    0.00   clock uart_clk (rise edge)
   0.00    0.00   clock network delay (ideal)
   0.00    0.00   clock reconvergence pessimism
           0.00 ^ _125652_/CK (DFF_X1)
   0.00    0.00   library hold time
           0.00   data required time
---------------------------------------------------------
           0.00   data required time
          -0.01   data arrival time
---------------------------------------------------------
           0.00   slack (MET)


Startpoint: uart_rst (input port clocked by uart_clk)
Endpoint: _125653_ (rising edge-triggered flip-flop clocked by uart_clk)
Path Group: uart_clk
Path Type: min

  Delay    Time   Description
---------------------------------------------------------
   0.00    0.00   clock uart_clk (rise edge)
   0.00    0.00   clock network delay (ideal)
   0.00    0.00 ^ input external delay
   0.00    0.00 ^ uart_rst (in)
   0.01    0.01 v _109981_/ZN (AOI21_X1)
   0.00    0.01 v _125653_/D (DFF_X1)
           0.01   data arrival time

   0.00    0.00   clock uart_clk (rise edge)
   0.00    0.00   clock network delay (ideal)
   0.00    0.00   clock reconvergence pessimism
           0.00 ^ _125653_/CK (DFF_X1)
   0.00    0.00   library hold time
           0.00   data required time
---------------------------------------------------------
           0.00   data required time
          -0.01   data arrival time
---------------------------------------------------------
           0.00   slack (MET)


Startpoint: uart_rst (input port clocked by uart_clk)
Endpoint: _125654_ (rising edge-triggered flip-flop clocked by uart_clk)
Path Group: uart_clk
Path Type: min

  Delay    Time   Description
---------------------------------------------------------
   0.00    0.00   clock uart_clk (rise edge)
   0.00    0.00   clock network delay (ideal)
   0.00    0.00 ^ input external delay
   0.00    0.00 ^ uart_rst (in)
   0.01    0.01 v _110660_/ZN (AOI21_X1)
   0.00    0.01 v _125654_/D (DFF_X1)
           0.01   data arrival time

   0.00    0.00   clock uart_clk (rise edge)
   0.00    0.00   clock network delay (ideal)
   0.00    0.00   clock reconvergence pessimism
           0.00 ^ _125654_/CK (DFF_X1)
   0.00    0.00   library hold time
           0.00   data required time
---------------------------------------------------------
           0.00   data required time
          -0.01   data arrival time
---------------------------------------------------------
           0.00   slack (MET)


Startpoint: uart_rst (input port clocked by uart_clk)
Endpoint: _125567_ (rising edge-triggered flip-flop clocked by uart_clk)
Path Group: uart_clk
Path Type: min

  Delay    Time   Description
---------------------------------------------------------
   0.00    0.00   clock uart_clk (rise edge)
   0.00    0.00   clock network delay (ideal)
   0.00    0.00 ^ input external delay
   0.00    0.00 ^ uart_rst (in)
   0.01    0.01 v _075613_/ZN (NOR2_X1)
   0.00    0.01 v _125567_/D (DFF_X1)
           0.01   data arrival time

   0.00    0.00   clock uart_clk (rise edge)
   0.00    0.00   clock network delay (ideal)
   0.00    0.00   clock reconvergence pessimism
           0.00 ^ _125567_/CK (DFF_X1)
   0.00    0.00   library hold time
           0.00   data required time
---------------------------------------------------------
           0.00   data required time
          -0.01   data arrival time
---------------------------------------------------------
           0.00   slack (MET)


Startpoint: uart_rst (input port clocked by uart_clk)
Endpoint: _125558_ (rising edge-triggered flip-flop clocked by uart_clk)
Path Group: uart_clk
Path Type: min

  Delay    Time   Description
---------------------------------------------------------
   0.00    0.00   clock uart_clk (rise edge)
   0.00    0.00   clock network delay (ideal)
   0.00    0.00 ^ input external delay
   0.00    0.00 ^ uart_rst (in)
   0.01    0.01 v _110297_/ZN (AOI211_X1)
   0.00    0.01 v _125558_/D (DFF_X1)
           0.01   data arrival time

   0.00    0.00   clock uart_clk (rise edge)
   0.00    0.00   clock network delay (ideal)
   0.00    0.00   clock reconvergence pessimism
           0.00 ^ _125558_/CK (DFF_X1)
   0.00    0.00   library hold time
           0.00   data required time
---------------------------------------------------------
           0.00   data required time
          -0.01   data arrival time
---------------------------------------------------------
           0.00   slack (MET)


Startpoint: uart_rst (input port clocked by uart_clk)
Endpoint: _125647_ (rising edge-triggered flip-flop clocked by uart_clk)
Path Group: uart_clk
Path Type: min

  Delay    Time   Description
---------------------------------------------------------
   0.00    0.00   clock uart_clk (rise edge)
   0.00    0.00   clock network delay (ideal)
   0.00    0.00 ^ input external delay
   0.00    0.00 ^ uart_rst (in)
   0.01    0.01 v _075489_/ZN (AOI211_X1)
   0.00    0.01 v _125647_/D (DFF_X1)
           0.01   data arrival time

   0.00    0.00   clock uart_clk (rise edge)
   0.00    0.00   clock network delay (ideal)
   0.00    0.00   clock reconvergence pessimism
           0.00 ^ _125647_/CK (DFF_X1)
   0.00    0.00   library hold time
           0.00   data required time
---------------------------------------------------------
           0.00   data required time
          -0.01   data arrival time
---------------------------------------------------------
           0.00   slack (MET)


Startpoint: uart_rst (input port clocked by uart_clk)
Endpoint: _125649_ (rising edge-triggered flip-flop clocked by uart_clk)
Path Group: uart_clk
Path Type: min

  Delay    Time   Description
---------------------------------------------------------
   0.00    0.00   clock uart_clk (rise edge)
   0.00    0.00   clock network delay (ideal)
   0.00    0.00 ^ input external delay
   0.00    0.00 ^ uart_rst (in)
   0.01    0.01 v _075482_/ZN (AOI211_X1)
   0.00    0.01 v _125649_/D (DFF_X1)
           0.01   data arrival time

   0.00    0.00   clock uart_clk (rise edge)
   0.00    0.00   clock network delay (ideal)
   0.00    0.00   clock reconvergence pessimism
           0.00 ^ _125649_/CK (DFF_X1)
   0.00    0.00   library hold time
           0.00   data required time
---------------------------------------------------------
           0.00   data required time
          -0.01   data arrival time
---------------------------------------------------------
           0.00   slack (MET)


Startpoint: uart_rst (input port clocked by uart_clk)
Endpoint: _125651_ (rising edge-triggered flip-flop clocked by uart_clk)
Path Group: uart_clk
Path Type: min

  Delay    Time   Description
---------------------------------------------------------
   0.00    0.00   clock uart_clk (rise edge)
   0.00    0.00   clock network delay (ideal)
   0.00    0.00 ^ input external delay
   0.00    0.00 ^ uart_rst (in)
   0.01    0.01 v _075474_/ZN (AOI211_X1)
   0.00    0.01 v _125651_/D (DFF_X1)
           0.01   data arrival time

   0.00    0.00   clock uart_clk (rise edge)
   0.00    0.00   clock network delay (ideal)
   0.00    0.00   clock reconvergence pessimism
           0.00 ^ _125651_/CK (DFF_X1)
   0.00    0.00   library hold time
           0.00   data required time
---------------------------------------------------------
           0.00   data required time
          -0.01   data arrival time
---------------------------------------------------------
           0.00   slack (MET)


Startpoint: uart_rst (input port clocked by uart_clk)
Endpoint: _125690_ (rising edge-triggered flip-flop clocked by uart_clk)
Path Group: uart_clk
Path Type: min

  Delay    Time   Description
---------------------------------------------------------
   0.00    0.00   clock uart_clk (rise edge)
   0.00    0.00   clock network delay (ideal)
   0.00    0.00 ^ input external delay
   0.00    0.00 ^ uart_rst (in)
   0.01    0.01 v _075361_/ZN (AOI211_X1)
   0.00    0.01 v _125690_/D (DFF_X1)
           0.01   data arrival time

   0.00    0.00   clock uart_clk (rise edge)
   0.00    0.00   clock network delay (ideal)
   0.00    0.00   clock reconvergence pessimism
           0.00 ^ _125690_/CK (DFF_X1)
   0.00    0.00   library hold time
           0.00   data required time
---------------------------------------------------------
           0.00   data required time
          -0.01   data arrival time
---------------------------------------------------------
           0.00   slack (MET)


Startpoint: uart_rst (input port clocked by uart_clk)
Endpoint: _125691_ (rising edge-triggered flip-flop clocked by uart_clk)
Path Group: uart_clk
Path Type: min

  Delay    Time   Description
---------------------------------------------------------
   0.00    0.00   clock uart_clk (rise edge)
   0.00    0.00   clock network delay (ideal)
   0.00    0.00 ^ input external delay
   0.00    0.00 ^ uart_rst (in)
   0.01    0.01 v _075359_/ZN (AOI211_X1)
   0.00    0.01 v _125691_/D (DFF_X1)
           0.01   data arrival time

   0.00    0.00   clock uart_clk (rise edge)
   0.00    0.00   clock network delay (ideal)
   0.00    0.00   clock reconvergence pessimism
           0.00 ^ _125691_/CK (DFF_X1)
   0.00    0.00   library hold time
           0.00   data required time
---------------------------------------------------------
           0.00   data required time
          -0.01   data arrival time
---------------------------------------------------------
           0.00   slack (MET)


Startpoint: uart_rst (input port clocked by uart_clk)
Endpoint: _125692_ (rising edge-triggered flip-flop clocked by uart_clk)
Path Group: uart_clk
Path Type: min

  Delay    Time   Description
---------------------------------------------------------
   0.00    0.00   clock uart_clk (rise edge)
   0.00    0.00   clock network delay (ideal)
   0.00    0.00 ^ input external delay
   0.00    0.00 ^ uart_rst (in)
   0.01    0.01 v _075357_/ZN (AOI211_X1)
   0.00    0.01 v _125692_/D (DFF_X1)
           0.01   data arrival time

   0.00    0.00   clock uart_clk (rise edge)
   0.00    0.00   clock network delay (ideal)
   0.00    0.00   clock reconvergence pessimism
           0.00 ^ _125692_/CK (DFF_X1)
   0.00    0.00   library hold time
           0.00   data required time
---------------------------------------------------------
           0.00   data required time
          -0.01   data arrival time
---------------------------------------------------------
           0.00   slack (MET)


Startpoint: uart_rst (input port clocked by uart_clk)
Endpoint: _125693_ (rising edge-triggered flip-flop clocked by uart_clk)
Path Group: uart_clk
Path Type: min

  Delay    Time   Description
---------------------------------------------------------
   0.00    0.00   clock uart_clk (rise edge)
   0.00    0.00   clock network delay (ideal)
   0.00    0.00 ^ input external delay
   0.00    0.00 ^ uart_rst (in)
   0.01    0.01 v _075355_/ZN (AOI211_X1)
   0.00    0.01 v _125693_/D (DFF_X1)
           0.01   data arrival time

   0.00    0.00   clock uart_clk (rise edge)
   0.00    0.00   clock network delay (ideal)
   0.00    0.00   clock reconvergence pessimism
           0.00 ^ _125693_/CK (DFF_X1)
   0.00    0.00   library hold time
           0.00   data required time
---------------------------------------------------------
           0.00   data required time
          -0.01   data arrival time
---------------------------------------------------------
           0.00   slack (MET)


Startpoint: uart_rst (input port clocked by uart_clk)
Endpoint: _125694_ (rising edge-triggered flip-flop clocked by uart_clk)
Path Group: uart_clk
Path Type: min

  Delay    Time   Description
---------------------------------------------------------
   0.00    0.00   clock uart_clk (rise edge)
   0.00    0.00   clock network delay (ideal)
   0.00    0.00 ^ input external delay
   0.00    0.00 ^ uart_rst (in)
   0.01    0.01 v _075353_/ZN (AOI211_X1)
   0.00    0.01 v _125694_/D (DFF_X1)
           0.01   data arrival time

   0.00    0.00   clock uart_clk (rise edge)
   0.00    0.00   clock network delay (ideal)
   0.00    0.00   clock reconvergence pessimism
           0.00 ^ _125694_/CK (DFF_X1)
   0.00    0.00   library hold time
           0.00   data required time
---------------------------------------------------------
           0.00   data required time
          -0.01   data arrival time
---------------------------------------------------------
           0.00   slack (MET)


Startpoint: uart_rst (input port clocked by uart_clk)
Endpoint: _125566_ (rising edge-triggered flip-flop clocked by uart_div4)
Path Group: uart_div4
Path Type: min

  Delay    Time   Description
---------------------------------------------------------
   0.00    0.00   clock uart_clk (rise edge)
   0.00    0.00   clock network delay (ideal)
   0.00    0.00 ^ input external delay
   0.00    0.00 ^ uart_rst (in)
   0.00    0.00 v _109712_/ZN (NOR2_X1)
   0.00    0.00 v _125566_/D (DFF_X1)
           0.00   data arrival time

   0.00    0.00   clock uart_div4 (rise edge)
   0.00    0.00   clock network delay (ideal)
   0.00    0.00   clock reconvergence pessimism
           0.00 ^ _125566_/CK (DFF_X1)
   0.00    0.00   library hold time
           0.00   data required time
---------------------------------------------------------
           0.00   data required time
          -0.00   data arrival time
---------------------------------------------------------
           0.00   slack (MET)


Startpoint: uart_rst (input port clocked by uart_clk)
Endpoint: _125561_ (rising edge-triggered flip-flop clocked by uart_div4)
Path Group: uart_div4
Path Type: min

  Delay    Time   Description
---------------------------------------------------------
   0.00    0.00   clock uart_clk (rise edge)
   0.00    0.00   clock network delay (ideal)
   0.00    0.00 ^ input external delay
   0.00    0.00 ^ uart_rst (in)
   0.00    0.00 v _075628_/ZN (NOR3_X1)
   0.00    0.00 v _125561_/D (DFF_X1)
           0.00   data arrival time

   0.00    0.00   clock uart_div4 (rise edge)
   0.00    0.00   clock network delay (ideal)
   0.00    0.00   clock reconvergence pessimism
           0.00 ^ _125561_/CK (DFF_X1)
   0.00    0.00   library hold time
           0.00   data required time
---------------------------------------------------------
           0.00   data required time
          -0.00   data arrival time
---------------------------------------------------------
           0.00   slack (MET)


Startpoint: uart_rst (input port clocked by uart_clk)
Endpoint: _125560_ (rising edge-triggered flip-flop clocked by uart_div4)
Path Group: uart_div4
Path Type: min

  Delay    Time   Description
---------------------------------------------------------
   0.00    0.00   clock uart_clk (rise edge)
   0.00    0.00   clock network delay (ideal)
   0.00    0.00 ^ input external delay
   0.00    0.00 ^ uart_rst (in)
   0.01    0.01 v _075612_/ZN (NOR2_X1)
   0.02    0.03 ^ _075629_/ZN (NOR2_X1)
   0.01    0.04 v _075630_/ZN (AOI21_X1)
   0.00    0.04 v _125560_/D (DFF_X1)
           0.04   data arrival time

   0.00    0.00   clock uart_div4 (rise edge)
   0.00    0.00   clock network delay (ideal)
   0.00    0.00   clock reconvergence pessimism
           0.00 ^ _125560_/CK (DFF_X1)
   0.00    0.00   library hold time
           0.00   data required time
---------------------------------------------------------
           0.00   data required time
          -0.04   data arrival time
---------------------------------------------------------
           0.04   slack (MET)


Startpoint: _125559_ (rising edge-triggered flip-flop clocked by uart_div4)
Endpoint: _125559_ (rising edge-triggered flip-flop clocked by uart_div4)
Path Group: uart_div4
Path Type: min

  Delay    Time   Description
---------------------------------------------------------
   0.00    0.00   clock uart_div4 (rise edge)
   0.00    0.00   clock network delay (ideal)
   0.00    0.00 ^ _125559_/CK (DFF_X1)
   0.06    0.06 ^ _125559_/QN (DFF_X1)
   0.03    0.09 ^ _075631_/ZN (AND2_X1)
   0.00    0.09 ^ _125559_/D (DFF_X1)
           0.09   data arrival time

   0.00    0.00   clock uart_div4 (rise edge)
   0.00    0.00   clock network delay (ideal)
   0.00    0.00   clock reconvergence pessimism
           0.00 ^ _125559_/CK (DFF_X1)
   0.01    0.01   library hold time
           0.01   data required time
---------------------------------------------------------
           0.01   data required time
          -0.09   data arrival time
---------------------------------------------------------
           0.08   slack (MET)


Startpoint: uart_rst (input port clocked by uart_clk)
Endpoint: _125564_ (rising edge-triggered flip-flop clocked by uart_div4)
Path Group: uart_div4
Path Type: min

  Delay    Time   Description
---------------------------------------------------------
   0.00    0.00   clock uart_clk (rise edge)
   0.00    0.00   clock network delay (ideal)
   0.00    0.00 ^ input external delay
   0.00    0.00 ^ uart_rst (in)
   0.05    0.05 v _063566_/ZN (INV_X1)
   0.03    0.08 ^ _075621_/ZN (OAI21_X1)
   0.01    0.09 v _075622_/ZN (NOR2_X1)
   0.00    0.09 v _125564_/D (DFF_X1)
           0.09   data arrival time

   0.00    0.00   clock uart_div4 (rise edge)
   0.00    0.00   clock network delay (ideal)
   0.00    0.00   clock reconvergence pessimism
           0.00 ^ _125564_/CK (DFF_X1)
   0.00    0.00   library hold time
           0.00   data required time
---------------------------------------------------------
           0.00   data required time
          -0.09   data arrival time
---------------------------------------------------------
           0.09   slack (MET)


Startpoint: uart_rst (input port clocked by uart_clk)
Endpoint: _125562_ (rising edge-triggered flip-flop clocked by uart_div4)
Path Group: uart_div4
Path Type: min

  Delay    Time   Description
---------------------------------------------------------
   0.00    0.00   clock uart_clk (rise edge)
   0.00    0.00   clock network delay (ideal)
   0.00    0.00 ^ input external delay
   0.00    0.00 ^ uart_rst (in)
   0.05    0.05 v _063566_/ZN (INV_X1)
   0.03    0.08 ^ _075625_/ZN (OAI21_X1)
   0.01    0.09 v _075626_/ZN (NOR2_X1)
   0.00    0.09 v _125562_/D (DFF_X1)
           0.09   data arrival time

   0.00    0.00   clock uart_div4 (rise edge)
   0.00    0.00   clock network delay (ideal)
   0.00    0.00   clock reconvergence pessimism
           0.00 ^ _125562_/CK (DFF_X1)
   0.00    0.00   library hold time
           0.00   data required time
---------------------------------------------------------
           0.00   data required time
          -0.09   data arrival time
---------------------------------------------------------
           0.09   slack (MET)


Startpoint: uart_rst (input port clocked by uart_clk)
Endpoint: _125563_ (rising edge-triggered flip-flop clocked by uart_div4)
Path Group: uart_div4
Path Type: min

  Delay    Time   Description
---------------------------------------------------------
   0.00    0.00   clock uart_clk (rise edge)
   0.00    0.00   clock network delay (ideal)
   0.00    0.00 ^ input external delay
   0.00    0.00 ^ uart_rst (in)
   0.05    0.05 v _063566_/ZN (INV_X1)
   0.03    0.08 ^ _075623_/ZN (OAI21_X1)
   0.01    0.09 v _075624_/ZN (NOR2_X1)
   0.00    0.09 v _125563_/D (DFF_X1)
           0.09   data arrival time

   0.00    0.00   clock uart_div4 (rise edge)
   0.00    0.00   clock network delay (ideal)
   0.00    0.00   clock reconvergence pessimism
           0.00 ^ _125563_/CK (DFF_X1)
   0.00    0.00   library hold time
           0.00   data required time
---------------------------------------------------------
           0.00   data required time
          -0.09   data arrival time
---------------------------------------------------------
           0.09   slack (MET)


Startpoint: uart_rst (input port clocked by uart_clk)
Endpoint: _125565_ (rising edge-triggered flip-flop clocked by uart_div4)
Path Group: uart_div4
Path Type: min

  Delay    Time   Description
---------------------------------------------------------
   0.00    0.00   clock uart_clk (rise edge)
   0.00    0.00   clock network delay (ideal)
   0.00    0.00 ^ input external delay
   0.00    0.00 ^ uart_rst (in)
   0.05    0.05 v _063566_/ZN (INV_X1)
   0.03    0.08 ^ _075619_/ZN (OAI21_X1)
   0.01    0.09 v _075620_/ZN (AOI21_X1)
   0.00    0.09 v _125565_/D (DFF_X1)
           0.09   data arrival time

   0.00    0.00   clock uart_div4 (rise edge)
   0.00    0.00   clock network delay (ideal)
   0.00    0.00   clock reconvergence pessimism
           0.00 ^ _125565_/CK (DFF_X1)
   0.00    0.00   library hold time
           0.00   data required time
---------------------------------------------------------
           0.00   data required time
          -0.09   data arrival time
---------------------------------------------------------
           0.09   slack (MET)


