Startpoint: spi_rst (input port clocked by spi_clk)
Endpoint: _125106_ (recovery check against rising-edge clock spi_clk)
Path Group: asynchronous
Path Type: max

  Delay    Time   Description
---------------------------------------------------------
   0.00    0.00   clock spi_clk (rise edge)
   0.00    0.00   clock network delay (ideal)
   0.00    0.00 v input external delay
   0.00    0.00 v spi_rst (in)
   0.11    0.11 ^ _064128_/ZN (INV_X1)
   0.00    0.11 ^ _125106_/RN (DFFR_X1)
           0.11   data arrival time

   0.62    0.62   clock spi_clk (rise edge)
   0.00    0.62   clock network delay (ideal)
   0.00    0.62   clock reconvergence pessimism
           0.62 ^ _125106_/CK (DFFR_X1)
   0.04    0.66   library recovery time
           0.66   data required time
---------------------------------------------------------
           0.66   data required time
          -0.11   data arrival time
---------------------------------------------------------
           0.54   slack (MET)


Startpoint: spi_rst (input port clocked by spi_clk)
Endpoint: _110265_ (recovery check against rising-edge clock spi_clk)
Path Group: asynchronous
Path Type: max

  Delay    Time   Description
---------------------------------------------------------
   0.00    0.00   clock spi_clk (rise edge)
   0.00    0.00   clock network delay (ideal)
   0.00    0.00 v input external delay
   0.00    0.00 v spi_rst (in)
   0.01    0.01 ^ _110042_/ZN (INV_X1)
   0.00    0.01 ^ _110265_/SN (DFFS_X1)
           0.01   data arrival time

   0.62    0.62   clock spi_clk (rise edge)
   0.00    0.62   clock network delay (ideal)
   0.00    0.62   clock reconvergence pessimism
           0.62 ^ _110265_/CK (DFFS_X1)
   0.04    0.66   library recovery time
           0.66   data required time
---------------------------------------------------------
           0.66   data required time
          -0.01   data arrival time
---------------------------------------------------------
           0.65   slack (MET)


Startpoint: spi_rst (input port clocked by spi_clk)
Endpoint: _110223_ (recovery check against rising-edge clock spi_clk)
Path Group: asynchronous
Path Type: max

  Delay    Time   Description
---------------------------------------------------------
   0.00    0.00   clock spi_clk (rise edge)
   0.00    0.00   clock network delay (ideal)
   0.00    0.00 v input external delay
   0.00    0.00 v spi_rst (in)
   0.01    0.01 ^ _110034_/ZN (INV_X1)
   0.00    0.01 ^ _110223_/RN (DFFR_X1)
           0.01   data arrival time

   0.62    0.62   clock spi_clk (rise edge)
   0.00    0.62   clock network delay (ideal)
   0.00    0.62   clock reconvergence pessimism
           0.62 ^ _110223_/CK (DFFR_X1)
   0.05    0.67   library recovery time
           0.67   data required time
---------------------------------------------------------
           0.67   data required time
          -0.01   data arrival time
---------------------------------------------------------
           0.66   slack (MET)


Startpoint: spi_rst (input port clocked by spi_clk)
Endpoint: _110224_ (recovery check against rising-edge clock spi_clk)
Path Group: asynchronous
Path Type: max

  Delay    Time   Description
---------------------------------------------------------
   0.00    0.00   clock spi_clk (rise edge)
   0.00    0.00   clock network delay (ideal)
   0.00    0.00 v input external delay
   0.00    0.00 v spi_rst (in)
   0.01    0.01 ^ _110033_/ZN (INV_X1)
   0.00    0.01 ^ _110224_/RN (DFFR_X1)
           0.01   data arrival time

   0.62    0.62   clock spi_clk (rise edge)
   0.00    0.62   clock network delay (ideal)
   0.00    0.62   clock reconvergence pessimism
           0.62 ^ _110224_/CK (DFFR_X1)
   0.05    0.67   library recovery time
           0.67   data required time
---------------------------------------------------------
           0.67   data required time
          -0.01   data arrival time
---------------------------------------------------------
           0.66   slack (MET)


Startpoint: spi_rst (input port clocked by spi_clk)
Endpoint: _110225_ (recovery check against rising-edge clock spi_clk)
Path Group: asynchronous
Path Type: max

  Delay    Time   Description
---------------------------------------------------------
   0.00    0.00   clock spi_clk (rise edge)
   0.00    0.00   clock network delay (ideal)
   0.00    0.00 v input external delay
   0.00    0.00 v spi_rst (in)
   0.01    0.01 ^ _110047_/ZN (INV_X1)
   0.00    0.01 ^ _110225_/RN (DFFR_X1)
           0.01   data arrival time

   0.62    0.62   clock spi_clk (rise edge)
   0.00    0.62   clock network delay (ideal)
   0.00    0.62   clock reconvergence pessimism
           0.62 ^ _110225_/CK (DFFR_X1)
   0.05    0.67   library recovery time
           0.67   data required time
---------------------------------------------------------
           0.67   data required time
          -0.01   data arrival time
---------------------------------------------------------
           0.66   slack (MET)


Startpoint: spi_rst (input port clocked by spi_clk)
Endpoint: _110226_ (recovery check against rising-edge clock spi_clk)
Path Group: asynchronous
Path Type: max

  Delay    Time   Description
---------------------------------------------------------
   0.00    0.00   clock spi_clk (rise edge)
   0.00    0.00   clock network delay (ideal)
   0.00    0.00 v input external delay
   0.00    0.00 v spi_rst (in)
   0.01    0.01 ^ _110032_/ZN (INV_X1)
   0.00    0.01 ^ _110226_/RN (DFFR_X1)
           0.01   data arrival time

   0.62    0.62   clock spi_clk (rise edge)
   0.00    0.62   clock network delay (ideal)
   0.00    0.62   clock reconvergence pessimism
           0.62 ^ _110226_/CK (DFFR_X1)
   0.05    0.67   library recovery time
           0.67   data required time
---------------------------------------------------------
           0.67   data required time
          -0.01   data arrival time
---------------------------------------------------------
           0.66   slack (MET)


Startpoint: spi_rst (input port clocked by spi_clk)
Endpoint: _110227_ (recovery check against rising-edge clock spi_clk)
Path Group: asynchronous
Path Type: max

  Delay    Time   Description
---------------------------------------------------------
   0.00    0.00   clock spi_clk (rise edge)
   0.00    0.00   clock network delay (ideal)
   0.00    0.00 v input external delay
   0.00    0.00 v spi_rst (in)
   0.01    0.01 ^ _110031_/ZN (INV_X1)
   0.00    0.01 ^ _110227_/RN (DFFR_X1)
           0.01   data arrival time

   0.62    0.62   clock spi_clk (rise edge)
   0.00    0.62   clock network delay (ideal)
   0.00    0.62   clock reconvergence pessimism
           0.62 ^ _110227_/CK (DFFR_X1)
   0.05    0.67   library recovery time
           0.67   data required time
---------------------------------------------------------
           0.67   data required time
          -0.01   data arrival time
---------------------------------------------------------
           0.66   slack (MET)


Startpoint: spi_rst (input port clocked by spi_clk)
Endpoint: _110228_ (recovery check against rising-edge clock spi_clk)
Path Group: asynchronous
Path Type: max

  Delay    Time   Description
---------------------------------------------------------
   0.00    0.00   clock spi_clk (rise edge)
   0.00    0.00   clock network delay (ideal)
   0.00    0.00 v input external delay
   0.00    0.00 v spi_rst (in)
   0.01    0.01 ^ _110060_/ZN (INV_X1)
   0.00    0.01 ^ _110228_/RN (DFFR_X1)
           0.01   data arrival time

   0.62    0.62   clock spi_clk (rise edge)
   0.00    0.62   clock network delay (ideal)
   0.00    0.62   clock reconvergence pessimism
           0.62 ^ _110228_/CK (DFFR_X1)
   0.05    0.67   library recovery time
           0.67   data required time
---------------------------------------------------------
           0.67   data required time
          -0.01   data arrival time
---------------------------------------------------------
           0.66   slack (MET)


Startpoint: spi_rst (input port clocked by spi_clk)
Endpoint: _110235_ (recovery check against rising-edge clock spi_clk)
Path Group: asynchronous
Path Type: max

  Delay    Time   Description
---------------------------------------------------------
   0.00    0.00   clock spi_clk (rise edge)
   0.00    0.00   clock network delay (ideal)
   0.00    0.00 v input external delay
   0.00    0.00 v spi_rst (in)
   0.01    0.01 ^ _110066_/ZN (INV_X1)
   0.00    0.01 ^ _110235_/RN (DFFR_X1)
           0.01   data arrival time

   0.62    0.62   clock spi_clk (rise edge)
   0.00    0.62   clock network delay (ideal)
   0.00    0.62   clock reconvergence pessimism
           0.62 ^ _110235_/CK (DFFR_X1)
   0.05    0.67   library recovery time
           0.67   data required time
---------------------------------------------------------
           0.67   data required time
          -0.01   data arrival time
---------------------------------------------------------
           0.66   slack (MET)


Startpoint: spi_rst (input port clocked by spi_clk)
Endpoint: _110236_ (recovery check against rising-edge clock spi_clk)
Path Group: asynchronous
Path Type: max

  Delay    Time   Description
---------------------------------------------------------
   0.00    0.00   clock spi_clk (rise edge)
   0.00    0.00   clock network delay (ideal)
   0.00    0.00 v input external delay
   0.00    0.00 v spi_rst (in)
   0.01    0.01 ^ _110030_/ZN (INV_X1)
   0.00    0.01 ^ _110236_/RN (DFFR_X1)
           0.01   data arrival time

   0.62    0.62   clock spi_clk (rise edge)
   0.00    0.62   clock network delay (ideal)
   0.00    0.62   clock reconvergence pessimism
           0.62 ^ _110236_/CK (DFFR_X1)
   0.05    0.67   library recovery time
           0.67   data required time
---------------------------------------------------------
           0.67   data required time
          -0.01   data arrival time
---------------------------------------------------------
           0.66   slack (MET)


Startpoint: spi_rst (input port clocked by spi_clk)
Endpoint: _110237_ (recovery check against rising-edge clock spi_clk)
Path Group: asynchronous
Path Type: max

  Delay    Time   Description
---------------------------------------------------------
   0.00    0.00   clock spi_clk (rise edge)
   0.00    0.00   clock network delay (ideal)
   0.00    0.00 v input external delay
   0.00    0.00 v spi_rst (in)
   0.01    0.01 ^ _110029_/ZN (INV_X1)
   0.00    0.01 ^ _110237_/RN (DFFR_X1)
           0.01   data arrival time

   0.62    0.62   clock spi_clk (rise edge)
   0.00    0.62   clock network delay (ideal)
   0.00    0.62   clock reconvergence pessimism
           0.62 ^ _110237_/CK (DFFR_X1)
   0.05    0.67   library recovery time
           0.67   data required time
---------------------------------------------------------
           0.67   data required time
          -0.01   data arrival time
---------------------------------------------------------
           0.66   slack (MET)


Startpoint: spi_rst (input port clocked by spi_clk)
Endpoint: _110238_ (recovery check against rising-edge clock spi_clk)
Path Group: asynchronous
Path Type: max

  Delay    Time   Description
---------------------------------------------------------
   0.00    0.00   clock spi_clk (rise edge)
   0.00    0.00   clock network delay (ideal)
   0.00    0.00 v input external delay
   0.00    0.00 v spi_rst (in)
   0.01    0.01 ^ _110028_/ZN (INV_X1)
   0.00    0.01 ^ _110238_/RN (DFFR_X1)
           0.01   data arrival time

   0.62    0.62   clock spi_clk (rise edge)
   0.00    0.62   clock network delay (ideal)
   0.00    0.62   clock reconvergence pessimism
           0.62 ^ _110238_/CK (DFFR_X1)
   0.05    0.67   library recovery time
           0.67   data required time
---------------------------------------------------------
           0.67   data required time
          -0.01   data arrival time
---------------------------------------------------------
           0.66   slack (MET)


Startpoint: spi_rst (input port clocked by spi_clk)
Endpoint: _110239_ (recovery check against rising-edge clock spi_clk)
Path Group: asynchronous
Path Type: max

  Delay    Time   Description
---------------------------------------------------------
   0.00    0.00   clock spi_clk (rise edge)
   0.00    0.00   clock network delay (ideal)
   0.00    0.00 v input external delay
   0.00    0.00 v spi_rst (in)
   0.01    0.01 ^ _110027_/ZN (INV_X1)
   0.00    0.01 ^ _110239_/RN (DFFR_X1)
           0.01   data arrival time

   0.62    0.62   clock spi_clk (rise edge)
   0.00    0.62   clock network delay (ideal)
   0.00    0.62   clock reconvergence pessimism
           0.62 ^ _110239_/CK (DFFR_X1)
   0.05    0.67   library recovery time
           0.67   data required time
---------------------------------------------------------
           0.67   data required time
          -0.01   data arrival time
---------------------------------------------------------
           0.66   slack (MET)


Startpoint: spi_rst (input port clocked by spi_clk)
Endpoint: _110240_ (recovery check against rising-edge clock spi_clk)
Path Group: asynchronous
Path Type: max

  Delay    Time   Description
---------------------------------------------------------
   0.00    0.00   clock spi_clk (rise edge)
   0.00    0.00   clock network delay (ideal)
   0.00    0.00 v input external delay
   0.00    0.00 v spi_rst (in)
   0.01    0.01 ^ _110053_/ZN (INV_X1)
   0.00    0.01 ^ _110240_/RN (DFFR_X1)
           0.01   data arrival time

   0.62    0.62   clock spi_clk (rise edge)
   0.00    0.62   clock network delay (ideal)
   0.00    0.62   clock reconvergence pessimism
           0.62 ^ _110240_/CK (DFFR_X1)
   0.05    0.67   library recovery time
           0.67   data required time
---------------------------------------------------------
           0.67   data required time
          -0.01   data arrival time
---------------------------------------------------------
           0.66   slack (MET)


Startpoint: spi_rst (input port clocked by spi_clk)
Endpoint: _110253_ (recovery check against rising-edge clock spi_clk)
Path Group: asynchronous
Path Type: max

  Delay    Time   Description
---------------------------------------------------------
   0.00    0.00   clock spi_clk (rise edge)
   0.00    0.00   clock network delay (ideal)
   0.00    0.00 v input external delay
   0.00    0.00 v spi_rst (in)
   0.01    0.01 ^ _110026_/ZN (INV_X1)
   0.00    0.01 ^ _110253_/RN (DFFR_X1)
           0.01   data arrival time

   0.62    0.62   clock spi_clk (rise edge)
   0.00    0.62   clock network delay (ideal)
   0.00    0.62   clock reconvergence pessimism
           0.62 ^ _110253_/CK (DFFR_X1)
   0.05    0.67   library recovery time
           0.67   data required time
---------------------------------------------------------
           0.67   data required time
          -0.01   data arrival time
---------------------------------------------------------
           0.66   slack (MET)


Startpoint: spi_rst (input port clocked by spi_clk)
Endpoint: _110254_ (recovery check against rising-edge clock spi_clk)
Path Group: asynchronous
Path Type: max

  Delay    Time   Description
---------------------------------------------------------
   0.00    0.00   clock spi_clk (rise edge)
   0.00    0.00   clock network delay (ideal)
   0.00    0.00 v input external delay
   0.00    0.00 v spi_rst (in)
   0.01    0.01 ^ _110025_/ZN (INV_X1)
   0.00    0.01 ^ _110254_/RN (DFFR_X1)
           0.01   data arrival time

   0.62    0.62   clock spi_clk (rise edge)
   0.00    0.62   clock network delay (ideal)
   0.00    0.62   clock reconvergence pessimism
           0.62 ^ _110254_/CK (DFFR_X1)
   0.05    0.67   library recovery time
           0.67   data required time
---------------------------------------------------------
           0.67   data required time
          -0.01   data arrival time
---------------------------------------------------------
           0.66   slack (MET)


Startpoint: spi_rst (input port clocked by spi_clk)
Endpoint: _110255_ (recovery check against rising-edge clock spi_clk)
Path Group: asynchronous
Path Type: max

  Delay    Time   Description
---------------------------------------------------------
   0.00    0.00   clock spi_clk (rise edge)
   0.00    0.00   clock network delay (ideal)
   0.00    0.00 v input external delay
   0.00    0.00 v spi_rst (in)
   0.01    0.01 ^ _110070_/ZN (INV_X1)
   0.00    0.01 ^ _110255_/RN (DFFR_X1)
           0.01   data arrival time

   0.62    0.62   clock spi_clk (rise edge)
   0.00    0.62   clock network delay (ideal)
   0.00    0.62   clock reconvergence pessimism
           0.62 ^ _110255_/CK (DFFR_X1)
   0.05    0.67   library recovery time
           0.67   data required time
---------------------------------------------------------
           0.67   data required time
          -0.01   data arrival time
---------------------------------------------------------
           0.66   slack (MET)


Startpoint: spi_rst (input port clocked by spi_clk)
Endpoint: _110256_ (recovery check against rising-edge clock spi_clk)
Path Group: asynchronous
Path Type: max

  Delay    Time   Description
---------------------------------------------------------
   0.00    0.00   clock spi_clk (rise edge)
   0.00    0.00   clock network delay (ideal)
   0.00    0.00 v input external delay
   0.00    0.00 v spi_rst (in)
   0.01    0.01 ^ _110024_/ZN (INV_X1)
   0.00    0.01 ^ _110256_/RN (DFFR_X1)
           0.01   data arrival time

   0.62    0.62   clock spi_clk (rise edge)
   0.00    0.62   clock network delay (ideal)
   0.00    0.62   clock reconvergence pessimism
           0.62 ^ _110256_/CK (DFFR_X1)
   0.05    0.67   library recovery time
           0.67   data required time
---------------------------------------------------------
           0.67   data required time
          -0.01   data arrival time
---------------------------------------------------------
           0.66   slack (MET)


Startpoint: spi_rst (input port clocked by spi_clk)
Endpoint: _110257_ (recovery check against rising-edge clock spi_clk)
Path Group: asynchronous
Path Type: max

  Delay    Time   Description
---------------------------------------------------------
   0.00    0.00   clock spi_clk (rise edge)
   0.00    0.00   clock network delay (ideal)
   0.00    0.00 v input external delay
   0.00    0.00 v spi_rst (in)
   0.01    0.01 ^ _110023_/ZN (INV_X1)
   0.00    0.01 ^ _110257_/RN (DFFR_X1)
           0.01   data arrival time

   0.62    0.62   clock spi_clk (rise edge)
   0.00    0.62   clock network delay (ideal)
   0.00    0.62   clock reconvergence pessimism
           0.62 ^ _110257_/CK (DFFR_X1)
   0.05    0.67   library recovery time
           0.67   data required time
---------------------------------------------------------
           0.67   data required time
          -0.01   data arrival time
---------------------------------------------------------
           0.66   slack (MET)


Startpoint: spi_rst (input port clocked by spi_clk)
Endpoint: _110258_ (recovery check against rising-edge clock spi_clk)
Path Group: asynchronous
Path Type: max

  Delay    Time   Description
---------------------------------------------------------
   0.00    0.00   clock spi_clk (rise edge)
   0.00    0.00   clock network delay (ideal)
   0.00    0.00 v input external delay
   0.00    0.00 v spi_rst (in)
   0.01    0.01 ^ _110071_/ZN (INV_X1)
   0.00    0.01 ^ _110258_/RN (DFFR_X1)
           0.01   data arrival time

   0.62    0.62   clock spi_clk (rise edge)
   0.00    0.62   clock network delay (ideal)
   0.00    0.62   clock reconvergence pessimism
           0.62 ^ _110258_/CK (DFFR_X1)
   0.05    0.67   library recovery time
           0.67   data required time
---------------------------------------------------------
           0.67   data required time
          -0.01   data arrival time
---------------------------------------------------------
           0.66   slack (MET)


Startpoint: _125032_ (rising edge-triggered flip-flop clocked by cpu_clk)
Endpoint: _110166_ (rising edge-triggered flip-flop clocked by cpu_clk)
Path Group: cpu_clk
Path Type: max

  Delay    Time   Description
---------------------------------------------------------
   0.00    0.00   clock cpu_clk (rise edge)
   0.00    0.00   clock network delay (ideal)
   0.00    0.00 ^ _125032_/CK (DFF_X1)
  10.67   10.67 ^ _125032_/Q (DFF_X1)
 157.34  168.01 v _062836_/ZN (INV_X1)
 667.01  835.02 ^ _065200_/ZN (NOR2_X1)
   0.01  835.03 v _091186_/ZN (AOI22_X1)
   0.08  835.11 v _091190_/Z (MUX2_X1)
   0.87  835.98 ^ _091208_/ZN (OAI211_X1)
   0.04  836.02 v _091210_/ZN (OAI211_X1)
   0.06  836.08 v _091476_/ZN (AND3_X1)
   0.06  836.15 ^ _091477_/ZN (AOI211_X1)
   0.02  836.17 v _091478_/ZN (OAI21_X1)
   0.02  836.19 ^ _091634_/ZN (OAI21_X1)
   0.04  836.23 ^ _091635_/Z (MUX2_X1)
   0.00  836.23 ^ _110166_/D (DFF_X1)
         836.23   data arrival time

   1.55    1.55   clock cpu_clk (rise edge)
   0.00    1.55   clock network delay (ideal)
   0.00    1.55   clock reconvergence pessimism
           1.55 ^ _110166_/CK (DFF_X1)
  -0.03    1.52   library setup time
           1.52   data required time
---------------------------------------------------------
           1.52   data required time
        -836.23   data arrival time
---------------------------------------------------------
        -834.71   slack (VIOLATED)


Startpoint: _125032_ (rising edge-triggered flip-flop clocked by cpu_clk)
Endpoint: _110167_ (rising edge-triggered flip-flop clocked by cpu_clk)
Path Group: cpu_clk
Path Type: max

  Delay    Time   Description
---------------------------------------------------------
   0.00    0.00   clock cpu_clk (rise edge)
   0.00    0.00   clock network delay (ideal)
   0.00    0.00 ^ _125032_/CK (DFF_X1)
  10.67   10.67 ^ _125032_/Q (DFF_X1)
 157.34  168.01 v _062836_/ZN (INV_X1)
 667.01  835.02 ^ _065200_/ZN (NOR2_X1)
   0.01  835.03 v _090918_/ZN (OAI21_X1)
   0.39  835.42 ^ _090919_/ZN (OAI21_X1)
   0.02  835.44 v _090920_/ZN (OAI21_X1)
   0.32  835.75 ^ _091015_/ZN (AOI221_X1)
   0.02  835.77 v _091019_/ZN (OAI21_X1)
   0.03  835.80 ^ _091171_/ZN (OAI21_X1)
   0.04  835.84 ^ _091172_/Z (MUX2_X1)
   0.00  835.84 ^ _110167_/D (DFF_X1)
         835.84   data arrival time

   1.55    1.55   clock cpu_clk (rise edge)
   0.00    1.55   clock network delay (ideal)
   0.00    1.55   clock reconvergence pessimism
           1.55 ^ _110167_/CK (DFF_X1)
  -0.03    1.52   library setup time
           1.52   data required time
---------------------------------------------------------
           1.52   data required time
        -835.84   data arrival time
---------------------------------------------------------
        -834.32   slack (VIOLATED)


Startpoint: _125032_ (rising edge-triggered flip-flop clocked by cpu_clk)
Endpoint: _110192_ (rising edge-triggered flip-flop clocked by cpu_clk)
Path Group: cpu_clk
Path Type: max

  Delay    Time   Description
---------------------------------------------------------
   0.00    0.00   clock cpu_clk (rise edge)
   0.00    0.00   clock network delay (ideal)
   0.00    0.00 ^ _125032_/CK (DFF_X1)
  10.67   10.67 ^ _125032_/Q (DFF_X1)
 157.34  168.01 v _062836_/ZN (INV_X1)
 667.01  835.02 ^ _065200_/ZN (NOR2_X1)
   0.01  835.03 v _107842_/ZN (OAI21_X1)
   0.39  835.42 ^ _107843_/ZN (OAI21_X1)
   0.02  835.44 v _107844_/ZN (OAI21_X1)
   0.18  835.62 ^ _107919_/ZN (NAND4_X1)
   0.02  835.64 v _107920_/ZN (AOI21_X1)
   0.10  835.74 ^ _107923_/ZN (AOI211_X1)
   0.02  835.76 v _107924_/ZN (OAI21_X1)
   0.02  835.79 ^ _108067_/ZN (OAI21_X1)
   0.04  835.82 ^ _108068_/Z (MUX2_X1)
   0.00  835.82 ^ _110192_/D (DFF_X1)
         835.82   data arrival time

   1.55    1.55   clock cpu_clk (rise edge)
   0.00    1.55   clock network delay (ideal)
   0.00    1.55   clock reconvergence pessimism
           1.55 ^ _110192_/CK (DFF_X1)
  -0.03    1.52   library setup time
           1.52   data required time
---------------------------------------------------------
           1.52   data required time
        -835.82   data arrival time
---------------------------------------------------------
        -834.31   slack (VIOLATED)


Startpoint: _125032_ (rising edge-triggered flip-flop clocked by cpu_clk)
Endpoint: _110187_ (rising edge-triggered flip-flop clocked by cpu_clk)
Path Group: cpu_clk
Path Type: max

  Delay    Time   Description
---------------------------------------------------------
   0.00    0.00   clock cpu_clk (rise edge)
   0.00    0.00   clock network delay (ideal)
   0.00    0.00 ^ _125032_/CK (DFF_X1)
  10.67   10.67 ^ _125032_/Q (DFF_X1)
 157.34  168.01 v _062836_/ZN (INV_X1)
 667.01  835.02 ^ _065200_/ZN (NOR2_X1)
   0.01  835.03 v _081918_/ZN (OAI21_X1)
   0.39  835.42 ^ _081919_/ZN (OAI21_X1)
   0.02  835.44 v _081920_/ZN (OAI21_X1)
   0.29  835.72 ^ _081940_/ZN (AOI221_X1)
   0.03  835.75 v _081941_/ZN (OAI21_X1)
   0.03  835.78 ^ _082087_/ZN (OAI21_X1)
   0.04  835.82 ^ _082088_/Z (MUX2_X1)
   0.00  835.82 ^ _110187_/D (DFF_X1)
         835.82   data arrival time

   1.55    1.55   clock cpu_clk (rise edge)
   0.00    1.55   clock network delay (ideal)
   0.00    1.55   clock reconvergence pessimism
           1.55 ^ _110187_/CK (DFF_X1)
  -0.03    1.52   library setup time
           1.52   data required time
---------------------------------------------------------
           1.52   data required time
        -835.82   data arrival time
---------------------------------------------------------
        -834.30   slack (VIOLATED)


Startpoint: _125032_ (rising edge-triggered flip-flop clocked by cpu_clk)
Endpoint: _110175_ (rising edge-triggered flip-flop clocked by cpu_clk)
Path Group: cpu_clk
Path Type: max

  Delay    Time   Description
---------------------------------------------------------
   0.00    0.00   clock cpu_clk (rise edge)
   0.00    0.00   clock network delay (ideal)
   0.00    0.00 ^ _125032_/CK (DFF_X1)
  10.67   10.67 ^ _125032_/Q (DFF_X1)
 157.34  168.01 v _062836_/ZN (INV_X1)
 667.01  835.02 ^ _065200_/ZN (NOR2_X1)
   0.01  835.03 v _087303_/ZN (OAI21_X1)
   0.39  835.42 ^ _087304_/ZN (OAI21_X1)
   0.02  835.43 v _087305_/ZN (OAI21_X1)
   0.20  835.63 v _087396_/ZN (AND2_X1)
   0.08  835.71 ^ _087397_/ZN (AOI221_X1)
   0.02  835.74 v _087398_/ZN (OAI21_X1)
   0.02  835.75 ^ _087549_/ZN (NAND2_X1)
   0.04  835.79 ^ _087550_/Z (MUX2_X1)
   0.00  835.79 ^ _110175_/D (DFF_X1)
         835.79   data arrival time

   1.55    1.55   clock cpu_clk (rise edge)
   0.00    1.55   clock network delay (ideal)
   0.00    1.55   clock reconvergence pessimism
           1.55 ^ _110175_/CK (DFF_X1)
  -0.03    1.52   library setup time
           1.52   data required time
---------------------------------------------------------
           1.52   data required time
        -835.79   data arrival time
---------------------------------------------------------
        -834.27   slack (VIOLATED)


Startpoint: _125032_ (rising edge-triggered flip-flop clocked by cpu_clk)
Endpoint: _110184_ (rising edge-triggered flip-flop clocked by cpu_clk)
Path Group: cpu_clk
Path Type: max

  Delay    Time   Description
---------------------------------------------------------
   0.00    0.00   clock cpu_clk (rise edge)
   0.00    0.00   clock network delay (ideal)
   0.00    0.00 ^ _125032_/CK (DFF_X1)
  10.67   10.67 ^ _125032_/Q (DFF_X1)
 157.34  168.01 v _062836_/ZN (INV_X1)
 667.01  835.02 ^ _065200_/ZN (NOR2_X1)
   0.01  835.03 v _083156_/ZN (OAI21_X1)
   0.39  835.42 ^ _083157_/ZN (OAI21_X1)
   0.02  835.43 v _083158_/ZN (OAI21_X1)
   0.20  835.63 v _083306_/ZN (AND2_X1)
   0.08  835.71 ^ _083308_/ZN (AOI221_X1)
   0.02  835.72 v _083312_/ZN (OAI21_X1)
   0.02  835.75 ^ _083461_/ZN (OAI21_X1)
   0.04  835.79 ^ _083462_/Z (MUX2_X1)
   0.00  835.79 ^ _110184_/D (DFF_X1)
         835.79   data arrival time

   1.55    1.55   clock cpu_clk (rise edge)
   0.00    1.55   clock network delay (ideal)
   0.00    1.55   clock reconvergence pessimism
           1.55 ^ _110184_/CK (DFF_X1)
  -0.03    1.52   library setup time
           1.52   data required time
---------------------------------------------------------
           1.52   data required time
        -835.79   data arrival time
---------------------------------------------------------
        -834.27   slack (VIOLATED)


Startpoint: _125032_ (rising edge-triggered flip-flop clocked by cpu_clk)
Endpoint: _110191_ (rising edge-triggered flip-flop clocked by cpu_clk)
Path Group: cpu_clk
Path Type: max

  Delay    Time   Description
---------------------------------------------------------
   0.00    0.00   clock cpu_clk (rise edge)
   0.00    0.00   clock network delay (ideal)
   0.00    0.00 ^ _125032_/CK (DFF_X1)
  10.67   10.67 ^ _125032_/Q (DFF_X1)
 157.34  168.01 v _062836_/ZN (INV_X1)
 667.01  835.02 ^ _065200_/ZN (NOR2_X1)
   0.01  835.03 v _080028_/ZN (OAI21_X1)
   0.39  835.42 ^ _080029_/ZN (OAI21_X1)
   0.02  835.44 v _080030_/ZN (OAI21_X1)
   0.21  835.65 ^ _080050_/ZN (AOI21_X1)
   0.00  835.65 v _080132_/ZN (NOR2_X1)
   0.06  835.71 v _080133_/Z (MUX2_X1)
   0.03  835.74 ^ _080293_/ZN (OAI22_X1)
   0.04  835.78 ^ _080294_/Z (MUX2_X1)
   0.00  835.78 ^ _110191_/D (DFF_X1)
         835.78   data arrival time

   1.55    1.55   clock cpu_clk (rise edge)
   0.00    1.55   clock network delay (ideal)
   0.00    1.55   clock reconvergence pessimism
           1.55 ^ _110191_/CK (DFF_X1)
  -0.03    1.52   library setup time
           1.52   data required time
---------------------------------------------------------
           1.52   data required time
        -835.78   data arrival time
---------------------------------------------------------
        -834.26   slack (VIOLATED)


Startpoint: _125032_ (rising edge-triggered flip-flop clocked by cpu_clk)
Endpoint: _110162_ (rising edge-triggered flip-flop clocked by cpu_clk)
Path Group: cpu_clk
Path Type: max

  Delay    Time   Description
---------------------------------------------------------
   0.00    0.00   clock cpu_clk (rise edge)
   0.00    0.00   clock network delay (ideal)
   0.00    0.00 ^ _125032_/CK (DFF_X1)
  10.67   10.67 ^ _125032_/Q (DFF_X1)
 157.34  168.01 v _062836_/ZN (INV_X1)
 667.01  835.02 ^ _065200_/ZN (NOR2_X1)
   0.01  835.03 v _093317_/ZN (OAI21_X1)
   0.39  835.42 ^ _093318_/ZN (OAI21_X1)
   0.02  835.44 v _093319_/ZN (OAI21_X1)
   0.17  835.61 ^ _093339_/ZN (OAI221_X1)
   0.03  835.64 v _093345_/ZN (OAI22_X1)
   0.05  835.70 ^ _093346_/ZN (OAI22_X1)
   0.01  835.71 v _093347_/ZN (INV_X1)
   0.02  835.73 ^ _093498_/ZN (OAI21_X1)
   0.04  835.77 ^ _093499_/Z (MUX2_X1)
   0.00  835.77 ^ _110162_/D (DFF_X1)
         835.77   data arrival time

   1.55    1.55   clock cpu_clk (rise edge)
   0.00    1.55   clock network delay (ideal)
   0.00    1.55   clock reconvergence pessimism
           1.55 ^ _110162_/CK (DFF_X1)
  -0.03    1.52   library setup time
           1.52   data required time
---------------------------------------------------------
           1.52   data required time
        -835.77   data arrival time
---------------------------------------------------------
        -834.25   slack (VIOLATED)


Startpoint: _125032_ (rising edge-triggered flip-flop clocked by cpu_clk)
Endpoint: _110185_ (rising edge-triggered flip-flop clocked by cpu_clk)
Path Group: cpu_clk
Path Type: max

  Delay    Time   Description
---------------------------------------------------------
   0.00    0.00   clock cpu_clk (rise edge)
   0.00    0.00   clock network delay (ideal)
   0.00    0.00 ^ _125032_/CK (DFF_X1)
  10.67   10.67 ^ _125032_/Q (DFF_X1)
 157.34  168.01 v _062836_/ZN (INV_X1)
 667.01  835.02 ^ _065200_/ZN (NOR2_X1)
   0.02  835.04 v _082678_/ZN (OAI211_X1)
   0.62  835.65 ^ _082702_/ZN (AOI211_X1)
   0.02  835.68 v _082703_/ZN (OAI21_X1)
   0.04  835.72 ^ _082851_/ZN (AOI21_X1)
   0.02  835.73 v _083010_/ZN (AOI21_X1)
   0.02  835.76 ^ _083011_/ZN (AOI21_X1)
   0.00  835.76 ^ _110185_/D (DFF_X1)
         835.76   data arrival time

   1.55    1.55   clock cpu_clk (rise edge)
   0.00    1.55   clock network delay (ideal)
   0.00    1.55   clock reconvergence pessimism
           1.55 ^ _110185_/CK (DFF_X1)
  -0.04    1.51   library setup time
           1.51   data required time
---------------------------------------------------------
           1.51   data required time
        -835.76   data arrival time
---------------------------------------------------------
        -834.24   slack (VIOLATED)


Startpoint: _125032_ (rising edge-triggered flip-flop clocked by cpu_clk)
Endpoint: _110181_ (rising edge-triggered flip-flop clocked by cpu_clk)
Path Group: cpu_clk
Path Type: max

  Delay    Time   Description
---------------------------------------------------------
   0.00    0.00   clock cpu_clk (rise edge)
   0.00    0.00   clock network delay (ideal)
   0.00    0.00 ^ _125032_/CK (DFF_X1)
  10.67   10.67 ^ _125032_/Q (DFF_X1)
 157.34  168.01 v _062836_/ZN (INV_X1)
 667.01  835.02 ^ _065200_/ZN (NOR2_X1)
   0.02  835.04 v _084425_/ZN (OAI211_X1)
   0.49  835.53 ^ _084431_/ZN (AOI21_X1)
   0.01  835.54 v _084466_/ZN (AOI211_X1)
   0.09  835.64 v _084539_/Z (MUX2_X1)
   0.06  835.70 v _084690_/Z (MUX2_X1)
   0.02  835.72 ^ _084838_/ZN (OAI21_X1)
   0.04  835.76 ^ _084839_/Z (MUX2_X1)
   0.00  835.76 ^ _110181_/D (DFF_X1)
         835.76   data arrival time

   1.55    1.55   clock cpu_clk (rise edge)
   0.00    1.55   clock network delay (ideal)
   0.00    1.55   clock reconvergence pessimism
           1.55 ^ _110181_/CK (DFF_X1)
  -0.03    1.52   library setup time
           1.52   data required time
---------------------------------------------------------
           1.52   data required time
        -835.76   data arrival time
---------------------------------------------------------
        -834.24   slack (VIOLATED)


Startpoint: _125032_ (rising edge-triggered flip-flop clocked by cpu_clk)
Endpoint: _110189_ (rising edge-triggered flip-flop clocked by cpu_clk)
Path Group: cpu_clk
Path Type: max

  Delay    Time   Description
---------------------------------------------------------
   0.00    0.00   clock cpu_clk (rise edge)
   0.00    0.00   clock network delay (ideal)
   0.00    0.00 ^ _125032_/CK (DFF_X1)
  10.67   10.67 ^ _125032_/Q (DFF_X1)
 157.34  168.01 v _062836_/ZN (INV_X1)
 667.01  835.02 ^ _065200_/ZN (NOR2_X1)
   0.01  835.03 v _081197_/ZN (OAI21_X1)
   0.39  835.42 ^ _081198_/ZN (OAI21_X1)
   0.02  835.44 v _081199_/ZN (OAI21_X1)
   0.18  835.62 ^ _081200_/ZN (NAND4_X1)
   0.04  835.66 v _081202_/ZN (OAI211_X1)
   0.04  835.70 ^ _081203_/ZN (OAI21_X1)
   0.04  835.74 ^ _081204_/Z (MUX2_X1)
   0.00  835.74 ^ _110189_/D (DFF_X1)
         835.74   data arrival time

   1.55    1.55   clock cpu_clk (rise edge)
   0.00    1.55   clock network delay (ideal)
   0.00    1.55   clock reconvergence pessimism
           1.55 ^ _110189_/CK (DFF_X1)
  -0.03    1.52   library setup time
           1.52   data required time
---------------------------------------------------------
           1.52   data required time
        -835.74   data arrival time
---------------------------------------------------------
        -834.22   slack (VIOLATED)


Startpoint: _125032_ (rising edge-triggered flip-flop clocked by cpu_clk)
Endpoint: _110176_ (rising edge-triggered flip-flop clocked by cpu_clk)
Path Group: cpu_clk
Path Type: max

  Delay    Time   Description
---------------------------------------------------------
   0.00    0.00   clock cpu_clk (rise edge)
   0.00    0.00   clock network delay (ideal)
   0.00    0.00 ^ _125032_/CK (DFF_X1)
  10.67   10.67 ^ _125032_/Q (DFF_X1)
 157.34  168.01 v _062836_/ZN (INV_X1)
 667.01  835.02 ^ _065200_/ZN (NOR2_X1)
   0.01  835.03 v _086976_/ZN (OAI21_X1)
   0.39  835.42 ^ _086977_/ZN (OAI21_X1)
   0.02  835.43 v _086978_/ZN (OAI21_X1)
   0.18  835.62 v _087019_/ZN (AND4_X1)
   0.07  835.69 ^ _087092_/ZN (OAI33_X1)
   0.04  835.73 ^ _087093_/Z (MUX2_X1)
   0.00  835.73 ^ _110176_/D (DFF_X1)
         835.73   data arrival time

   1.55    1.55   clock cpu_clk (rise edge)
   0.00    1.55   clock network delay (ideal)
   0.00    1.55   clock reconvergence pessimism
           1.55 ^ _110176_/CK (DFF_X1)
  -0.03    1.52   library setup time
           1.52   data required time
---------------------------------------------------------
           1.52   data required time
        -835.73   data arrival time
---------------------------------------------------------
        -834.21   slack (VIOLATED)


Startpoint: _125032_ (rising edge-triggered flip-flop clocked by cpu_clk)
Endpoint: _110171_ (rising edge-triggered flip-flop clocked by cpu_clk)
Path Group: cpu_clk
Path Type: max

  Delay    Time   Description
---------------------------------------------------------
   0.00    0.00   clock cpu_clk (rise edge)
   0.00    0.00   clock network delay (ideal)
   0.00    0.00 ^ _125032_/CK (DFF_X1)
  10.67   10.67 ^ _125032_/Q (DFF_X1)
 157.34  168.01 v _062836_/ZN (INV_X1)
 667.01  835.02 ^ _065200_/ZN (NOR2_X1)
   0.01  835.03 v _089098_/ZN (OAI21_X1)
   0.39  835.42 ^ _089099_/ZN (OAI21_X1)
   0.02  835.44 v _089100_/ZN (OAI21_X1)
   0.15  835.58 ^ _089195_/ZN (NAND3_X1)
   0.04  835.62 v _089196_/ZN (OAI211_X1)
   0.03  835.65 ^ _089200_/ZN (NAND2_X1)
   0.02  835.67 v _089201_/ZN (NAND2_X1)
   0.02  835.69 ^ _089352_/ZN (OAI21_X1)
   0.04  835.73 ^ _089353_/Z (MUX2_X1)
   0.00  835.73 ^ _110171_/D (DFF_X1)
         835.73   data arrival time

   1.55    1.55   clock cpu_clk (rise edge)
   0.00    1.55   clock network delay (ideal)
   0.00    1.55   clock reconvergence pessimism
           1.55 ^ _110171_/CK (DFF_X1)
  -0.03    1.52   library setup time
           1.52   data required time
---------------------------------------------------------
           1.52   data required time
        -835.73   data arrival time
---------------------------------------------------------
        -834.21   slack (VIOLATED)


Startpoint: _125032_ (rising edge-triggered flip-flop clocked by cpu_clk)
Endpoint: _110190_ (rising edge-triggered flip-flop clocked by cpu_clk)
Path Group: cpu_clk
Path Type: max

  Delay    Time   Description
---------------------------------------------------------
   0.00    0.00   clock cpu_clk (rise edge)
   0.00    0.00   clock network delay (ideal)
   0.00    0.00 ^ _125032_/CK (DFF_X1)
  10.67   10.67 ^ _125032_/Q (DFF_X1)
 157.34  168.01 v _062836_/ZN (INV_X1)
 667.01  835.02 ^ _065200_/ZN (NOR2_X1)
   0.01  835.03 v _080516_/ZN (OAI21_X1)
   0.39  835.42 ^ _080517_/ZN (OAI21_X1)
   0.02  835.44 v _080518_/ZN (OAI21_X1)
   0.18  835.62 ^ _080593_/ZN (NAND4_X1)
   0.03  835.66 v _080596_/ZN (AOI22_X1)
   0.03  835.69 ^ _080751_/ZN (OAI21_X1)
   0.04  835.73 ^ _080752_/Z (MUX2_X1)
   0.00  835.73 ^ _110190_/D (DFF_X1)
         835.73   data arrival time

   1.55    1.55   clock cpu_clk (rise edge)
   0.00    1.55   clock network delay (ideal)
   0.00    1.55   clock reconvergence pessimism
           1.55 ^ _110190_/CK (DFF_X1)
  -0.03    1.52   library setup time
           1.52   data required time
---------------------------------------------------------
           1.52   data required time
        -835.73   data arrival time
---------------------------------------------------------
        -834.21   slack (VIOLATED)


Startpoint: _125032_ (rising edge-triggered flip-flop clocked by cpu_clk)
Endpoint: _110178_ (rising edge-triggered flip-flop clocked by cpu_clk)
Path Group: cpu_clk
Path Type: max

  Delay    Time   Description
---------------------------------------------------------
   0.00    0.00   clock cpu_clk (rise edge)
   0.00    0.00   clock network delay (ideal)
   0.00    0.00 ^ _125032_/CK (DFF_X1)
  10.67   10.67 ^ _125032_/Q (DFF_X1)
 157.34  168.01 v _062836_/ZN (INV_X1)
 667.01  835.02 ^ _065200_/ZN (NOR2_X1)
   0.01  835.03 v _086153_/ZN (OAI21_X1)
   0.39  835.42 ^ _086154_/ZN (OAI21_X1)
   0.02  835.44 v _086155_/ZN (OAI21_X1)
   0.19  835.63 ^ _086172_/ZN (OAI211_X1)
   0.02  835.64 v _086173_/ZN (AOI21_X1)
   0.03  835.68 ^ _086174_/ZN (OAI21_X1)
   0.04  835.71 ^ _086175_/Z (MUX2_X1)
   0.00  835.71 ^ _110178_/D (DFF_X1)
         835.71   data arrival time

   1.55    1.55   clock cpu_clk (rise edge)
   0.00    1.55   clock network delay (ideal)
   0.00    1.55   clock reconvergence pessimism
           1.55 ^ _110178_/CK (DFF_X1)
  -0.03    1.52   library setup time
           1.52   data required time
---------------------------------------------------------
           1.52   data required time
        -835.71   data arrival time
---------------------------------------------------------
        -834.20   slack (VIOLATED)


Startpoint: _125032_ (rising edge-triggered flip-flop clocked by cpu_clk)
Endpoint: _110177_ (rising edge-triggered flip-flop clocked by cpu_clk)
Path Group: cpu_clk
Path Type: max

  Delay    Time   Description
---------------------------------------------------------
   0.00    0.00   clock cpu_clk (rise edge)
   0.00    0.00   clock network delay (ideal)
   0.00    0.00 ^ _125032_/CK (DFF_X1)
  10.67   10.67 ^ _125032_/Q (DFF_X1)
 157.34  168.01 v _062836_/ZN (INV_X1)
 667.01  835.02 ^ _065200_/ZN (NOR2_X1)
   0.02  835.04 v _086353_/ZN (OAI211_X1)
   0.39  835.43 ^ _086358_/ZN (OAI211_X1)
   0.04  835.47 v _086359_/ZN (OAI22_X1)
   0.04  835.51 ^ _086360_/ZN (NOR2_X1)
   0.02  835.53 v _086398_/ZN (AOI211_X1)
   0.09  835.62 ^ _086478_/ZN (AOI221_X1)
   0.02  835.64 v _086479_/ZN (OAI21_X1)
   0.02  835.67 ^ _086630_/ZN (OAI21_X1)
   0.04  835.70 ^ _086631_/Z (MUX2_X1)
   0.00  835.70 ^ _110177_/D (DFF_X1)
         835.70   data arrival time

   1.55    1.55   clock cpu_clk (rise edge)
   0.00    1.55   clock network delay (ideal)
   0.00    1.55   clock reconvergence pessimism
           1.55 ^ _110177_/CK (DFF_X1)
  -0.03    1.52   library setup time
           1.52   data required time
---------------------------------------------------------
           1.52   data required time
        -835.70   data arrival time
---------------------------------------------------------
        -834.19   slack (VIOLATED)


Startpoint: _125032_ (rising edge-triggered flip-flop clocked by cpu_clk)
Endpoint: _110180_ (rising edge-triggered flip-flop clocked by cpu_clk)
Path Group: cpu_clk
Path Type: max

  Delay    Time   Description
---------------------------------------------------------
   0.00    0.00   clock cpu_clk (rise edge)
   0.00    0.00   clock network delay (ideal)
   0.00    0.00 ^ _125032_/CK (DFF_X1)
  10.67   10.67 ^ _125032_/Q (DFF_X1)
 157.34  168.01 v _062836_/ZN (INV_X1)
 667.01  835.02 ^ _065200_/ZN (NOR2_X1)
   0.02  835.04 v _085093_/ZN (OAI211_X1)
   0.35  835.39 ^ _085094_/ZN (NAND3_X1)
   0.01  835.40 v _085095_/ZN (AOI21_X1)
   0.10  835.51 ^ _085147_/ZN (AOI221_X1)
   0.02  835.53 v _085148_/ZN (AOI21_X1)
   0.09  835.61 ^ _085149_/ZN (AOI211_X1)
   0.02  835.64 v _085150_/ZN (OAI21_X1)
   0.02  835.66 ^ _085298_/ZN (OAI21_X1)
   0.04  835.70 ^ _085299_/Z (MUX2_X1)
   0.00  835.70 ^ _110180_/D (DFF_X1)
         835.70   data arrival time

   1.55    1.55   clock cpu_clk (rise edge)
   0.00    1.55   clock network delay (ideal)
   0.00    1.55   clock reconvergence pessimism
           1.55 ^ _110180_/CK (DFF_X1)
  -0.03    1.52   library setup time
           1.52   data required time
---------------------------------------------------------
           1.52   data required time
        -835.70   data arrival time
---------------------------------------------------------
        -834.18   slack (VIOLATED)


Startpoint: _125032_ (rising edge-triggered flip-flop clocked by cpu_clk)
Endpoint: _110179_ (rising edge-triggered flip-flop clocked by cpu_clk)
Path Group: cpu_clk
Path Type: max

  Delay    Time   Description
---------------------------------------------------------
   0.00    0.00   clock cpu_clk (rise edge)
   0.00    0.00   clock network delay (ideal)
   0.00    0.00 ^ _125032_/CK (DFF_X1)
  10.67   10.67 ^ _125032_/Q (DFF_X1)
 157.34  168.01 v _062836_/ZN (INV_X1)
 667.01  835.02 ^ _065200_/ZN (NOR2_X1)
   0.01  835.03 v _085651_/ZN (OAI21_X1)
   0.39  835.42 ^ _085652_/ZN (OAI21_X1)
   0.02  835.44 v _085653_/ZN (OAI21_X1)
   0.05  835.49 ^ _085654_/ZN (OAI21_X1)
   0.03  835.52 v _085655_/ZN (OAI21_X1)
   0.04  835.56 ^ _085726_/ZN (OAI21_X1)
   0.01  835.57 v _085727_/ZN (NOR2_X1)
   0.07  835.64 ^ _085729_/ZN (OAI33_X1)
   0.04  835.69 ^ _085730_/Z (MUX2_X1)
   0.00  835.69 ^ _110179_/D (DFF_X1)
         835.69   data arrival time

   1.55    1.55   clock cpu_clk (rise edge)
   0.00    1.55   clock network delay (ideal)
   0.00    1.55   clock reconvergence pessimism
           1.55 ^ _110179_/CK (DFF_X1)
  -0.03    1.52   library setup time
           1.52   data required time
---------------------------------------------------------
           1.52   data required time
        -835.69   data arrival time
---------------------------------------------------------
        -834.17   slack (VIOLATED)


Startpoint: _125032_ (rising edge-triggered flip-flop clocked by cpu_clk)
Endpoint: _110163_ (rising edge-triggered flip-flop clocked by cpu_clk)
Path Group: cpu_clk
Path Type: max

  Delay    Time   Description
---------------------------------------------------------
   0.00    0.00   clock cpu_clk (rise edge)
   0.00    0.00   clock network delay (ideal)
   0.00    0.00 ^ _125032_/CK (DFF_X1)
  10.67   10.67 ^ _125032_/Q (DFF_X1)
 157.34  168.01 v _062836_/ZN (INV_X1)
 667.01  835.02 ^ _065200_/ZN (NOR2_X1)
   0.01  835.03 v _092663_/ZN (OAI21_X1)
   0.39  835.42 ^ _092664_/ZN (OAI21_X1)
   0.01  835.43 v _092665_/ZN (AOI21_X1)
   0.06  835.49 ^ _092682_/ZN (OAI22_X1)
   0.02  835.50 v _092723_/ZN (AOI221_X1)
   0.08  835.58 ^ _092877_/ZN (AOI21_X1)
   0.03  835.61 v _092878_/ZN (AOI22_X1)
   0.04  835.64 ^ _093033_/ZN (OAI21_X1)
   0.04  835.68 ^ _093034_/Z (MUX2_X1)
   0.00  835.68 ^ _110163_/D (DFF_X1)
         835.68   data arrival time

   1.55    1.55   clock cpu_clk (rise edge)
   0.00    1.55   clock network delay (ideal)
   0.00    1.55   clock reconvergence pessimism
           1.55 ^ _110163_/CK (DFF_X1)
  -0.03    1.52   library setup time
           1.52   data required time
---------------------------------------------------------
           1.52   data required time
        -835.68   data arrival time
---------------------------------------------------------
        -834.16   slack (VIOLATED)


Startpoint: _125032_ (rising edge-triggered flip-flop clocked by cpu_clk)
Endpoint: _110165_ (rising edge-triggered flip-flop clocked by cpu_clk)
Path Group: cpu_clk
Path Type: max

  Delay    Time   Description
---------------------------------------------------------
   0.00    0.00   clock cpu_clk (rise edge)
   0.00    0.00   clock network delay (ideal)
   0.00    0.00 ^ _125032_/CK (DFF_X1)
  10.67   10.67 ^ _125032_/Q (DFF_X1)
 157.34  168.01 v _062836_/ZN (INV_X1)
 667.01  835.02 ^ _065200_/ZN (NOR2_X1)
   0.01  835.03 v _091852_/ZN (OAI21_X1)
   0.39  835.42 ^ _091853_/ZN (OAI21_X1)
   0.02  835.43 v _091854_/ZN (OAI21_X1)
   0.07  835.50 v _091876_/ZN (AND3_X1)
   0.08  835.58 ^ _091955_/ZN (AOI221_X1)
   0.02  835.60 v _091956_/ZN (AOI21_X1)
   0.03  835.63 ^ _092115_/ZN (OAI22_X1)
   0.04  835.67 ^ _092116_/Z (MUX2_X1)
   0.00  835.67 ^ _110165_/D (DFF_X1)
         835.67   data arrival time

   1.55    1.55   clock cpu_clk (rise edge)
   0.00    1.55   clock network delay (ideal)
   0.00    1.55   clock reconvergence pessimism
           1.55 ^ _110165_/CK (DFF_X1)
  -0.03    1.52   library setup time
           1.52   data required time
---------------------------------------------------------
           1.52   data required time
        -835.67   data arrival time
---------------------------------------------------------
        -834.15   slack (VIOLATED)


Startpoint: _124700_ (rising edge-triggered flip-flop clocked by cpu_div2)
Endpoint: _124706_ (rising edge-triggered flip-flop clocked by cpu_div2)
Path Group: cpu_div2
Path Type: max

  Delay    Time   Description
---------------------------------------------------------
   0.00    0.00   clock cpu_div2 (rise edge)
   0.00    0.00   clock network delay (ideal)
   0.00    0.00 ^ _124700_/CK (DFF_X1)
   0.09    0.09 ^ _124700_/Q (DFF_X1)
   0.05    0.15 ^ _077535_/ZN (AND3_X1)
   0.04    0.19 ^ _077536_/ZN (AND2_X1)
   0.04    0.23 ^ _077537_/ZN (AND2_X1)
   0.05    0.27 ^ _077538_/ZN (AND2_X1)
   0.02    0.29 v _077539_/ZN (NAND2_X1)
   0.05    0.34 v _109494_/Z (XOR2_X1)
   0.03    0.37 ^ _109495_/ZN (NOR2_X1)
   0.00    0.37 ^ _124706_/D (DFF_X1)
           0.37   data arrival time

   3.10    3.10   clock cpu_div2 (rise edge)
   0.00    3.10   clock network delay (ideal)
   0.00    3.10   clock reconvergence pessimism
           3.10 ^ _124706_/CK (DFF_X1)
  -0.04    3.06   library setup time
           3.06   data required time
---------------------------------------------------------
           3.06   data required time
          -0.37   data arrival time
---------------------------------------------------------
           2.69   slack (MET)


Startpoint: _124700_ (rising edge-triggered flip-flop clocked by cpu_div2)
Endpoint: _124705_ (rising edge-triggered flip-flop clocked by cpu_div2)
Path Group: cpu_div2
Path Type: max

  Delay    Time   Description
---------------------------------------------------------
   0.00    0.00   clock cpu_div2 (rise edge)
   0.00    0.00   clock network delay (ideal)
   0.00    0.00 ^ _124700_/CK (DFF_X1)
   0.09    0.09 ^ _124700_/Q (DFF_X1)
   0.05    0.15 ^ _077535_/ZN (AND3_X1)
   0.04    0.19 ^ _077536_/ZN (AND2_X1)
   0.04    0.23 ^ _077537_/ZN (AND2_X1)
   0.05    0.27 ^ _077538_/ZN (AND2_X1)
   0.02    0.29 v _077540_/ZN (OAI21_X1)
   0.04    0.33 ^ _077541_/ZN (AOI21_X1)
   0.00    0.33 ^ _124705_/D (DFF_X1)
           0.33   data arrival time

   3.10    3.10   clock cpu_div2 (rise edge)
   0.00    3.10   clock network delay (ideal)
   0.00    3.10   clock reconvergence pessimism
           3.10 ^ _124705_/CK (DFF_X1)
  -0.03    3.07   library setup time
           3.07   data required time
---------------------------------------------------------
           3.07   data required time
          -0.33   data arrival time
---------------------------------------------------------
           2.74   slack (MET)


Startpoint: _124700_ (rising edge-triggered flip-flop clocked by cpu_div2)
Endpoint: _124704_ (rising edge-triggered flip-flop clocked by cpu_div2)
Path Group: cpu_div2
Path Type: max

  Delay    Time   Description
---------------------------------------------------------
   0.00    0.00   clock cpu_div2 (rise edge)
   0.00    0.00   clock network delay (ideal)
   0.00    0.00 ^ _124700_/CK (DFF_X1)
   0.09    0.09 ^ _124700_/Q (DFF_X1)
   0.05    0.15 ^ _077535_/ZN (AND3_X1)
   0.04    0.19 ^ _077536_/ZN (AND2_X1)
   0.04    0.23 ^ _077537_/ZN (AND2_X1)
   0.05    0.27 ^ _077538_/ZN (AND2_X1)
   0.01    0.28 v _077543_/ZN (NOR2_X1)
   0.00    0.28 v _124704_/D (DFF_X1)
           0.28   data arrival time

   3.10    3.10   clock cpu_div2 (rise edge)
   0.00    3.10   clock network delay (ideal)
   0.00    3.10   clock reconvergence pessimism
           3.10 ^ _124704_/CK (DFF_X1)
  -0.04    3.06   library setup time
           3.06   data required time
---------------------------------------------------------
           3.06   data required time
          -0.28   data arrival time
---------------------------------------------------------
           2.78   slack (MET)


Startpoint: _124700_ (rising edge-triggered flip-flop clocked by cpu_div2)
Endpoint: _124703_ (rising edge-triggered flip-flop clocked by cpu_div2)
Path Group: cpu_div2
Path Type: max

  Delay    Time   Description
---------------------------------------------------------
   0.00    0.00   clock cpu_div2 (rise edge)
   0.00    0.00   clock network delay (ideal)
   0.00    0.00 ^ _124700_/CK (DFF_X1)
   0.09    0.09 ^ _124700_/Q (DFF_X1)
   0.05    0.15 ^ _077535_/ZN (AND3_X1)
   0.04    0.19 ^ _077536_/ZN (AND2_X1)
   0.04    0.23 ^ _077537_/ZN (AND2_X1)
   0.01    0.23 v _077545_/ZN (NOR2_X1)
   0.00    0.23 v _124703_/D (DFF_X1)
           0.23   data arrival time

   3.10    3.10   clock cpu_div2 (rise edge)
   0.00    3.10   clock network delay (ideal)
   0.00    3.10   clock reconvergence pessimism
           3.10 ^ _124703_/CK (DFF_X1)
  -0.04    3.06   library setup time
           3.06   data required time
---------------------------------------------------------
           3.06   data required time
          -0.23   data arrival time
---------------------------------------------------------
           2.83   slack (MET)


Startpoint: _124700_ (rising edge-triggered flip-flop clocked by cpu_div2)
Endpoint: _124702_ (rising edge-triggered flip-flop clocked by cpu_div2)
Path Group: cpu_div2
Path Type: max

  Delay    Time   Description
---------------------------------------------------------
   0.00    0.00   clock cpu_div2 (rise edge)
   0.00    0.00   clock network delay (ideal)
   0.00    0.00 ^ _124700_/CK (DFF_X1)
   0.09    0.09 ^ _124700_/Q (DFF_X1)
   0.05    0.15 ^ _077535_/ZN (AND3_X1)
   0.04    0.19 ^ _077536_/ZN (AND2_X1)
   0.01    0.19 v _077547_/ZN (NOR2_X1)
   0.00    0.19 v _124702_/D (DFF_X1)
           0.19   data arrival time

   3.10    3.10   clock cpu_div2 (rise edge)
   0.00    3.10   clock network delay (ideal)
   0.00    3.10   clock reconvergence pessimism
           3.10 ^ _124702_/CK (DFF_X1)
  -0.04    3.06   library setup time
           3.06   data required time
---------------------------------------------------------
           3.06   data required time
          -0.19   data arrival time
---------------------------------------------------------
           2.87   slack (MET)


Startpoint: _124700_ (rising edge-triggered flip-flop clocked by cpu_div2)
Endpoint: _124701_ (rising edge-triggered flip-flop clocked by cpu_div2)
Path Group: cpu_div2
Path Type: max

  Delay    Time   Description
---------------------------------------------------------
   0.00    0.00   clock cpu_div2 (rise edge)
   0.00    0.00   clock network delay (ideal)
   0.00    0.00 ^ _124700_/CK (DFF_X1)
   0.09    0.09 ^ _124700_/Q (DFF_X1)
   0.05    0.15 ^ _077535_/ZN (AND3_X1)
   0.01    0.16 v _077549_/ZN (NOR3_X1)
   0.00    0.16 v _124701_/D (DFF_X1)
           0.16   data arrival time

   3.10    3.10   clock cpu_div2 (rise edge)
   0.00    3.10   clock network delay (ideal)
   0.00    3.10   clock reconvergence pessimism
           3.10 ^ _124701_/CK (DFF_X1)
  -0.06    3.04   library setup time
           3.04   data required time
---------------------------------------------------------
           3.04   data required time
          -0.16   data arrival time
---------------------------------------------------------
           2.89   slack (MET)


Startpoint: _124699_ (rising edge-triggered flip-flop clocked by cpu_div2)
Endpoint: _124700_ (rising edge-triggered flip-flop clocked by cpu_div2)
Path Group: cpu_div2
Path Type: max

  Delay    Time   Description
---------------------------------------------------------
   0.00    0.00   clock cpu_div2 (rise edge)
   0.00    0.00   clock network delay (ideal)
   0.00    0.00 ^ _124699_/CK (DFF_X1)
   0.09    0.09 ^ _124699_/Q (DFF_X1)
   0.04    0.13 ^ _077534_/ZN (AND2_X1)
   0.01    0.14 v _077550_/ZN (NOR2_X1)
   0.03    0.17 ^ _077551_/ZN (AOI21_X1)
   0.00    0.17 ^ _124700_/D (DFF_X1)
           0.17   data arrival time

   3.10    3.10   clock cpu_div2 (rise edge)
   0.00    3.10   clock network delay (ideal)
   0.00    3.10   clock reconvergence pessimism
           3.10 ^ _124700_/CK (DFF_X1)
  -0.03    3.07   library setup time
           3.07   data required time
---------------------------------------------------------
           3.07   data required time
          -0.17   data arrival time
---------------------------------------------------------
           2.89   slack (MET)


Startpoint: _124699_ (rising edge-triggered flip-flop clocked by cpu_div2)
Endpoint: _124699_ (rising edge-triggered flip-flop clocked by cpu_div2)
Path Group: cpu_div2
Path Type: max

  Delay    Time   Description
---------------------------------------------------------
   0.00    0.00   clock cpu_div2 (rise edge)
   0.00    0.00   clock network delay (ideal)
   0.00    0.00 ^ _124699_/CK (DFF_X1)
   0.06    0.06 v _124699_/QN (DFF_X1)
   0.03    0.09 v _077552_/ZN (AND2_X1)
   0.00    0.09 v _124699_/D (DFF_X1)
           0.09   data arrival time

   3.10    3.10   clock cpu_div2 (rise edge)
   0.00    3.10   clock network delay (ideal)
   0.00    3.10   clock reconvergence pessimism
           3.10 ^ _124699_/CK (DFF_X1)
  -0.04    3.06   library setup time
           3.06   data required time
---------------------------------------------------------
           3.06   data required time
          -0.09   data arrival time
---------------------------------------------------------
           2.97   slack (MET)


Startpoint: _125434_ (rising edge-triggered flip-flop clocked by fir_clk)
Endpoint: _125527_ (rising edge-triggered flip-flop clocked by fir_clk)
Path Group: fir_clk
Path Type: max

  Delay    Time   Description
---------------------------------------------------------
   0.00    0.00   clock fir_clk (rise edge)
   0.00    0.00   clock network delay (ideal)
   0.00    0.00 ^ _125434_/CK (DFF_X1)
   0.13    0.13 ^ _125434_/Q (DFF_X1)
   0.08    0.21 ^ _071196_/Z (XOR2_X1)
   0.06    0.27 ^ _071209_/ZN (XNOR2_X1)
   0.05    0.33 ^ _071246_/ZN (XNOR2_X1)
   0.06    0.39 ^ _071261_/Z (XOR2_X1)
   0.05    0.44 ^ _071266_/ZN (XNOR2_X1)
   0.01    0.46 v _071267_/ZN (NOR2_X1)
   0.05    0.51 ^ _071271_/ZN (AOI21_X1)
   0.01    0.52 v _071272_/ZN (NOR2_X1)
   0.04    0.57 ^ _071273_/ZN (NOR2_X1)
   0.01    0.58 v _071274_/ZN (NOR2_X1)
   0.04    0.62 ^ _071275_/ZN (OAI21_X1)
   0.03    0.64 v _071276_/ZN (OAI21_X1)
   0.02    0.66 ^ _071278_/ZN (NAND2_X1)
   0.02    0.68 v _071279_/ZN (NAND2_X1)
   0.02    0.69 ^ _071281_/ZN (NAND2_X1)
   0.02    0.71 v _071282_/ZN (AOI21_X1)
   0.05    0.76 v _071283_/ZN (OR2_X1)
   0.03    0.80 v _071284_/ZN (AND2_X1)
   0.07    0.87 v _071366_/ZN (OR3_X1)
   0.04    0.91 v _071367_/ZN (AND2_X1)
   0.05    0.96 v _071423_/Z (XOR2_X1)
   0.06    1.02 v _071601_/Z (XOR2_X1)
   0.05    1.07 v _071676_/Z (XOR2_X1)
   0.08    1.15 v _071826_/ZN (OR3_X1)
   0.02    1.18 ^ _071827_/ZN (NAND2_X1)
   0.02    1.19 v _071899_/Z (XOR2_X1)
   0.03    1.23 v _071900_/ZN (AND2_X1)
   0.03    1.26 ^ _071901_/ZN (NOR2_X1)
   0.03    1.29 ^ _071902_/ZN (OR2_X1)
   0.02    1.31 v _071903_/ZN (NAND2_X1)
   0.03    1.34 v _071905_/ZN (AND2_X1)
   0.05    1.39 ^ _071906_/ZN (AOI21_X1)
   0.02    1.40 v _071953_/ZN (OAI21_X1)
   0.06    1.46 ^ _071954_/ZN (AOI21_X1)
   0.00    1.46 ^ _125527_/D (DFF_X1)
           1.46   data arrival time

   1.46    1.46   clock fir_clk (rise edge)
   0.00    1.46   clock network delay (ideal)
   0.00    1.46   clock reconvergence pessimism
           1.46 ^ _125527_/CK (DFF_X1)
  -0.04    1.42   library setup time
           1.42   data required time
---------------------------------------------------------
           1.42   data required time
          -1.46   data arrival time
---------------------------------------------------------
          -0.04   slack (VIOLATED)


Startpoint: _125483_ (rising edge-triggered flip-flop clocked by fir_clk)
Endpoint: _125543_ (rising edge-triggered flip-flop clocked by fir_clk)
Path Group: fir_clk
Path Type: max

  Delay    Time   Description
---------------------------------------------------------
   0.00    0.00   clock fir_clk (rise edge)
   0.00    0.00   clock network delay (ideal)
   0.00    0.00 ^ _125483_/CK (DFF_X1)
   0.12    0.12 ^ _125483_/Q (DFF_X1)
   0.08    0.20 ^ _070432_/Z (XOR2_X1)
   0.06    0.26 ^ _070462_/ZN (XNOR2_X1)
   0.05    0.31 ^ _070485_/ZN (XNOR2_X1)
   0.05    0.36 ^ _070487_/ZN (XNOR2_X1)
   0.05    0.41 ^ _070500_/ZN (XNOR2_X1)
   0.06    0.48 ^ _070506_/Z (XOR2_X1)
   0.03    0.51 v _070571_/ZN (XNOR2_X1)
   0.06    0.57 v _070601_/Z (XOR2_X1)
   0.03    0.60 v _070602_/ZN (AND2_X1)
   0.08    0.68 v _070650_/ZN (OR3_X1)
   0.04    0.71 v _070651_/ZN (AND2_X1)
   0.05    0.77 v _070655_/Z (XOR2_X1)
   0.07    0.83 v _070972_/ZN (OR3_X1)
   0.02    0.86 ^ _070973_/ZN (NAND2_X1)
   0.04    0.90 ^ _070976_/ZN (XNOR2_X1)
   0.01    0.91 v _071011_/ZN (NOR2_X1)
   0.05    0.96 ^ _071012_/ZN (NOR2_X1)
   0.02    0.98 v _071014_/ZN (OAI21_X1)
   0.03    1.01 v _071016_/ZN (AND2_X1)
   0.03    1.04 ^ _071017_/ZN (NOR2_X1)
   0.01    1.06 v _071018_/ZN (NOR2_X1)
   0.05    1.11 v _071019_/ZN (OR2_X1)
   0.03    1.14 v _071020_/ZN (AND2_X1)
   0.04    1.18 ^ _071021_/ZN (NOR2_X1)
   0.02    1.21 v _071023_/ZN (OAI21_X1)
   0.03    1.24 v _071025_/ZN (AND2_X1)
   0.04    1.28 ^ _071026_/ZN (NOR2_X1)
   0.02    1.31 v _071027_/ZN (OAI21_X1)
   0.03    1.34 v _071029_/ZN (AND2_X1)
   0.04    1.38 ^ _071030_/ZN (NOR2_X1)
   0.02    1.39 v _071075_/ZN (OAI21_X1)
   0.06    1.45 ^ _071076_/ZN (AOI21_X1)
   0.00    1.45 ^ _125543_/D (DFF_X1)
           1.45   data arrival time

   1.46    1.46   clock fir_clk (rise edge)
   0.00    1.46   clock network delay (ideal)
   0.00    1.46   clock reconvergence pessimism
           1.46 ^ _125543_/CK (DFF_X1)
  -0.04    1.42   library setup time
           1.42   data required time
---------------------------------------------------------
           1.42   data required time
          -1.45   data arrival time
---------------------------------------------------------
          -0.03   slack (VIOLATED)


Startpoint: _125434_ (rising edge-triggered flip-flop clocked by fir_clk)
Endpoint: _125526_ (rising edge-triggered flip-flop clocked by fir_clk)
Path Group: fir_clk
Path Type: max

  Delay    Time   Description
---------------------------------------------------------
   0.00    0.00   clock fir_clk (rise edge)
   0.00    0.00   clock network delay (ideal)
   0.00    0.00 ^ _125434_/CK (DFF_X1)
   0.13    0.13 ^ _125434_/Q (DFF_X1)
   0.08    0.21 ^ _071196_/Z (XOR2_X1)
   0.06    0.27 ^ _071209_/ZN (XNOR2_X1)
   0.05    0.33 ^ _071246_/ZN (XNOR2_X1)
   0.06    0.39 ^ _071261_/Z (XOR2_X1)
   0.05    0.44 ^ _071266_/ZN (XNOR2_X1)
   0.01    0.46 v _071267_/ZN (NOR2_X1)
   0.05    0.51 ^ _071271_/ZN (AOI21_X1)
   0.01    0.52 v _071272_/ZN (NOR2_X1)
   0.04    0.57 ^ _071273_/ZN (NOR2_X1)
   0.01    0.58 v _071274_/ZN (NOR2_X1)
   0.04    0.62 ^ _071275_/ZN (OAI21_X1)
   0.03    0.64 v _071276_/ZN (OAI21_X1)
   0.02    0.66 ^ _071278_/ZN (NAND2_X1)
   0.02    0.68 v _071279_/ZN (NAND2_X1)
   0.02    0.69 ^ _071281_/ZN (NAND2_X1)
   0.02    0.71 v _071282_/ZN (AOI21_X1)
   0.05    0.76 v _071283_/ZN (OR2_X1)
   0.03    0.80 v _071284_/ZN (AND2_X1)
   0.07    0.87 v _071366_/ZN (OR3_X1)
   0.04    0.91 v _071367_/ZN (AND2_X1)
   0.05    0.96 v _071423_/Z (XOR2_X1)
   0.06    1.02 v _071601_/Z (XOR2_X1)
   0.05    1.07 v _071676_/Z (XOR2_X1)
   0.08    1.15 v _071826_/ZN (OR3_X1)
   0.02    1.18 ^ _071827_/ZN (NAND2_X1)
   0.05    1.23 ^ _071899_/Z (XOR2_X1)
   0.04    1.27 ^ _071900_/ZN (AND2_X1)
   0.01    1.28 v _071901_/ZN (NOR2_X1)
   0.05    1.33 v _071902_/ZN (OR2_X1)
   0.02    1.35 ^ _071903_/ZN (NAND2_X1)
   0.01    1.37 v _071955_/ZN (OAI21_X1)
   0.04    1.41 ^ _071956_/ZN (NOR2_X1)
   0.00    1.41 ^ _125526_/D (DFF_X1)
           1.41   data arrival time

   1.46    1.46   clock fir_clk (rise edge)
   0.00    1.46   clock network delay (ideal)
   0.00    1.46   clock reconvergence pessimism
           1.46 ^ _125526_/CK (DFF_X1)
  -0.03    1.43   library setup time
           1.43   data required time
---------------------------------------------------------
           1.43   data required time
          -1.41   data arrival time
---------------------------------------------------------
           0.01   slack (MET)


Startpoint: _125434_ (rising edge-triggered flip-flop clocked by fir_clk)
Endpoint: _125525_ (rising edge-triggered flip-flop clocked by fir_clk)
Path Group: fir_clk
Path Type: max

  Delay    Time   Description
---------------------------------------------------------
   0.00    0.00   clock fir_clk (rise edge)
   0.00    0.00   clock network delay (ideal)
   0.00    0.00 ^ _125434_/CK (DFF_X1)
   0.13    0.13 ^ _125434_/Q (DFF_X1)
   0.08    0.21 ^ _071196_/Z (XOR2_X1)
   0.06    0.27 ^ _071209_/ZN (XNOR2_X1)
   0.05    0.33 ^ _071246_/ZN (XNOR2_X1)
   0.06    0.39 ^ _071261_/Z (XOR2_X1)
   0.05    0.44 ^ _071266_/ZN (XNOR2_X1)
   0.01    0.46 v _071267_/ZN (NOR2_X1)
   0.05    0.51 ^ _071271_/ZN (AOI21_X1)
   0.01    0.52 v _071272_/ZN (NOR2_X1)
   0.04    0.57 ^ _071273_/ZN (NOR2_X1)
   0.01    0.58 v _071274_/ZN (NOR2_X1)
   0.04    0.62 ^ _071275_/ZN (OAI21_X1)
   0.03    0.64 v _071276_/ZN (OAI21_X1)
   0.02    0.66 ^ _071278_/ZN (NAND2_X1)
   0.02    0.68 v _071279_/ZN (NAND2_X1)
   0.02    0.69 ^ _071281_/ZN (NAND2_X1)
   0.02    0.71 v _071282_/ZN (AOI21_X1)
   0.05    0.76 v _071283_/ZN (OR2_X1)
   0.03    0.80 v _071284_/ZN (AND2_X1)
   0.07    0.87 v _071366_/ZN (OR3_X1)
   0.04    0.91 v _071367_/ZN (AND2_X1)
   0.05    0.96 v _071423_/Z (XOR2_X1)
   0.06    1.02 v _071601_/Z (XOR2_X1)
   0.05    1.07 v _071676_/Z (XOR2_X1)
   0.08    1.15 v _071826_/ZN (OR3_X1)
   0.02    1.18 ^ _071827_/ZN (NAND2_X1)
   0.05    1.23 ^ _071899_/Z (XOR2_X1)
   0.04    1.27 ^ _071900_/ZN (AND2_X1)
   0.01    1.28 v _071901_/ZN (NOR2_X1)
   0.05    1.33 v _071902_/ZN (OR2_X1)
   0.02    1.35 ^ _071957_/ZN (NAND2_X1)
   0.02    1.37 v _071958_/ZN (AOI21_X1)
   0.00    1.37 v _125525_/D (DFF_X1)
           1.37   data arrival time

   1.46    1.46   clock fir_clk (rise edge)
   0.00    1.46   clock network delay (ideal)
   0.00    1.46   clock reconvergence pessimism
           1.46 ^ _125525_/CK (DFF_X1)
  -0.04    1.42   library setup time
           1.42   data required time
---------------------------------------------------------
           1.42   data required time
          -1.37   data arrival time
---------------------------------------------------------
           0.05   slack (MET)


Startpoint: _125483_ (rising edge-triggered flip-flop clocked by fir_clk)
Endpoint: _125541_ (rising edge-triggered flip-flop clocked by fir_clk)
Path Group: fir_clk
Path Type: max

  Delay    Time   Description
---------------------------------------------------------
   0.00    0.00   clock fir_clk (rise edge)
   0.00    0.00   clock network delay (ideal)
   0.00    0.00 ^ _125483_/CK (DFF_X1)
   0.12    0.12 ^ _125483_/Q (DFF_X1)
   0.08    0.20 ^ _070432_/Z (XOR2_X1)
   0.06    0.26 ^ _070462_/ZN (XNOR2_X1)
   0.05    0.31 ^ _070485_/ZN (XNOR2_X1)
   0.05    0.36 ^ _070487_/ZN (XNOR2_X1)
   0.05    0.41 ^ _070500_/ZN (XNOR2_X1)
   0.06    0.48 ^ _070506_/Z (XOR2_X1)
   0.03    0.51 v _070571_/ZN (XNOR2_X1)
   0.06    0.57 v _070601_/Z (XOR2_X1)
   0.03    0.60 v _070602_/ZN (AND2_X1)
   0.08    0.68 v _070650_/ZN (OR3_X1)
   0.04    0.71 v _070651_/ZN (AND2_X1)
   0.05    0.77 v _070655_/Z (XOR2_X1)
   0.07    0.83 v _070972_/ZN (OR3_X1)
   0.02    0.86 ^ _070973_/ZN (NAND2_X1)
   0.04    0.90 ^ _070976_/ZN (XNOR2_X1)
   0.01    0.91 v _071011_/ZN (NOR2_X1)
   0.05    0.96 ^ _071012_/ZN (NOR2_X1)
   0.02    0.98 v _071014_/ZN (OAI21_X1)
   0.03    1.01 v _071016_/ZN (AND2_X1)
   0.03    1.04 ^ _071017_/ZN (NOR2_X1)
   0.01    1.06 v _071018_/ZN (NOR2_X1)
   0.05    1.11 v _071019_/ZN (OR2_X1)
   0.03    1.14 v _071020_/ZN (AND2_X1)
   0.04    1.18 ^ _071021_/ZN (NOR2_X1)
   0.02    1.21 v _071023_/ZN (OAI21_X1)
   0.03    1.24 v _071025_/ZN (AND2_X1)
   0.04    1.28 ^ _071026_/ZN (NOR2_X1)
   0.02    1.30 v _071079_/ZN (OAI21_X1)
   0.06    1.36 ^ _071080_/ZN (AOI21_X1)
   0.00    1.36 ^ _125541_/D (DFF_X1)
           1.36   data arrival time

   1.46    1.46   clock fir_clk (rise edge)
   0.00    1.46   clock network delay (ideal)
   0.00    1.46   clock reconvergence pessimism
           1.46 ^ _125541_/CK (DFF_X1)
  -0.04    1.42   library setup time
           1.42   data required time
---------------------------------------------------------
           1.42   data required time
          -1.36   data arrival time
---------------------------------------------------------
           0.06   slack (MET)


Startpoint: _125483_ (rising edge-triggered flip-flop clocked by fir_clk)
Endpoint: _125542_ (rising edge-triggered flip-flop clocked by fir_clk)
Path Group: fir_clk
Path Type: max

  Delay    Time   Description
---------------------------------------------------------
   0.00    0.00   clock fir_clk (rise edge)
   0.00    0.00   clock network delay (ideal)
   0.00    0.00 ^ _125483_/CK (DFF_X1)
   0.12    0.12 ^ _125483_/Q (DFF_X1)
   0.08    0.20 ^ _070432_/Z (XOR2_X1)
   0.06    0.26 ^ _070462_/ZN (XNOR2_X1)
   0.05    0.31 ^ _070485_/ZN (XNOR2_X1)
   0.05    0.36 ^ _070487_/ZN (XNOR2_X1)
   0.05    0.41 ^ _070500_/ZN (XNOR2_X1)
   0.06    0.48 ^ _070506_/Z (XOR2_X1)
   0.03    0.51 v _070571_/ZN (XNOR2_X1)
   0.06    0.57 v _070601_/Z (XOR2_X1)
   0.03    0.60 v _070602_/ZN (AND2_X1)
   0.08    0.68 v _070650_/ZN (OR3_X1)
   0.04    0.71 v _070651_/ZN (AND2_X1)
   0.05    0.77 v _070655_/Z (XOR2_X1)
   0.07    0.83 v _070972_/ZN (OR3_X1)
   0.02    0.86 ^ _070973_/ZN (NAND2_X1)
   0.04    0.90 ^ _070976_/ZN (XNOR2_X1)
   0.01    0.91 v _071011_/ZN (NOR2_X1)
   0.05    0.96 ^ _071012_/ZN (NOR2_X1)
   0.02    0.98 v _071014_/ZN (OAI21_X1)
   0.03    1.01 v _071016_/ZN (AND2_X1)
   0.03    1.04 ^ _071017_/ZN (NOR2_X1)
   0.01    1.06 v _071018_/ZN (NOR2_X1)
   0.05    1.11 v _071019_/ZN (OR2_X1)
   0.03    1.14 v _071020_/ZN (AND2_X1)
   0.04    1.18 ^ _071021_/ZN (NOR2_X1)
   0.02    1.21 v _071023_/ZN (OAI21_X1)
   0.03    1.24 v _071025_/ZN (AND2_X1)
   0.04    1.28 ^ _071026_/ZN (NOR2_X1)
   0.02    1.31 v _071027_/ZN (OAI21_X1)
   0.03    1.34 v _071029_/ZN (AND2_X1)
   0.02    1.36 ^ _071078_/ZN (NOR2_X1)
   0.00    1.36 ^ _125542_/D (DFF_X1)
           1.36   data arrival time

   1.46    1.46   clock fir_clk (rise edge)
   0.00    1.46   clock network delay (ideal)
   0.00    1.46   clock reconvergence pessimism
           1.46 ^ _125542_/CK (DFF_X1)
  -0.03    1.43   library setup time
           1.43   data required time
---------------------------------------------------------
           1.43   data required time
          -1.36   data arrival time
---------------------------------------------------------
           0.07   slack (MET)


Startpoint: _125434_ (rising edge-triggered flip-flop clocked by fir_clk)
Endpoint: _125524_ (rising edge-triggered flip-flop clocked by fir_clk)
Path Group: fir_clk
Path Type: max

  Delay    Time   Description
---------------------------------------------------------
   0.00    0.00   clock fir_clk (rise edge)
   0.00    0.00   clock network delay (ideal)
   0.00    0.00 ^ _125434_/CK (DFF_X1)
   0.13    0.13 ^ _125434_/Q (DFF_X1)
   0.08    0.21 ^ _071196_/Z (XOR2_X1)
   0.06    0.27 ^ _071209_/ZN (XNOR2_X1)
   0.05    0.33 ^ _071246_/ZN (XNOR2_X1)
   0.06    0.39 ^ _071261_/Z (XOR2_X1)
   0.05    0.44 ^ _071266_/ZN (XNOR2_X1)
   0.01    0.46 v _071267_/ZN (NOR2_X1)
   0.05    0.51 ^ _071271_/ZN (AOI21_X1)
   0.01    0.52 v _071272_/ZN (NOR2_X1)
   0.04    0.57 ^ _071273_/ZN (NOR2_X1)
   0.01    0.58 v _071274_/ZN (NOR2_X1)
   0.04    0.62 ^ _071275_/ZN (OAI21_X1)
   0.03    0.64 v _071276_/ZN (OAI21_X1)
   0.02    0.66 ^ _071278_/ZN (NAND2_X1)
   0.02    0.68 v _071279_/ZN (NAND2_X1)
   0.02    0.69 ^ _071281_/ZN (NAND2_X1)
   0.02    0.71 v _071282_/ZN (AOI21_X1)
   0.05    0.76 v _071283_/ZN (OR2_X1)
   0.03    0.80 v _071284_/ZN (AND2_X1)
   0.07    0.87 v _071366_/ZN (OR3_X1)
   0.04    0.91 v _071367_/ZN (AND2_X1)
   0.05    0.96 v _071423_/Z (XOR2_X1)
   0.06    1.02 v _071601_/Z (XOR2_X1)
   0.05    1.07 v _071676_/Z (XOR2_X1)
   0.08    1.15 v _071826_/ZN (OR3_X1)
   0.02    1.18 ^ _071827_/ZN (NAND2_X1)
   0.05    1.23 ^ _071899_/Z (XOR2_X1)
   0.02    1.25 v _071959_/ZN (OAI21_X1)
   0.04    1.29 ^ _071960_/ZN (NOR2_X1)
   0.00    1.29 ^ _125524_/D (DFF_X1)
           1.29   data arrival time

   1.46    1.46   clock fir_clk (rise edge)
   0.00    1.46   clock network delay (ideal)
   0.00    1.46   clock reconvergence pessimism
           1.46 ^ _125524_/CK (DFF_X1)
  -0.03    1.43   library setup time
           1.43   data required time
---------------------------------------------------------
           1.43   data required time
          -1.29   data arrival time
---------------------------------------------------------
           0.13   slack (MET)


Startpoint: _125483_ (rising edge-triggered flip-flop clocked by fir_clk)
Endpoint: _125539_ (rising edge-triggered flip-flop clocked by fir_clk)
Path Group: fir_clk
Path Type: max

  Delay    Time   Description
---------------------------------------------------------
   0.00    0.00   clock fir_clk (rise edge)
   0.00    0.00   clock network delay (ideal)
   0.00    0.00 ^ _125483_/CK (DFF_X1)
   0.12    0.12 ^ _125483_/Q (DFF_X1)
   0.08    0.20 ^ _070432_/Z (XOR2_X1)
   0.06    0.26 ^ _070462_/ZN (XNOR2_X1)
   0.05    0.31 ^ _070485_/ZN (XNOR2_X1)
   0.05    0.36 ^ _070487_/ZN (XNOR2_X1)
   0.05    0.41 ^ _070500_/ZN (XNOR2_X1)
   0.06    0.48 ^ _070506_/Z (XOR2_X1)
   0.03    0.51 v _070571_/ZN (XNOR2_X1)
   0.06    0.57 v _070601_/Z (XOR2_X1)
   0.03    0.60 v _070602_/ZN (AND2_X1)
   0.08    0.68 v _070650_/ZN (OR3_X1)
   0.04    0.71 v _070651_/ZN (AND2_X1)
   0.05    0.77 v _070655_/Z (XOR2_X1)
   0.07    0.83 v _070972_/ZN (OR3_X1)
   0.02    0.86 ^ _070973_/ZN (NAND2_X1)
   0.04    0.90 ^ _070976_/ZN (XNOR2_X1)
   0.01    0.91 v _071011_/ZN (NOR2_X1)
   0.05    0.96 ^ _071012_/ZN (NOR2_X1)
   0.02    0.98 v _071014_/ZN (OAI21_X1)
   0.03    1.01 v _071016_/ZN (AND2_X1)
   0.03    1.04 ^ _071017_/ZN (NOR2_X1)
   0.01    1.06 v _071018_/ZN (NOR2_X1)
   0.05    1.11 v _071019_/ZN (OR2_X1)
   0.03    1.14 v _071020_/ZN (AND2_X1)
   0.04    1.18 ^ _071021_/ZN (NOR2_X1)
   0.02    1.20 v _071083_/ZN (OAI21_X1)
   0.06    1.26 ^ _071084_/ZN (AOI21_X1)
   0.00    1.26 ^ _125539_/D (DFF_X1)
           1.26   data arrival time

   1.46    1.46   clock fir_clk (rise edge)
   0.00    1.46   clock network delay (ideal)
   0.00    1.46   clock reconvergence pessimism
           1.46 ^ _125539_/CK (DFF_X1)
  -0.04    1.42   library setup time
           1.42   data required time
---------------------------------------------------------
           1.42   data required time
          -1.26   data arrival time
---------------------------------------------------------
           0.16   slack (MET)


Startpoint: _125483_ (rising edge-triggered flip-flop clocked by fir_clk)
Endpoint: _125540_ (rising edge-triggered flip-flop clocked by fir_clk)
Path Group: fir_clk
Path Type: max

  Delay    Time   Description
---------------------------------------------------------
   0.00    0.00   clock fir_clk (rise edge)
   0.00    0.00   clock network delay (ideal)
   0.00    0.00 ^ _125483_/CK (DFF_X1)
   0.12    0.12 ^ _125483_/Q (DFF_X1)
   0.08    0.20 ^ _070432_/Z (XOR2_X1)
   0.06    0.26 ^ _070462_/ZN (XNOR2_X1)
   0.05    0.31 ^ _070485_/ZN (XNOR2_X1)
   0.05    0.36 ^ _070487_/ZN (XNOR2_X1)
   0.05    0.41 ^ _070500_/ZN (XNOR2_X1)
   0.06    0.48 ^ _070506_/Z (XOR2_X1)
   0.03    0.51 v _070571_/ZN (XNOR2_X1)
   0.06    0.57 v _070601_/Z (XOR2_X1)
   0.03    0.60 v _070602_/ZN (AND2_X1)
   0.08    0.68 v _070650_/ZN (OR3_X1)
   0.04    0.71 v _070651_/ZN (AND2_X1)
   0.05    0.77 v _070655_/Z (XOR2_X1)
   0.07    0.83 v _070972_/ZN (OR3_X1)
   0.02    0.86 ^ _070973_/ZN (NAND2_X1)
   0.04    0.90 ^ _070976_/ZN (XNOR2_X1)
   0.01    0.91 v _071011_/ZN (NOR2_X1)
   0.05    0.96 ^ _071012_/ZN (NOR2_X1)
   0.02    0.98 v _071014_/ZN (OAI21_X1)
   0.03    1.01 v _071016_/ZN (AND2_X1)
   0.03    1.04 ^ _071017_/ZN (NOR2_X1)
   0.01    1.06 v _071018_/ZN (NOR2_X1)
   0.05    1.11 v _071019_/ZN (OR2_X1)
   0.03    1.14 v _071020_/ZN (AND2_X1)
   0.04    1.18 ^ _071021_/ZN (NOR2_X1)
   0.02    1.21 v _071023_/ZN (OAI21_X1)
   0.03    1.24 v _071025_/ZN (AND2_X1)
   0.02    1.26 ^ _071082_/ZN (NOR2_X1)
   0.00    1.26 ^ _125540_/D (DFF_X1)
           1.26   data arrival time

   1.46    1.46   clock fir_clk (rise edge)
   0.00    1.46   clock network delay (ideal)
   0.00    1.46   clock reconvergence pessimism
           1.46 ^ _125540_/CK (DFF_X1)
  -0.03    1.43   library setup time
           1.43   data required time
---------------------------------------------------------
           1.43   data required time
          -1.26   data arrival time
---------------------------------------------------------
           0.17   slack (MET)


Startpoint: _125434_ (rising edge-triggered flip-flop clocked by fir_clk)
Endpoint: _125523_ (rising edge-triggered flip-flop clocked by fir_clk)
Path Group: fir_clk
Path Type: max

  Delay    Time   Description
---------------------------------------------------------
   0.00    0.00   clock fir_clk (rise edge)
   0.00    0.00   clock network delay (ideal)
   0.00    0.00 ^ _125434_/CK (DFF_X1)
   0.13    0.13 ^ _125434_/Q (DFF_X1)
   0.08    0.21 ^ _071196_/Z (XOR2_X1)
   0.06    0.27 ^ _071209_/ZN (XNOR2_X1)
   0.05    0.33 ^ _071246_/ZN (XNOR2_X1)
   0.06    0.39 ^ _071261_/Z (XOR2_X1)
   0.05    0.44 ^ _071266_/ZN (XNOR2_X1)
   0.05    0.49 ^ _071270_/ZN (XNOR2_X1)
   0.05    0.54 ^ _071400_/ZN (XNOR2_X1)
   0.06    0.60 ^ _071407_/Z (XOR2_X1)
   0.06    0.66 ^ _071634_/Z (XOR2_X1)
   0.06    0.72 ^ _071658_/Z (XOR2_X1)
   0.03    0.75 v _071855_/ZN (XNOR2_X1)
   0.06    0.81 v _071881_/Z (XOR2_X1)
   0.05    0.86 ^ _071882_/ZN (AOI21_X1)
   0.02    0.88 v _071884_/ZN (OAI21_X1)
   0.04    0.92 v _071885_/ZN (AND2_X1)
   0.04    0.96 ^ _071886_/ZN (AOI21_X1)
   0.03    0.99 ^ _071888_/ZN (OR2_X1)
   0.02    1.01 v _071889_/ZN (NAND2_X1)
   0.03    1.04 v _071891_/ZN (AND2_X1)
   0.04    1.08 ^ _071892_/ZN (NOR2_X1)
   0.03    1.11 v _071894_/ZN (OAI21_X1)
   0.04    1.15 ^ _071895_/ZN (AOI21_X1)
   0.03    1.18 ^ _071897_/ZN (OR2_X1)
   0.01    1.19 v _071961_/ZN (NAND2_X1)
   0.06    1.25 ^ _071962_/ZN (AOI21_X1)
   0.00    1.25 ^ _125523_/D (DFF_X1)
           1.25   data arrival time

   1.46    1.46   clock fir_clk (rise edge)
   0.00    1.46   clock network delay (ideal)
   0.00    1.46   clock reconvergence pessimism
           1.46 ^ _125523_/CK (DFF_X1)
  -0.04    1.42   library setup time
           1.42   data required time
---------------------------------------------------------
           1.42   data required time
          -1.25   data arrival time
---------------------------------------------------------
           0.17   slack (MET)


Startpoint: _110327_ (rising edge-triggered flip-flop clocked by fir_clk)
Endpoint: _125511_ (rising edge-triggered flip-flop clocked by fir_clk)
Path Group: fir_clk
Path Type: max

  Delay    Time   Description
---------------------------------------------------------
   0.00    0.00   clock fir_clk (rise edge)
   0.00    0.00   clock network delay (ideal)
   0.00    0.00 ^ _110327_/CK (DFFS_X1)
   0.30    0.30 ^ _110327_/Q (DFFS_X1)
   0.74    1.04 v _062731_/ZN (INV_X1)
   0.12    1.16 ^ _109416_/ZN (OAI21_X1)
   0.02    1.18 v _109417_/ZN (AOI21_X1)
   0.00    1.18 v _125511_/D (DFF_X1)
           1.18   data arrival time

   1.46    1.46   clock fir_clk (rise edge)
   0.00    1.46   clock network delay (ideal)
   0.00    1.46   clock reconvergence pessimism
           1.46 ^ _125511_/CK (DFF_X1)
  -0.08    1.38   library setup time
           1.38   data required time
---------------------------------------------------------
           1.38   data required time
          -1.18   data arrival time
---------------------------------------------------------
           0.20   slack (MET)


Startpoint: _110327_ (rising edge-triggered flip-flop clocked by fir_clk)
Endpoint: _125494_ (rising edge-triggered flip-flop clocked by fir_clk)
Path Group: fir_clk
Path Type: max

  Delay    Time   Description
---------------------------------------------------------
   0.00    0.00   clock fir_clk (rise edge)
   0.00    0.00   clock network delay (ideal)
   0.00    0.00 ^ _110327_/CK (DFFS_X1)
   0.30    0.30 ^ _110327_/Q (DFFS_X1)
   0.74    1.04 v _062731_/ZN (INV_X1)
   0.11    1.15 ^ _109411_/ZN (OAI21_X1)
   0.02    1.17 v _109412_/ZN (AOI21_X1)
   0.00    1.17 v _125494_/D (DFF_X1)
           1.17   data arrival time

   1.46    1.46   clock fir_clk (rise edge)
   0.00    1.46   clock network delay (ideal)
   0.00    1.46   clock reconvergence pessimism
           1.46 ^ _125494_/CK (DFF_X1)
  -0.08    1.38   library setup time
           1.38   data required time
---------------------------------------------------------
           1.38   data required time
          -1.17   data arrival time
---------------------------------------------------------
           0.21   slack (MET)


Startpoint: _110327_ (rising edge-triggered flip-flop clocked by fir_clk)
Endpoint: _110335_ (rising edge-triggered flip-flop clocked by fir_clk)
Path Group: fir_clk
Path Type: max

  Delay    Time   Description
---------------------------------------------------------
   0.00    0.00   clock fir_clk (rise edge)
   0.00    0.00   clock network delay (ideal)
   0.00    0.00 ^ _110327_/CK (DFFS_X1)
   0.18    0.18 v _110327_/Q (DFFS_X1)
   0.95    1.13 ^ _062731_/ZN (INV_X1)
   0.01    1.13 v _096752_/ZN (OAI21_X1)
   0.07    1.21 ^ _096753_/ZN (AOI21_X1)
   0.00    1.21 ^ _110335_/D (DFF_X1)
           1.21   data arrival time

   1.46    1.46   clock fir_clk (rise edge)
   0.00    1.46   clock network delay (ideal)
   0.00    1.46   clock reconvergence pessimism
           1.46 ^ _110335_/CK (DFF_X1)
  -0.04    1.42   library setup time
           1.42   data required time
---------------------------------------------------------
           1.42   data required time
          -1.21   data arrival time
---------------------------------------------------------
           0.21   slack (MET)


Startpoint: _110327_ (rising edge-triggered flip-flop clocked by fir_clk)
Endpoint: _110336_ (rising edge-triggered flip-flop clocked by fir_clk)
Path Group: fir_clk
Path Type: max

  Delay    Time   Description
---------------------------------------------------------
   0.00    0.00   clock fir_clk (rise edge)
   0.00    0.00   clock network delay (ideal)
   0.00    0.00 ^ _110327_/CK (DFFS_X1)
   0.18    0.18 v _110327_/Q (DFFS_X1)
   0.95    1.13 ^ _062731_/ZN (INV_X1)
   0.01    1.13 v _096741_/ZN (OAI21_X1)
   0.07    1.21 ^ _096742_/ZN (AOI21_X1)
   0.00    1.21 ^ _110336_/D (DFF_X1)
           1.21   data arrival time

   1.46    1.46   clock fir_clk (rise edge)
   0.00    1.46   clock network delay (ideal)
   0.00    1.46   clock reconvergence pessimism
           1.46 ^ _110336_/CK (DFF_X1)
  -0.04    1.42   library setup time
           1.42   data required time
---------------------------------------------------------
           1.42   data required time
          -1.21   data arrival time
---------------------------------------------------------
           0.21   slack (MET)


Startpoint: _110327_ (rising edge-triggered flip-flop clocked by fir_clk)
Endpoint: _110337_ (rising edge-triggered flip-flop clocked by fir_clk)
Path Group: fir_clk
Path Type: max

  Delay    Time   Description
---------------------------------------------------------
   0.00    0.00   clock fir_clk (rise edge)
   0.00    0.00   clock network delay (ideal)
   0.00    0.00 ^ _110327_/CK (DFFS_X1)
   0.18    0.18 v _110327_/Q (DFFS_X1)
   0.95    1.13 ^ _062731_/ZN (INV_X1)
   0.01    1.13 v _096730_/ZN (OAI21_X1)
   0.07    1.21 ^ _096731_/ZN (AOI21_X1)
   0.00    1.21 ^ _110337_/D (DFF_X1)
           1.21   data arrival time

   1.46    1.46   clock fir_clk (rise edge)
   0.00    1.46   clock network delay (ideal)
   0.00    1.46   clock reconvergence pessimism
           1.46 ^ _110337_/CK (DFF_X1)
  -0.04    1.42   library setup time
           1.42   data required time
---------------------------------------------------------
           1.42   data required time
          -1.21   data arrival time
---------------------------------------------------------
           0.21   slack (MET)


Startpoint: _110327_ (rising edge-triggered flip-flop clocked by fir_clk)
Endpoint: _110338_ (rising edge-triggered flip-flop clocked by fir_clk)
Path Group: fir_clk
Path Type: max

  Delay    Time   Description
---------------------------------------------------------
   0.00    0.00   clock fir_clk (rise edge)
   0.00    0.00   clock network delay (ideal)
   0.00    0.00 ^ _110327_/CK (DFFS_X1)
   0.18    0.18 v _110327_/Q (DFFS_X1)
   0.95    1.13 ^ _062731_/ZN (INV_X1)
   0.01    1.13 v _096719_/ZN (OAI21_X1)
   0.07    1.21 ^ _096720_/ZN (AOI21_X1)
   0.00    1.21 ^ _110338_/D (DFF_X1)
           1.21   data arrival time

   1.46    1.46   clock fir_clk (rise edge)
   0.00    1.46   clock network delay (ideal)
   0.00    1.46   clock reconvergence pessimism
           1.46 ^ _110338_/CK (DFF_X1)
  -0.04    1.42   library setup time
           1.42   data required time
---------------------------------------------------------
           1.42   data required time
          -1.21   data arrival time
---------------------------------------------------------
           0.21   slack (MET)


Startpoint: _110327_ (rising edge-triggered flip-flop clocked by fir_clk)
Endpoint: _110339_ (rising edge-triggered flip-flop clocked by fir_clk)
Path Group: fir_clk
Path Type: max

  Delay    Time   Description
---------------------------------------------------------
   0.00    0.00   clock fir_clk (rise edge)
   0.00    0.00   clock network delay (ideal)
   0.00    0.00 ^ _110327_/CK (DFFS_X1)
   0.18    0.18 v _110327_/Q (DFFS_X1)
   0.95    1.13 ^ _062731_/ZN (INV_X1)
   0.01    1.13 v _096708_/ZN (OAI21_X1)
   0.07    1.21 ^ _096709_/ZN (AOI21_X1)
   0.00    1.21 ^ _110339_/D (DFF_X1)
           1.21   data arrival time

   1.46    1.46   clock fir_clk (rise edge)
   0.00    1.46   clock network delay (ideal)
   0.00    1.46   clock reconvergence pessimism
           1.46 ^ _110339_/CK (DFF_X1)
  -0.04    1.42   library setup time
           1.42   data required time
---------------------------------------------------------
           1.42   data required time
          -1.21   data arrival time
---------------------------------------------------------
           0.21   slack (MET)


Startpoint: _110327_ (rising edge-triggered flip-flop clocked by fir_clk)
Endpoint: _110340_ (rising edge-triggered flip-flop clocked by fir_clk)
Path Group: fir_clk
Path Type: max

  Delay    Time   Description
---------------------------------------------------------
   0.00    0.00   clock fir_clk (rise edge)
   0.00    0.00   clock network delay (ideal)
   0.00    0.00 ^ _110327_/CK (DFFS_X1)
   0.18    0.18 v _110327_/Q (DFFS_X1)
   0.95    1.13 ^ _062731_/ZN (INV_X1)
   0.01    1.13 v _096697_/ZN (OAI21_X1)
   0.07    1.21 ^ _096698_/ZN (AOI21_X1)
   0.00    1.21 ^ _110340_/D (DFF_X1)
           1.21   data arrival time

   1.46    1.46   clock fir_clk (rise edge)
   0.00    1.46   clock network delay (ideal)
   0.00    1.46   clock reconvergence pessimism
           1.46 ^ _110340_/CK (DFF_X1)
  -0.04    1.42   library setup time
           1.42   data required time
---------------------------------------------------------
           1.42   data required time
          -1.21   data arrival time
---------------------------------------------------------
           0.21   slack (MET)


Startpoint: _110327_ (rising edge-triggered flip-flop clocked by fir_clk)
Endpoint: _110341_ (rising edge-triggered flip-flop clocked by fir_clk)
Path Group: fir_clk
Path Type: max

  Delay    Time   Description
---------------------------------------------------------
   0.00    0.00   clock fir_clk (rise edge)
   0.00    0.00   clock network delay (ideal)
   0.00    0.00 ^ _110327_/CK (DFFS_X1)
   0.18    0.18 v _110327_/Q (DFFS_X1)
   0.95    1.13 ^ _062731_/ZN (INV_X1)
   0.01    1.13 v _096686_/ZN (OAI21_X1)
   0.07    1.21 ^ _096687_/ZN (AOI21_X1)
   0.00    1.21 ^ _110341_/D (DFF_X1)
           1.21   data arrival time

   1.46    1.46   clock fir_clk (rise edge)
   0.00    1.46   clock network delay (ideal)
   0.00    1.46   clock reconvergence pessimism
           1.46 ^ _110341_/CK (DFF_X1)
  -0.04    1.42   library setup time
           1.42   data required time
---------------------------------------------------------
           1.42   data required time
          -1.21   data arrival time
---------------------------------------------------------
           0.21   slack (MET)


Startpoint: _110327_ (rising edge-triggered flip-flop clocked by fir_clk)
Endpoint: _110342_ (rising edge-triggered flip-flop clocked by fir_clk)
Path Group: fir_clk
Path Type: max

  Delay    Time   Description
---------------------------------------------------------
   0.00    0.00   clock fir_clk (rise edge)
   0.00    0.00   clock network delay (ideal)
   0.00    0.00 ^ _110327_/CK (DFFS_X1)
   0.18    0.18 v _110327_/Q (DFFS_X1)
   0.95    1.13 ^ _062731_/ZN (INV_X1)
   0.01    1.13 v _096675_/ZN (OAI21_X1)
   0.07    1.21 ^ _096676_/ZN (AOI21_X1)
   0.00    1.21 ^ _110342_/D (DFF_X1)
           1.21   data arrival time

   1.46    1.46   clock fir_clk (rise edge)
   0.00    1.46   clock network delay (ideal)
   0.00    1.46   clock reconvergence pessimism
           1.46 ^ _110342_/CK (DFF_X1)
  -0.04    1.42   library setup time
           1.42   data required time
---------------------------------------------------------
           1.42   data required time
          -1.21   data arrival time
---------------------------------------------------------
           0.21   slack (MET)


Startpoint: fir_rst (input port clocked by fir_clk)
Endpoint: _124933_ (rising edge-triggered flip-flop clocked by fir_div32)
Path Group: fir_div32
Path Type: max

  Delay    Time   Description
---------------------------------------------------------
  45.26   45.26   clock fir_clk (rise edge)
   0.00   45.26   clock network delay (ideal)
   0.00   45.26 v input external delay
   0.00   45.26 v fir_rst (in)
   0.62   45.88 ^ _064118_/ZN (INV_X1)
   0.03   45.91 v _077069_/ZN (OAI21_X1)
   0.06   45.97 ^ _077070_/ZN (AOI21_X1)
   0.00   45.97 ^ _124933_/D (DFF_X1)
          45.97   data arrival time

  46.72   46.72   clock fir_div32 (rise edge)
   0.00   46.72   clock network delay (ideal)
   0.00   46.72   clock reconvergence pessimism
          46.72 ^ _124933_/CK (DFF_X1)
  -0.04   46.68   library setup time
          46.68   data required time
---------------------------------------------------------
          46.68   data required time
         -45.97   data arrival time
---------------------------------------------------------
           0.71   slack (MET)


Startpoint: fir_rst (input port clocked by fir_clk)
Endpoint: _124930_ (rising edge-triggered flip-flop clocked by fir_div32)
Path Group: fir_div32
Path Type: max

  Delay    Time   Description
---------------------------------------------------------
  45.26   45.26   clock fir_clk (rise edge)
   0.00   45.26   clock network delay (ideal)
   0.00   45.26 v input external delay
   0.00   45.26 v fir_rst (in)
   0.62   45.88 ^ _064118_/ZN (INV_X1)
   0.03   45.91 v _077075_/ZN (OAI21_X1)
   0.04   45.96 ^ _077076_/ZN (NOR2_X1)
   0.00   45.96 ^ _124930_/D (DFF_X1)
          45.96   data arrival time

  46.72   46.72   clock fir_div32 (rise edge)
   0.00   46.72   clock network delay (ideal)
   0.00   46.72   clock reconvergence pessimism
          46.72 ^ _124930_/CK (DFF_X1)
  -0.03   46.69   library setup time
          46.69   data required time
---------------------------------------------------------
          46.69   data required time
         -45.96   data arrival time
---------------------------------------------------------
           0.73   slack (MET)


Startpoint: fir_rst (input port clocked by fir_clk)
Endpoint: _124931_ (rising edge-triggered flip-flop clocked by fir_div32)
Path Group: fir_div32
Path Type: max

  Delay    Time   Description
---------------------------------------------------------
  45.26   45.26   clock fir_clk (rise edge)
   0.00   45.26   clock network delay (ideal)
   0.00   45.26 v input external delay
   0.00   45.26 v fir_rst (in)
   0.62   45.88 ^ _064118_/ZN (INV_X1)
   0.03   45.91 v _077073_/ZN (OAI21_X1)
   0.04   45.96 ^ _077074_/ZN (NOR2_X1)
   0.00   45.96 ^ _124931_/D (DFF_X1)
          45.96   data arrival time

  46.72   46.72   clock fir_div32 (rise edge)
   0.00   46.72   clock network delay (ideal)
   0.00   46.72   clock reconvergence pessimism
          46.72 ^ _124931_/CK (DFF_X1)
  -0.03   46.69   library setup time
          46.69   data required time
---------------------------------------------------------
          46.69   data required time
         -45.96   data arrival time
---------------------------------------------------------
           0.73   slack (MET)


Startpoint: fir_rst (input port clocked by fir_clk)
Endpoint: _124932_ (rising edge-triggered flip-flop clocked by fir_div32)
Path Group: fir_div32
Path Type: max

  Delay    Time   Description
---------------------------------------------------------
  45.26   45.26   clock fir_clk (rise edge)
   0.00   45.26   clock network delay (ideal)
   0.00   45.26 v input external delay
   0.00   45.26 v fir_rst (in)
   0.62   45.88 ^ _064118_/ZN (INV_X1)
   0.03   45.91 v _077071_/ZN (OAI21_X1)
   0.04   45.96 ^ _077072_/ZN (NOR2_X1)
   0.00   45.96 ^ _124932_/D (DFF_X1)
          45.96   data arrival time

  46.72   46.72   clock fir_div32 (rise edge)
   0.00   46.72   clock network delay (ideal)
   0.00   46.72   clock reconvergence pessimism
          46.72 ^ _124932_/CK (DFF_X1)
  -0.03   46.69   library setup time
          46.69   data required time
---------------------------------------------------------
          46.69   data required time
         -45.96   data arrival time
---------------------------------------------------------
           0.73   slack (MET)


Startpoint: fir_rst (input port clocked by fir_clk)
Endpoint: _124927_ (rising edge-triggered flip-flop clocked by fir_div32)
Path Group: fir_div32
Path Type: max

  Delay    Time   Description
---------------------------------------------------------
  45.26   45.26   clock fir_clk (rise edge)
   0.00   45.26   clock network delay (ideal)
   0.00   45.26 v input external delay
   0.00   45.26 v fir_rst (in)
   0.62   45.88 ^ _064118_/ZN (INV_X1)
   0.07   45.95 ^ _077081_/ZN (AND2_X1)
   0.00   45.95 ^ _124927_/D (DFF_X1)
          45.95   data arrival time

  46.72   46.72   clock fir_div32 (rise edge)
   0.00   46.72   clock network delay (ideal)
   0.00   46.72   clock reconvergence pessimism
          46.72 ^ _124927_/CK (DFF_X1)
  -0.04   46.68   library setup time
          46.68   data required time
---------------------------------------------------------
          46.68   data required time
         -45.95   data arrival time
---------------------------------------------------------
           0.73   slack (MET)


Startpoint: fir_rst (input port clocked by fir_clk)
Endpoint: _124928_ (rising edge-triggered flip-flop clocked by fir_div32)
Path Group: fir_div32
Path Type: max

  Delay    Time   Description
---------------------------------------------------------
  45.26   45.26   clock fir_clk (rise edge)
   0.00   45.26   clock network delay (ideal)
   0.00   45.26 v input external delay
   0.00   45.26 v fir_rst (in)
   0.03   45.29 ^ _077063_/ZN (NOR2_X1)
   0.01   45.30 v _077079_/ZN (NOR2_X1)
   0.04   45.34 ^ _077080_/ZN (AOI21_X1)
   0.00   45.34 ^ _124928_/D (DFF_X1)
          45.34   data arrival time

  46.72   46.72   clock fir_div32 (rise edge)
   0.00   46.72   clock network delay (ideal)
   0.00   46.72   clock reconvergence pessimism
          46.72 ^ _124928_/CK (DFF_X1)
  -0.03   46.69   library setup time
          46.69   data required time
---------------------------------------------------------
          46.69   data required time
         -45.34   data arrival time
---------------------------------------------------------
           1.35   slack (MET)


Startpoint: fir_rst (input port clocked by fir_clk)
Endpoint: _124929_ (rising edge-triggered flip-flop clocked by fir_div32)
Path Group: fir_div32
Path Type: max

  Delay    Time   Description
---------------------------------------------------------
  45.26   45.26   clock fir_clk (rise edge)
   0.00   45.26   clock network delay (ideal)
   0.00   45.26 v input external delay
   0.00   45.26 v fir_rst (in)
   0.03   45.29 ^ _077078_/ZN (NOR3_X1)
   0.00   45.29 ^ _124929_/D (DFF_X1)
          45.29   data arrival time

  46.72   46.72   clock fir_div32 (rise edge)
   0.00   46.72   clock network delay (ideal)
   0.00   46.72   clock reconvergence pessimism
          46.72 ^ _124929_/CK (DFF_X1)
  -0.04   46.68   library setup time
          46.68   data required time
---------------------------------------------------------
          46.68   data required time
         -45.29   data arrival time
---------------------------------------------------------
           1.40   slack (MET)


Startpoint: fir_rst (input port clocked by fir_clk)
Endpoint: _124934_ (rising edge-triggered flip-flop clocked by fir_div32)
Path Group: fir_div32
Path Type: max

  Delay    Time   Description
---------------------------------------------------------
  45.26   45.26   clock fir_clk (rise edge)
   0.00   45.26   clock network delay (ideal)
   0.00   45.26 v input external delay
   0.00   45.26 v fir_rst (in)
   0.02   45.28 ^ _109663_/ZN (NOR2_X1)
   0.00   45.28 ^ _124934_/D (DFF_X1)
          45.28   data arrival time

  46.72   46.72   clock fir_div32 (rise edge)
   0.00   46.72   clock network delay (ideal)
   0.00   46.72   clock reconvergence pessimism
          46.72 ^ _124934_/CK (DFF_X1)
  -0.03   46.69   library setup time
          46.69   data required time
---------------------------------------------------------
          46.69   data required time
         -45.28   data arrival time
---------------------------------------------------------
           1.41   slack (MET)


Startpoint: _124621_ (rising edge-triggered flip-flop clocked by i2c_clk)
Endpoint: _124618_ (rising edge-triggered flip-flop clocked by i2c_clk)
Path Group: i2c_clk
Path Type: max

  Delay    Time   Description
---------------------------------------------------------
   0.00    0.00   clock i2c_clk (rise edge)
   0.00    0.00   clock network delay (ideal)
   0.00    0.00 ^ _124621_/CK (DFF_X1)
   0.08    0.08 v _124621_/Q (DFF_X1)
   0.06    0.14 v _077827_/ZN (OR2_X1)
   0.10    0.24 ^ _077834_/ZN (NOR3_X1)
   0.03    0.26 v _077835_/ZN (NAND2_X1)
   0.10    0.36 v _077836_/ZN (OR3_X1)
   0.02    0.38 ^ _077837_/ZN (INV_X1)
   0.03    0.41 ^ _077844_/ZN (OR3_X1)
   0.01    0.42 v _077865_/ZN (NOR3_X1)
   0.36    0.77 ^ _077886_/ZN (NOR4_X1)
   0.06    0.83 v _077924_/Z (MUX2_X1)
   0.03    0.86 v _077925_/ZN (AND2_X1)
   0.00    0.86 v _124618_/D (DFF_X1)
           0.86   data arrival time

   0.90    0.90   clock i2c_clk (rise edge)
   0.00    0.90   clock network delay (ideal)
   0.00    0.90   clock reconvergence pessimism
           0.90 ^ _124618_/CK (DFF_X1)
  -0.04    0.86   library setup time
           0.86   data required time
---------------------------------------------------------
           0.86   data required time
          -0.86   data arrival time
---------------------------------------------------------
           0.00   slack (VIOLATED)


Startpoint: _124621_ (rising edge-triggered flip-flop clocked by i2c_clk)
Endpoint: _124621_ (rising edge-triggered flip-flop clocked by i2c_clk)
Path Group: i2c_clk
Path Type: max

  Delay    Time   Description
---------------------------------------------------------
   0.00    0.00   clock i2c_clk (rise edge)
   0.00    0.00   clock network delay (ideal)
   0.00    0.00 ^ _124621_/CK (DFF_X1)
   0.08    0.08 v _124621_/Q (DFF_X1)
   0.06    0.14 v _077827_/ZN (OR2_X1)
   0.10    0.24 ^ _077834_/ZN (NOR3_X1)
   0.03    0.26 v _077835_/ZN (NAND2_X1)
   0.10    0.36 v _077836_/ZN (OR3_X1)
   0.02    0.38 ^ _077837_/ZN (INV_X1)
   0.03    0.41 ^ _077844_/ZN (OR3_X1)
   0.01    0.42 v _077865_/ZN (NOR3_X1)
   0.36    0.77 ^ _077886_/ZN (NOR4_X1)
   0.06    0.84 v _077908_/Z (MUX2_X1)
   0.03    0.86 ^ _077909_/ZN (NOR2_X1)
   0.00    0.86 ^ _124621_/D (DFF_X1)
           0.86   data arrival time

   0.90    0.90   clock i2c_clk (rise edge)
   0.00    0.90   clock network delay (ideal)
   0.00    0.90   clock reconvergence pessimism
           0.90 ^ _124621_/CK (DFF_X1)
  -0.03    0.87   library setup time
           0.87   data required time
---------------------------------------------------------
           0.87   data required time
          -0.86   data arrival time
---------------------------------------------------------
           0.00   slack (MET)


Startpoint: _124692_ (rising edge-triggered flip-flop clocked by i2c_clk)
Endpoint: _124686_ (rising edge-triggered flip-flop clocked by i2c_clk)
Path Group: i2c_clk
Path Type: max

  Delay    Time   Description
---------------------------------------------------------
   0.00    0.00   clock i2c_clk (rise edge)
   0.00    0.00   clock network delay (ideal)
   0.00    0.00 ^ _124692_/CK (DFF_X1)
   0.08    0.08 v _124692_/Q (DFF_X1)
   0.12    0.21 ^ _077566_/ZN (NOR4_X1)
   0.05    0.25 v _077572_/ZN (NAND3_X1)
   0.10    0.35 v _077573_/ZN (OR3_X1)
   0.06    0.41 ^ _077574_/ZN (NOR3_X1)
   0.02    0.43 v _077584_/ZN (NAND2_X1)
   0.12    0.55 v _077586_/ZN (OR4_X1)
   0.02    0.58 ^ _077591_/ZN (NAND4_X1)
   0.01    0.59 v _077592_/ZN (NOR2_X1)
   0.02    0.61 ^ _077613_/ZN (NAND3_X1)
   0.02    0.63 v _077614_/ZN (OAI21_X1)
   0.12    0.75 ^ _077615_/ZN (NAND2_X1)
   0.04    0.79 v _077616_/ZN (INV_X1)
   0.05    0.84 ^ _077648_/ZN (AOI22_X1)
   0.01    0.85 v _077649_/ZN (NOR2_X1)
   0.00    0.85 v _124686_/D (DFF_X1)
           0.85   data arrival time

   0.90    0.90   clock i2c_clk (rise edge)
   0.00    0.90   clock network delay (ideal)
   0.00    0.90   clock reconvergence pessimism
           0.90 ^ _124686_/CK (DFF_X1)
  -0.04    0.86   library setup time
           0.86   data required time
---------------------------------------------------------
           0.86   data required time
          -0.85   data arrival time
---------------------------------------------------------
           0.01   slack (MET)


Startpoint: _124692_ (rising edge-triggered flip-flop clocked by i2c_clk)
Endpoint: _124696_ (rising edge-triggered flip-flop clocked by i2c_clk)
Path Group: i2c_clk
Path Type: max

  Delay    Time   Description
---------------------------------------------------------
   0.00    0.00   clock i2c_clk (rise edge)
   0.00    0.00   clock network delay (ideal)
   0.00    0.00 ^ _124692_/CK (DFF_X1)
   0.08    0.08 v _124692_/Q (DFF_X1)
   0.12    0.21 ^ _077566_/ZN (NOR4_X1)
   0.05    0.25 v _077572_/ZN (NAND3_X1)
   0.10    0.35 v _077573_/ZN (OR3_X1)
   0.06    0.41 ^ _077574_/ZN (NOR3_X1)
   0.02    0.43 v _077584_/ZN (NAND2_X1)
   0.12    0.55 v _077586_/ZN (OR4_X1)
   0.02    0.58 ^ _077591_/ZN (NAND4_X1)
   0.01    0.59 v _077592_/ZN (NOR2_X1)
   0.02    0.61 ^ _077613_/ZN (NAND3_X1)
   0.02    0.63 v _077614_/ZN (OAI21_X1)
   0.12    0.75 ^ _077615_/ZN (NAND2_X1)
   0.04    0.79 v _077616_/ZN (INV_X1)
   0.04    0.83 ^ _077620_/ZN (OAI21_X1)
   0.01    0.85 v _077621_/ZN (AOI21_X1)
   0.00    0.85 v _124696_/D (DFF_X1)
           0.85   data arrival time

   0.90    0.90   clock i2c_clk (rise edge)
   0.00    0.90   clock network delay (ideal)
   0.00    0.90   clock reconvergence pessimism
           0.90 ^ _124696_/CK (DFF_X1)
  -0.04    0.86   library setup time
           0.86   data required time
---------------------------------------------------------
           0.86   data required time
          -0.85   data arrival time
---------------------------------------------------------
           0.01   slack (MET)


Startpoint: _124692_ (rising edge-triggered flip-flop clocked by i2c_clk)
Endpoint: _124697_ (rising edge-triggered flip-flop clocked by i2c_clk)
Path Group: i2c_clk
Path Type: max

  Delay    Time   Description
---------------------------------------------------------
   0.00    0.00   clock i2c_clk (rise edge)
   0.00    0.00   clock network delay (ideal)
   0.00    0.00 ^ _124692_/CK (DFF_X1)
   0.08    0.08 v _124692_/Q (DFF_X1)
   0.12    0.21 ^ _077566_/ZN (NOR4_X1)
   0.05    0.25 v _077572_/ZN (NAND3_X1)
   0.10    0.35 v _077573_/ZN (OR3_X1)
   0.06    0.41 ^ _077574_/ZN (NOR3_X1)
   0.02    0.43 v _077584_/ZN (NAND2_X1)
   0.12    0.55 v _077586_/ZN (OR4_X1)
   0.02    0.58 ^ _077591_/ZN (NAND4_X1)
   0.01    0.59 v _077592_/ZN (NOR2_X1)
   0.02    0.61 ^ _077613_/ZN (NAND3_X1)
   0.02    0.63 v _077614_/ZN (OAI21_X1)
   0.12    0.75 ^ _077615_/ZN (NAND2_X1)
   0.04    0.79 v _077616_/ZN (INV_X1)
   0.04    0.83 ^ _077618_/ZN (OAI21_X1)
   0.01    0.85 v _077619_/ZN (AOI21_X1)
   0.00    0.85 v _124697_/D (DFF_X1)
           0.85   data arrival time

   0.90    0.90   clock i2c_clk (rise edge)
   0.00    0.90   clock network delay (ideal)
   0.00    0.90   clock reconvergence pessimism
           0.90 ^ _124697_/CK (DFF_X1)
  -0.04    0.86   library setup time
           0.86   data required time
---------------------------------------------------------
           0.86   data required time
          -0.85   data arrival time
---------------------------------------------------------
           0.01   slack (MET)


Startpoint: _124621_ (rising edge-triggered flip-flop clocked by i2c_clk)
Endpoint: _124616_ (rising edge-triggered flip-flop clocked by i2c_clk)
Path Group: i2c_clk
Path Type: max

  Delay    Time   Description
---------------------------------------------------------
   0.00    0.00   clock i2c_clk (rise edge)
   0.00    0.00   clock network delay (ideal)
   0.00    0.00 ^ _124621_/CK (DFF_X1)
   0.08    0.08 v _124621_/Q (DFF_X1)
   0.06    0.14 v _077827_/ZN (OR2_X1)
   0.10    0.24 ^ _077834_/ZN (NOR3_X1)
   0.03    0.26 v _077835_/ZN (NAND2_X1)
   0.10    0.36 v _077836_/ZN (OR3_X1)
   0.02    0.38 ^ _077837_/ZN (INV_X1)
   0.03    0.41 ^ _077844_/ZN (OR3_X1)
   0.01    0.42 v _077865_/ZN (NOR3_X1)
   0.36    0.77 ^ _077886_/ZN (NOR4_X1)
  -0.01    0.77 v _077932_/ZN (NOR2_X1)
   0.07    0.84 ^ _077934_/ZN (AOI211_X1)
   0.00    0.84 ^ _124616_/D (DFF_X1)
           0.84   data arrival time

   0.90    0.90   clock i2c_clk (rise edge)
   0.00    0.90   clock network delay (ideal)
   0.00    0.90   clock reconvergence pessimism
           0.90 ^ _124616_/CK (DFF_X1)
  -0.04    0.86   library setup time
           0.86   data required time
---------------------------------------------------------
           0.86   data required time
          -0.84   data arrival time
---------------------------------------------------------
           0.02   slack (MET)


Startpoint: _124621_ (rising edge-triggered flip-flop clocked by i2c_clk)
Endpoint: _124622_ (rising edge-triggered flip-flop clocked by i2c_clk)
Path Group: i2c_clk
Path Type: max

  Delay    Time   Description
---------------------------------------------------------
   0.00    0.00   clock i2c_clk (rise edge)
   0.00    0.00   clock network delay (ideal)
   0.00    0.00 ^ _124621_/CK (DFF_X1)
   0.08    0.08 v _124621_/Q (DFF_X1)
   0.06    0.14 v _077827_/ZN (OR2_X1)
   0.10    0.24 ^ _077834_/ZN (NOR3_X1)
   0.03    0.26 v _077835_/ZN (NAND2_X1)
   0.10    0.36 v _077836_/ZN (OR3_X1)
   0.02    0.38 ^ _077837_/ZN (INV_X1)
   0.03    0.41 ^ _077844_/ZN (OR3_X1)
   0.01    0.42 v _077865_/ZN (NOR3_X1)
   0.36    0.77 ^ _077886_/ZN (NOR4_X1)
  -0.01    0.77 v _077901_/ZN (NOR2_X1)
   0.07    0.84 ^ _077902_/ZN (AOI211_X1)
   0.00    0.84 ^ _124622_/D (DFF_X1)
           0.84   data arrival time

   0.90    0.90   clock i2c_clk (rise edge)
   0.00    0.90   clock network delay (ideal)
   0.00    0.90   clock reconvergence pessimism
           0.90 ^ _124622_/CK (DFF_X1)
  -0.04    0.86   library setup time
           0.86   data required time
---------------------------------------------------------
           0.86   data required time
          -0.84   data arrival time
---------------------------------------------------------
           0.02   slack (MET)


Startpoint: _124621_ (rising edge-triggered flip-flop clocked by i2c_clk)
Endpoint: _124624_ (rising edge-triggered flip-flop clocked by i2c_clk)
Path Group: i2c_clk
Path Type: max

  Delay    Time   Description
---------------------------------------------------------
   0.00    0.00   clock i2c_clk (rise edge)
   0.00    0.00   clock network delay (ideal)
   0.00    0.00 ^ _124621_/CK (DFF_X1)
   0.08    0.08 v _124621_/Q (DFF_X1)
   0.06    0.14 v _077827_/ZN (OR2_X1)
   0.10    0.24 ^ _077834_/ZN (NOR3_X1)
   0.03    0.26 v _077835_/ZN (NAND2_X1)
   0.10    0.36 v _077836_/ZN (OR3_X1)
   0.02    0.38 ^ _077837_/ZN (INV_X1)
   0.03    0.41 ^ _077844_/ZN (OR3_X1)
   0.01    0.42 v _077865_/ZN (NOR3_X1)
   0.36    0.77 ^ _077886_/ZN (NOR4_X1)
  -0.01    0.77 v _077889_/ZN (NOR2_X1)
   0.07    0.84 ^ _077890_/ZN (AOI211_X1)
   0.00    0.84 ^ _124624_/D (DFF_X1)
           0.84   data arrival time

   0.90    0.90   clock i2c_clk (rise edge)
   0.00    0.90   clock network delay (ideal)
   0.00    0.90   clock reconvergence pessimism
           0.90 ^ _124624_/CK (DFF_X1)
  -0.04    0.86   library setup time
           0.86   data required time
---------------------------------------------------------
           0.86   data required time
          -0.84   data arrival time
---------------------------------------------------------
           0.02   slack (MET)


Startpoint: _124621_ (rising edge-triggered flip-flop clocked by i2c_clk)
Endpoint: _124625_ (rising edge-triggered flip-flop clocked by i2c_clk)
Path Group: i2c_clk
Path Type: max

  Delay    Time   Description
---------------------------------------------------------
   0.00    0.00   clock i2c_clk (rise edge)
   0.00    0.00   clock network delay (ideal)
   0.00    0.00 ^ _124621_/CK (DFF_X1)
   0.08    0.08 v _124621_/Q (DFF_X1)
   0.06    0.14 v _077827_/ZN (OR2_X1)
   0.10    0.24 ^ _077834_/ZN (NOR3_X1)
   0.03    0.26 v _077835_/ZN (NAND2_X1)
   0.10    0.36 v _077836_/ZN (OR3_X1)
   0.02    0.38 ^ _077837_/ZN (INV_X1)
   0.03    0.41 ^ _077844_/ZN (OR3_X1)
   0.01    0.42 v _077865_/ZN (NOR3_X1)
   0.36    0.77 ^ _077886_/ZN (NOR4_X1)
  -0.01    0.77 v _109605_/ZN (NOR2_X1)
   0.07    0.84 ^ _109606_/ZN (AOI211_X1)
   0.00    0.84 ^ _124625_/D (DFF_X1)
           0.84   data arrival time

   0.90    0.90   clock i2c_clk (rise edge)
   0.00    0.90   clock network delay (ideal)
   0.00    0.90   clock reconvergence pessimism
           0.90 ^ _124625_/CK (DFF_X1)
  -0.04    0.86   library setup time
           0.86   data required time
---------------------------------------------------------
           0.86   data required time
          -0.84   data arrival time
---------------------------------------------------------
           0.02   slack (MET)


Startpoint: _124692_ (rising edge-triggered flip-flop clocked by i2c_clk)
Endpoint: _124687_ (rising edge-triggered flip-flop clocked by i2c_clk)
Path Group: i2c_clk
Path Type: max

  Delay    Time   Description
---------------------------------------------------------
   0.00    0.00   clock i2c_clk (rise edge)
   0.00    0.00   clock network delay (ideal)
   0.00    0.00 ^ _124692_/CK (DFF_X1)
   0.08    0.08 v _124692_/Q (DFF_X1)
   0.12    0.21 ^ _077566_/ZN (NOR4_X1)
   0.05    0.25 v _077572_/ZN (NAND3_X1)
   0.10    0.35 v _077573_/ZN (OR3_X1)
   0.06    0.41 ^ _077574_/ZN (NOR3_X1)
   0.02    0.43 v _077584_/ZN (NAND2_X1)
   0.12    0.55 v _077586_/ZN (OR4_X1)
   0.02    0.58 ^ _077591_/ZN (NAND4_X1)
   0.01    0.59 v _077592_/ZN (NOR2_X1)
   0.02    0.61 ^ _077613_/ZN (NAND3_X1)
   0.02    0.63 v _077614_/ZN (OAI21_X1)
   0.12    0.75 ^ _077615_/ZN (NAND2_X1)
   0.04    0.79 v _077616_/ZN (INV_X1)
   0.04    0.83 ^ _077644_/ZN (NOR2_X1)
   0.01    0.84 v _077645_/ZN (NOR2_X1)
   0.00    0.84 v _124687_/D (DFF_X1)
           0.84   data arrival time

   0.90    0.90   clock i2c_clk (rise edge)
   0.00    0.90   clock network delay (ideal)
   0.00    0.90   clock reconvergence pessimism
           0.90 ^ _124687_/CK (DFF_X1)
  -0.04    0.86   library setup time
           0.86   data required time
---------------------------------------------------------
           0.86   data required time
          -0.84   data arrival time
---------------------------------------------------------
           0.02   slack (MET)


Startpoint: _124692_ (rising edge-triggered flip-flop clocked by i2c_clk)
Endpoint: _124691_ (rising edge-triggered flip-flop clocked by i2c_clk)
Path Group: i2c_clk
Path Type: max

  Delay    Time   Description
---------------------------------------------------------
   0.00    0.00   clock i2c_clk (rise edge)
   0.00    0.00   clock network delay (ideal)
   0.00    0.00 ^ _124692_/CK (DFF_X1)
   0.08    0.08 v _124692_/Q (DFF_X1)
   0.12    0.21 ^ _077566_/ZN (NOR4_X1)
   0.05    0.25 v _077572_/ZN (NAND3_X1)
   0.10    0.35 v _077573_/ZN (OR3_X1)
   0.06    0.41 ^ _077574_/ZN (NOR3_X1)
   0.02    0.43 v _077584_/ZN (NAND2_X1)
   0.12    0.55 v _077586_/ZN (OR4_X1)
   0.02    0.58 ^ _077591_/ZN (NAND4_X1)
   0.01    0.59 v _077592_/ZN (NOR2_X1)
   0.02    0.61 ^ _077613_/ZN (NAND3_X1)
   0.02    0.63 v _077614_/ZN (OAI21_X1)
   0.12    0.75 ^ _077615_/ZN (NAND2_X1)
   0.04    0.79 v _077616_/ZN (INV_X1)
   0.04    0.83 ^ _077633_/ZN (NOR2_X1)
   0.01    0.84 v _077634_/ZN (NOR2_X1)
   0.00    0.84 v _124691_/D (DFF_X1)
           0.84   data arrival time

   0.90    0.90   clock i2c_clk (rise edge)
   0.00    0.90   clock network delay (ideal)
   0.00    0.90   clock reconvergence pessimism
           0.90 ^ _124691_/CK (DFF_X1)
  -0.04    0.86   library setup time
           0.86   data required time
---------------------------------------------------------
           0.86   data required time
          -0.84   data arrival time
---------------------------------------------------------
           0.02   slack (MET)


Startpoint: _124692_ (rising edge-triggered flip-flop clocked by i2c_clk)
Endpoint: _124694_ (rising edge-triggered flip-flop clocked by i2c_clk)
Path Group: i2c_clk
Path Type: max

  Delay    Time   Description
---------------------------------------------------------
   0.00    0.00   clock i2c_clk (rise edge)
   0.00    0.00   clock network delay (ideal)
   0.00    0.00 ^ _124692_/CK (DFF_X1)
   0.08    0.08 v _124692_/Q (DFF_X1)
   0.12    0.21 ^ _077566_/ZN (NOR4_X1)
   0.05    0.25 v _077572_/ZN (NAND3_X1)
   0.10    0.35 v _077573_/ZN (OR3_X1)
   0.06    0.41 ^ _077574_/ZN (NOR3_X1)
   0.02    0.43 v _077584_/ZN (NAND2_X1)
   0.12    0.55 v _077586_/ZN (OR4_X1)
   0.02    0.58 ^ _077591_/ZN (NAND4_X1)
   0.01    0.59 v _077592_/ZN (NOR2_X1)
   0.02    0.61 ^ _077613_/ZN (NAND3_X1)
   0.02    0.63 v _077614_/ZN (OAI21_X1)
   0.12    0.75 ^ _077615_/ZN (NAND2_X1)
   0.04    0.79 v _077616_/ZN (INV_X1)
   0.03    0.82 ^ _077624_/ZN (NAND2_X1)
   0.01    0.83 v _077627_/ZN (AOI21_X1)
   0.00    0.83 v _124694_/D (DFF_X1)
           0.83   data arrival time

   0.90    0.90   clock i2c_clk (rise edge)
   0.00    0.90   clock network delay (ideal)
   0.00    0.90   clock reconvergence pessimism
           0.90 ^ _124694_/CK (DFF_X1)
  -0.04    0.86   library setup time
           0.86   data required time
---------------------------------------------------------
           0.86   data required time
          -0.83   data arrival time
---------------------------------------------------------
           0.02   slack (MET)


Startpoint: _124621_ (rising edge-triggered flip-flop clocked by i2c_clk)
Endpoint: _124617_ (rising edge-triggered flip-flop clocked by i2c_clk)
Path Group: i2c_clk
Path Type: max

  Delay    Time   Description
---------------------------------------------------------
   0.00    0.00   clock i2c_clk (rise edge)
   0.00    0.00   clock network delay (ideal)
   0.00    0.00 ^ _124621_/CK (DFF_X1)
   0.08    0.08 v _124621_/Q (DFF_X1)
   0.06    0.14 v _077827_/ZN (OR2_X1)
   0.10    0.24 ^ _077834_/ZN (NOR3_X1)
   0.03    0.26 v _077835_/ZN (NAND2_X1)
   0.10    0.36 v _077836_/ZN (OR3_X1)
   0.02    0.38 ^ _077837_/ZN (INV_X1)
   0.03    0.41 ^ _077844_/ZN (OR3_X1)
   0.01    0.42 v _077865_/ZN (NOR3_X1)
   0.36    0.77 ^ _077886_/ZN (NOR4_X1)
   0.01    0.78 v _077929_/ZN (OAI21_X1)
   0.05    0.83 ^ _077930_/ZN (AOI21_X1)
   0.00    0.83 ^ _124617_/D (DFF_X1)
           0.83   data arrival time

   0.90    0.90   clock i2c_clk (rise edge)
   0.00    0.90   clock network delay (ideal)
   0.00    0.90   clock reconvergence pessimism
           0.90 ^ _124617_/CK (DFF_X1)
  -0.04    0.86   library setup time
           0.86   data required time
---------------------------------------------------------
           0.86   data required time
          -0.83   data arrival time
---------------------------------------------------------
           0.03   slack (MET)


Startpoint: _124621_ (rising edge-triggered flip-flop clocked by i2c_clk)
Endpoint: _124619_ (rising edge-triggered flip-flop clocked by i2c_clk)
Path Group: i2c_clk
Path Type: max

  Delay    Time   Description
---------------------------------------------------------
   0.00    0.00   clock i2c_clk (rise edge)
   0.00    0.00   clock network delay (ideal)
   0.00    0.00 ^ _124621_/CK (DFF_X1)
   0.08    0.08 v _124621_/Q (DFF_X1)
   0.06    0.14 v _077827_/ZN (OR2_X1)
   0.10    0.24 ^ _077834_/ZN (NOR3_X1)
   0.03    0.26 v _077835_/ZN (NAND2_X1)
   0.10    0.36 v _077836_/ZN (OR3_X1)
   0.02    0.38 ^ _077837_/ZN (INV_X1)
   0.03    0.41 ^ _077844_/ZN (OR3_X1)
   0.01    0.42 v _077865_/ZN (NOR3_X1)
   0.36    0.77 ^ _077886_/ZN (NOR4_X1)
   0.01    0.78 v _077919_/ZN (OAI21_X1)
   0.05    0.83 ^ _077920_/ZN (AOI21_X1)
   0.00    0.83 ^ _124619_/D (DFF_X1)
           0.83   data arrival time

   0.90    0.90   clock i2c_clk (rise edge)
   0.00    0.90   clock network delay (ideal)
   0.00    0.90   clock reconvergence pessimism
           0.90 ^ _124619_/CK (DFF_X1)
  -0.04    0.86   library setup time
           0.86   data required time
---------------------------------------------------------
           0.86   data required time
          -0.83   data arrival time
---------------------------------------------------------
           0.03   slack (MET)


Startpoint: _124621_ (rising edge-triggered flip-flop clocked by i2c_clk)
Endpoint: _124620_ (rising edge-triggered flip-flop clocked by i2c_clk)
Path Group: i2c_clk
Path Type: max

  Delay    Time   Description
---------------------------------------------------------
   0.00    0.00   clock i2c_clk (rise edge)
   0.00    0.00   clock network delay (ideal)
   0.00    0.00 ^ _124621_/CK (DFF_X1)
   0.08    0.08 v _124621_/Q (DFF_X1)
   0.06    0.14 v _077827_/ZN (OR2_X1)
   0.10    0.24 ^ _077834_/ZN (NOR3_X1)
   0.03    0.26 v _077835_/ZN (NAND2_X1)
   0.10    0.36 v _077836_/ZN (OR3_X1)
   0.02    0.38 ^ _077837_/ZN (INV_X1)
   0.03    0.41 ^ _077844_/ZN (OR3_X1)
   0.01    0.42 v _077865_/ZN (NOR3_X1)
   0.36    0.77 ^ _077886_/ZN (NOR4_X1)
   0.01    0.78 v _077914_/ZN (OAI21_X1)
   0.05    0.83 ^ _077915_/ZN (AOI21_X1)
   0.00    0.83 ^ _124620_/D (DFF_X1)
           0.83   data arrival time

   0.90    0.90   clock i2c_clk (rise edge)
   0.00    0.90   clock network delay (ideal)
   0.00    0.90   clock reconvergence pessimism
           0.90 ^ _124620_/CK (DFF_X1)
  -0.04    0.86   library setup time
           0.86   data required time
---------------------------------------------------------
           0.86   data required time
          -0.83   data arrival time
---------------------------------------------------------
           0.03   slack (MET)


Startpoint: _124621_ (rising edge-triggered flip-flop clocked by i2c_clk)
Endpoint: _124623_ (rising edge-triggered flip-flop clocked by i2c_clk)
Path Group: i2c_clk
Path Type: max

  Delay    Time   Description
---------------------------------------------------------
   0.00    0.00   clock i2c_clk (rise edge)
   0.00    0.00   clock network delay (ideal)
   0.00    0.00 ^ _124621_/CK (DFF_X1)
   0.08    0.08 v _124621_/Q (DFF_X1)
   0.06    0.14 v _077827_/ZN (OR2_X1)
   0.10    0.24 ^ _077834_/ZN (NOR3_X1)
   0.03    0.26 v _077835_/ZN (NAND2_X1)
   0.10    0.36 v _077836_/ZN (OR3_X1)
   0.02    0.38 ^ _077837_/ZN (INV_X1)
   0.03    0.41 ^ _077844_/ZN (OR3_X1)
   0.01    0.42 v _077865_/ZN (NOR3_X1)
   0.36    0.77 ^ _077886_/ZN (NOR4_X1)
   0.01    0.78 v _077896_/ZN (OAI21_X1)
   0.05    0.83 ^ _077897_/ZN (AOI21_X1)
   0.00    0.83 ^ _124623_/D (DFF_X1)
           0.83   data arrival time

   0.90    0.90   clock i2c_clk (rise edge)
   0.00    0.90   clock network delay (ideal)
   0.00    0.90   clock reconvergence pessimism
           0.90 ^ _124623_/CK (DFF_X1)
  -0.04    0.86   library setup time
           0.86   data required time
---------------------------------------------------------
           0.86   data required time
          -0.83   data arrival time
---------------------------------------------------------
           0.03   slack (MET)


Startpoint: _124692_ (rising edge-triggered flip-flop clocked by i2c_clk)
Endpoint: _124683_ (rising edge-triggered flip-flop clocked by i2c_clk)
Path Group: i2c_clk
Path Type: max

  Delay    Time   Description
---------------------------------------------------------
   0.00    0.00   clock i2c_clk (rise edge)
   0.00    0.00   clock network delay (ideal)
   0.00    0.00 ^ _124692_/CK (DFF_X1)
   0.08    0.08 v _124692_/Q (DFF_X1)
   0.12    0.21 ^ _077566_/ZN (NOR4_X1)
   0.05    0.25 v _077572_/ZN (NAND3_X1)
   0.10    0.35 v _077573_/ZN (OR3_X1)
   0.06    0.41 ^ _077574_/ZN (NOR3_X1)
   0.02    0.43 v _077584_/ZN (NAND2_X1)
   0.12    0.55 v _077586_/ZN (OR4_X1)
   0.02    0.58 ^ _077591_/ZN (NAND4_X1)
   0.01    0.59 v _077592_/ZN (NOR2_X1)
   0.02    0.61 ^ _077613_/ZN (NAND3_X1)
   0.02    0.63 v _077614_/ZN (OAI21_X1)
   0.12    0.75 ^ _077615_/ZN (NAND2_X1)
   0.01    0.76 v _077654_/ZN (NOR2_X1)
   0.06    0.83 ^ _077655_/ZN (AOI211_X1)
   0.00    0.83 ^ _124683_/D (DFF_X1)
           0.83   data arrival time

   0.90    0.90   clock i2c_clk (rise edge)
   0.00    0.90   clock network delay (ideal)
   0.00    0.90   clock reconvergence pessimism
           0.90 ^ _124683_/CK (DFF_X1)
  -0.04    0.86   library setup time
           0.86   data required time
---------------------------------------------------------
           0.86   data required time
          -0.83   data arrival time
---------------------------------------------------------
           0.03   slack (MET)


Startpoint: _124692_ (rising edge-triggered flip-flop clocked by i2c_clk)
Endpoint: _124685_ (rising edge-triggered flip-flop clocked by i2c_clk)
Path Group: i2c_clk
Path Type: max

  Delay    Time   Description
---------------------------------------------------------
   0.00    0.00   clock i2c_clk (rise edge)
   0.00    0.00   clock network delay (ideal)
   0.00    0.00 ^ _124692_/CK (DFF_X1)
   0.08    0.08 v _124692_/Q (DFF_X1)
   0.12    0.21 ^ _077566_/ZN (NOR4_X1)
   0.05    0.25 v _077572_/ZN (NAND3_X1)
   0.10    0.35 v _077573_/ZN (OR3_X1)
   0.06    0.41 ^ _077574_/ZN (NOR3_X1)
   0.02    0.43 v _077584_/ZN (NAND2_X1)
   0.12    0.55 v _077586_/ZN (OR4_X1)
   0.02    0.58 ^ _077591_/ZN (NAND4_X1)
   0.01    0.59 v _077592_/ZN (NOR2_X1)
   0.02    0.61 ^ _077613_/ZN (NAND3_X1)
   0.02    0.63 v _077614_/ZN (OAI21_X1)
   0.12    0.75 ^ _077615_/ZN (NAND2_X1)
   0.01    0.76 v _077650_/ZN (NOR2_X1)
   0.06    0.83 ^ _077651_/ZN (AOI211_X1)
   0.00    0.83 ^ _124685_/D (DFF_X1)
           0.83   data arrival time

   0.90    0.90   clock i2c_clk (rise edge)
   0.00    0.90   clock network delay (ideal)
   0.00    0.90   clock reconvergence pessimism
           0.90 ^ _124685_/CK (DFF_X1)
  -0.04    0.86   library setup time
           0.86   data required time
---------------------------------------------------------
           0.86   data required time
          -0.83   data arrival time
---------------------------------------------------------
           0.03   slack (MET)


Startpoint: _124692_ (rising edge-triggered flip-flop clocked by i2c_clk)
Endpoint: _124689_ (rising edge-triggered flip-flop clocked by i2c_clk)
Path Group: i2c_clk
Path Type: max

  Delay    Time   Description
---------------------------------------------------------
   0.00    0.00   clock i2c_clk (rise edge)
   0.00    0.00   clock network delay (ideal)
   0.00    0.00 ^ _124692_/CK (DFF_X1)
   0.08    0.08 v _124692_/Q (DFF_X1)
   0.12    0.21 ^ _077566_/ZN (NOR4_X1)
   0.05    0.25 v _077572_/ZN (NAND3_X1)
   0.10    0.35 v _077573_/ZN (OR3_X1)
   0.06    0.41 ^ _077574_/ZN (NOR3_X1)
   0.02    0.43 v _077584_/ZN (NAND2_X1)
   0.12    0.55 v _077586_/ZN (OR4_X1)
   0.02    0.58 ^ _077591_/ZN (NAND4_X1)
   0.01    0.59 v _077592_/ZN (NOR2_X1)
   0.02    0.61 ^ _077613_/ZN (NAND3_X1)
   0.02    0.63 v _077614_/ZN (OAI21_X1)
   0.12    0.75 ^ _077615_/ZN (NAND2_X1)
   0.01    0.76 v _077639_/ZN (NOR2_X1)
   0.06    0.83 ^ _077640_/ZN (AOI211_X1)
   0.00    0.83 ^ _124689_/D (DFF_X1)
           0.83   data arrival time

   0.90    0.90   clock i2c_clk (rise edge)
   0.00    0.90   clock network delay (ideal)
   0.00    0.90   clock reconvergence pessimism
           0.90 ^ _124689_/CK (DFF_X1)
  -0.04    0.86   library setup time
           0.86   data required time
---------------------------------------------------------
           0.86   data required time
          -0.83   data arrival time
---------------------------------------------------------
           0.03   slack (MET)


Startpoint: _124692_ (rising edge-triggered flip-flop clocked by i2c_clk)
Endpoint: _124693_ (rising edge-triggered flip-flop clocked by i2c_clk)
Path Group: i2c_clk
Path Type: max

  Delay    Time   Description
---------------------------------------------------------
   0.00    0.00   clock i2c_clk (rise edge)
   0.00    0.00   clock network delay (ideal)
   0.00    0.00 ^ _124692_/CK (DFF_X1)
   0.08    0.08 v _124692_/Q (DFF_X1)
   0.12    0.21 ^ _077566_/ZN (NOR4_X1)
   0.05    0.25 v _077572_/ZN (NAND3_X1)
   0.10    0.35 v _077573_/ZN (OR3_X1)
   0.06    0.41 ^ _077574_/ZN (NOR3_X1)
   0.02    0.43 v _077584_/ZN (NAND2_X1)
   0.12    0.55 v _077586_/ZN (OR4_X1)
   0.02    0.58 ^ _077591_/ZN (NAND4_X1)
   0.01    0.59 v _077592_/ZN (NOR2_X1)
   0.02    0.61 ^ _077613_/ZN (NAND3_X1)
   0.02    0.63 v _077614_/ZN (OAI21_X1)
   0.12    0.75 ^ _077615_/ZN (NAND2_X1)
   0.01    0.76 v _077628_/ZN (NOR2_X1)
   0.06    0.83 ^ _077629_/ZN (AOI211_X1)
   0.00    0.83 ^ _124693_/D (DFF_X1)
           0.83   data arrival time

   0.90    0.90   clock i2c_clk (rise edge)
   0.00    0.90   clock network delay (ideal)
   0.00    0.90   clock reconvergence pessimism
           0.90 ^ _124693_/CK (DFF_X1)
  -0.04    0.86   library setup time
           0.86   data required time
---------------------------------------------------------
           0.86   data required time
          -0.83   data arrival time
---------------------------------------------------------
           0.03   slack (MET)


Startpoint: i2c_rst (input port clocked by i2c_clk)
Endpoint: _124819_ (rising edge-triggered flip-flop clocked by i2c_div8)
Path Group: i2c_div8
Path Type: max

  Delay    Time   Description
---------------------------------------------------------
   6.30    6.30   clock i2c_clk (rise edge)
   0.00    6.30   clock network delay (ideal)
   0.00    6.30 v input external delay
   0.00    6.30 v i2c_rst (in)
   0.14    6.44 ^ _064141_/ZN (INV_X1)
   0.03    6.47 v _077312_/ZN (OAI21_X1)
   0.04    6.51 ^ _077313_/ZN (AOI21_X1)
   0.00    6.51 ^ _124819_/D (DFF_X1)
           6.51   data arrival time

   7.20    7.20   clock i2c_div8 (rise edge)
   0.00    7.20   clock network delay (ideal)
   0.00    7.20   clock reconvergence pessimism
           7.20 ^ _124819_/CK (DFF_X1)
  -0.03    7.17   library setup time
           7.17   data required time
---------------------------------------------------------
           7.17   data required time
          -6.51   data arrival time
---------------------------------------------------------
           0.65   slack (MET)


Startpoint: i2c_rst (input port clocked by i2c_clk)
Endpoint: _124816_ (rising edge-triggered flip-flop clocked by i2c_div8)
Path Group: i2c_div8
Path Type: max

  Delay    Time   Description
---------------------------------------------------------
   6.30    6.30   clock i2c_clk (rise edge)
   0.00    6.30   clock network delay (ideal)
   0.00    6.30 v input external delay
   0.00    6.30 v i2c_rst (in)
   0.14    6.44 ^ _064141_/ZN (INV_X1)
   0.03    6.47 v _077318_/ZN (OAI21_X1)
   0.03    6.50 ^ _077319_/ZN (NOR2_X1)
   0.00    6.50 ^ _124816_/D (DFF_X1)
           6.50   data arrival time

   7.20    7.20   clock i2c_div8 (rise edge)
   0.00    7.20   clock network delay (ideal)
   0.00    7.20   clock reconvergence pessimism
           7.20 ^ _124816_/CK (DFF_X1)
  -0.03    7.17   library setup time
           7.17   data required time
---------------------------------------------------------
           7.17   data required time
          -6.50   data arrival time
---------------------------------------------------------
           0.67   slack (MET)


Startpoint: i2c_rst (input port clocked by i2c_clk)
Endpoint: _124817_ (rising edge-triggered flip-flop clocked by i2c_div8)
Path Group: i2c_div8
Path Type: max

  Delay    Time   Description
---------------------------------------------------------
   6.30    6.30   clock i2c_clk (rise edge)
   0.00    6.30   clock network delay (ideal)
   0.00    6.30 v input external delay
   0.00    6.30 v i2c_rst (in)
   0.14    6.44 ^ _064141_/ZN (INV_X1)
   0.03    6.47 v _077316_/ZN (OAI21_X1)
   0.03    6.50 ^ _077317_/ZN (NOR2_X1)
   0.00    6.50 ^ _124817_/D (DFF_X1)
           6.50   data arrival time

   7.20    7.20   clock i2c_div8 (rise edge)
   0.00    7.20   clock network delay (ideal)
   0.00    7.20   clock reconvergence pessimism
           7.20 ^ _124817_/CK (DFF_X1)
  -0.03    7.17   library setup time
           7.17   data required time
---------------------------------------------------------
           7.17   data required time
          -6.50   data arrival time
---------------------------------------------------------
           0.67   slack (MET)


Startpoint: i2c_rst (input port clocked by i2c_clk)
Endpoint: _124818_ (rising edge-triggered flip-flop clocked by i2c_div8)
Path Group: i2c_div8
Path Type: max

  Delay    Time   Description
---------------------------------------------------------
   6.30    6.30   clock i2c_clk (rise edge)
   0.00    6.30   clock network delay (ideal)
   0.00    6.30 v input external delay
   0.00    6.30 v i2c_rst (in)
   0.14    6.44 ^ _064141_/ZN (INV_X1)
   0.03    6.47 v _077314_/ZN (OAI21_X1)
   0.03    6.50 ^ _077315_/ZN (NOR2_X1)
   0.00    6.50 ^ _124818_/D (DFF_X1)
           6.50   data arrival time

   7.20    7.20   clock i2c_div8 (rise edge)
   0.00    7.20   clock network delay (ideal)
   0.00    7.20   clock reconvergence pessimism
           7.20 ^ _124818_/CK (DFF_X1)
  -0.03    7.17   library setup time
           7.17   data required time
---------------------------------------------------------
           7.17   data required time
          -6.50   data arrival time
---------------------------------------------------------
           0.67   slack (MET)


Startpoint: i2c_rst (input port clocked by i2c_clk)
Endpoint: _124813_ (rising edge-triggered flip-flop clocked by i2c_div8)
Path Group: i2c_div8
Path Type: max

  Delay    Time   Description
---------------------------------------------------------
   6.30    6.30   clock i2c_clk (rise edge)
   0.00    6.30   clock network delay (ideal)
   0.00    6.30 v input external delay
   0.00    6.30 v i2c_rst (in)
   0.14    6.44 ^ _064141_/ZN (INV_X1)
   0.05    6.49 ^ _077324_/ZN (AND2_X1)
   0.00    6.49 ^ _124813_/D (DFF_X1)
           6.49   data arrival time

   7.20    7.20   clock i2c_div8 (rise edge)
   0.00    7.20   clock network delay (ideal)
   0.00    7.20   clock reconvergence pessimism
           7.20 ^ _124813_/CK (DFF_X1)
  -0.03    7.17   library setup time
           7.17   data required time
---------------------------------------------------------
           7.17   data required time
          -6.49   data arrival time
---------------------------------------------------------
           0.68   slack (MET)


Startpoint: i2c_rst (input port clocked by i2c_clk)
Endpoint: _124814_ (rising edge-triggered flip-flop clocked by i2c_div8)
Path Group: i2c_div8
Path Type: max

  Delay    Time   Description
---------------------------------------------------------
   6.30    6.30   clock i2c_clk (rise edge)
   0.00    6.30   clock network delay (ideal)
   0.00    6.30 v input external delay
   0.00    6.30 v i2c_rst (in)
   0.03    6.33 ^ _077306_/ZN (NOR2_X1)
   0.01    6.34 v _077322_/ZN (NOR2_X1)
   0.04    6.38 ^ _077323_/ZN (AOI21_X1)
   0.00    6.38 ^ _124814_/D (DFF_X1)
           6.38   data arrival time

   7.20    7.20   clock i2c_div8 (rise edge)
   0.00    7.20   clock network delay (ideal)
   0.00    7.20   clock reconvergence pessimism
           7.20 ^ _124814_/CK (DFF_X1)
  -0.03    7.17   library setup time
           7.17   data required time
---------------------------------------------------------
           7.17   data required time
          -6.38   data arrival time
---------------------------------------------------------
           0.79   slack (MET)


Startpoint: i2c_rst (input port clocked by i2c_clk)
Endpoint: _124815_ (rising edge-triggered flip-flop clocked by i2c_div8)
Path Group: i2c_div8
Path Type: max

  Delay    Time   Description
---------------------------------------------------------
   6.30    6.30   clock i2c_clk (rise edge)
   0.00    6.30   clock network delay (ideal)
   0.00    6.30 v input external delay
   0.00    6.30 v i2c_rst (in)
   0.03    6.33 ^ _077321_/ZN (NOR3_X1)
   0.00    6.33 ^ _124815_/D (DFF_X1)
           6.33   data arrival time

   7.20    7.20   clock i2c_div8 (rise edge)
   0.00    7.20   clock network delay (ideal)
   0.00    7.20   clock reconvergence pessimism
           7.20 ^ _124815_/CK (DFF_X1)
  -0.04    7.16   library setup time
           7.16   data required time
---------------------------------------------------------
           7.16   data required time
          -6.33   data arrival time
---------------------------------------------------------
           0.84   slack (MET)


Startpoint: i2c_rst (input port clocked by i2c_clk)
Endpoint: _124820_ (rising edge-triggered flip-flop clocked by i2c_div8)
Path Group: i2c_div8
Path Type: max

  Delay    Time   Description
---------------------------------------------------------
   6.30    6.30   clock i2c_clk (rise edge)
   0.00    6.30   clock network delay (ideal)
   0.00    6.30 v input external delay
   0.00    6.30 v i2c_rst (in)
   0.02    6.32 ^ _109421_/ZN (NOR2_X1)
   0.00    6.32 ^ _124820_/D (DFF_X1)
           6.32   data arrival time

   7.20    7.20   clock i2c_div8 (rise edge)
   0.00    7.20   clock network delay (ideal)
   0.00    7.20   clock reconvergence pessimism
           7.20 ^ _124820_/CK (DFF_X1)
  -0.03    7.17   library setup time
           7.17   data required time
---------------------------------------------------------
           7.17   data required time
          -6.32   data arrival time
---------------------------------------------------------
           0.85   slack (MET)


Startpoint: _110212_ (rising edge-triggered flip-flop clocked by spi_clk)
Endpoint: _110222_ (rising edge-triggered flip-flop clocked by spi_clk)
Path Group: spi_clk
Path Type: max

  Delay    Time   Description
---------------------------------------------------------
   0.00    0.00   clock spi_clk (rise edge)
   0.00    0.00   clock network delay (ideal)
   0.00    0.00 ^ _110212_/CK (DFF_X1)
   0.08    0.08 v _110212_/Q (DFF_X1)
   0.05    0.13 ^ _106251_/ZN (AOI21_X1)
   0.01    0.14 v _106252_/ZN (INV_X1)
   0.04    0.18 ^ _106253_/ZN (AOI21_X1)
   0.01    0.19 v _106254_/ZN (INV_X1)
   0.04    0.24 ^ _106255_/ZN (AOI21_X1)
   0.02    0.25 v _106256_/ZN (NOR2_X1)
   0.04    0.29 ^ _106257_/ZN (OAI21_X1)
   0.02    0.31 v _106258_/ZN (NAND2_X1)
   0.03    0.34 v _106259_/ZN (AND2_X1)
   0.04    0.38 ^ _106260_/ZN (NOR2_X1)
   0.02    0.40 v _106261_/ZN (OAI21_X1)
   0.04    0.44 v _106262_/ZN (AND2_X1)
   0.04    0.48 ^ _106263_/ZN (OAI21_X1)
   0.02    0.50 v _106264_/ZN (NAND2_X1)
   0.04    0.54 ^ _109104_/ZN (AOI21_X1)
   0.05    0.59 ^ _109105_/Z (XOR2_X1)
   0.02    0.61 v _109106_/ZN (OAI22_X1)
   0.00    0.61 v _110222_/D (DFF_X1)
           0.61   data arrival time

   0.62    0.62   clock spi_clk (rise edge)
   0.00    0.62   clock network delay (ideal)
   0.00    0.62   clock reconvergence pessimism
           0.62 ^ _110222_/CK (DFF_X1)
  -0.04    0.58   library setup time
           0.58   data required time
---------------------------------------------------------
           0.58   data required time
          -0.61   data arrival time
---------------------------------------------------------
          -0.03   slack (VIOLATED)


Startpoint: _110212_ (rising edge-triggered flip-flop clocked by spi_clk)
Endpoint: _110221_ (rising edge-triggered flip-flop clocked by spi_clk)
Path Group: spi_clk
Path Type: max

  Delay    Time   Description
---------------------------------------------------------
   0.00    0.00   clock spi_clk (rise edge)
   0.00    0.00   clock network delay (ideal)
   0.00    0.00 ^ _110212_/CK (DFF_X1)
   0.08    0.08 v _110212_/Q (DFF_X1)
   0.05    0.13 ^ _106251_/ZN (AOI21_X1)
   0.01    0.14 v _106252_/ZN (INV_X1)
   0.04    0.18 ^ _106253_/ZN (AOI21_X1)
   0.01    0.19 v _106254_/ZN (INV_X1)
   0.04    0.24 ^ _106255_/ZN (AOI21_X1)
   0.02    0.25 v _106256_/ZN (NOR2_X1)
   0.04    0.29 ^ _106257_/ZN (OAI21_X1)
   0.02    0.31 v _106258_/ZN (NAND2_X1)
   0.03    0.34 v _106259_/ZN (AND2_X1)
   0.04    0.38 ^ _106260_/ZN (NOR2_X1)
   0.02    0.40 v _106261_/ZN (OAI21_X1)
   0.04    0.44 v _106262_/ZN (AND2_X1)
   0.04    0.48 ^ _106263_/ZN (OAI21_X1)
   0.02    0.50 v _106264_/ZN (NAND2_X1)
   0.03    0.53 ^ _106265_/ZN (AOI21_X1)
   0.02    0.55 v _106266_/ZN (OAI21_X1)
   0.02    0.57 ^ _106267_/ZN (OAI21_X1)
   0.00    0.57 ^ _110221_/D (DFF_X1)
           0.57   data arrival time

   0.62    0.62   clock spi_clk (rise edge)
   0.00    0.62   clock network delay (ideal)
   0.00    0.62   clock reconvergence pessimism
           0.62 ^ _110221_/CK (DFF_X1)
  -0.03    0.59   library setup time
           0.59   data required time
---------------------------------------------------------
           0.59   data required time
          -0.57   data arrival time
---------------------------------------------------------
           0.02   slack (MET)


Startpoint: _110219_ (rising edge-triggered flip-flop clocked by spi_clk)
Endpoint: _125126_ (rising edge-triggered flip-flop clocked by spi_clk)
Path Group: spi_clk
Path Type: max

  Delay    Time   Description
---------------------------------------------------------
   0.00    0.00   clock spi_clk (rise edge)
   0.00    0.00   clock network delay (ideal)
   0.00    0.00 ^ _110219_/CK (DFF_X1)
   0.08    0.08 v _110219_/Q (DFF_X1)
   0.08    0.16 ^ _076024_/ZN (NOR4_X1)
   0.06    0.22 v _076026_/ZN (NAND3_X1)
   0.13    0.35 ^ _076028_/ZN (NOR2_X1)
   0.08    0.43 v _076049_/ZN (AOI21_X1)
   0.08    0.51 ^ _076083_/ZN (AOI211_X1)
   0.02    0.53 v _076084_/ZN (AOI211_X1)
   0.00    0.53 v _125126_/D (DFF_X1)
           0.53   data arrival time

   0.62    0.62   clock spi_clk (rise edge)
   0.00    0.62   clock network delay (ideal)
   0.00    0.62   clock reconvergence pessimism
           0.62 ^ _125126_/CK (DFF_X1)
  -0.05    0.57   library setup time
           0.57   data required time
---------------------------------------------------------
           0.57   data required time
          -0.53   data arrival time
---------------------------------------------------------
           0.04   slack (MET)


Startpoint: _110219_ (rising edge-triggered flip-flop clocked by spi_clk)
Endpoint: _125127_ (rising edge-triggered flip-flop clocked by spi_clk)
Path Group: spi_clk
Path Type: max

  Delay    Time   Description
---------------------------------------------------------
   0.00    0.00   clock spi_clk (rise edge)
   0.00    0.00   clock network delay (ideal)
   0.00    0.00 ^ _110219_/CK (DFF_X1)
   0.08    0.08 v _110219_/Q (DFF_X1)
   0.08    0.16 ^ _076024_/ZN (NOR4_X1)
   0.06    0.22 v _076026_/ZN (NAND3_X1)
   0.13    0.35 ^ _076028_/ZN (NOR2_X1)
   0.08    0.43 v _076049_/ZN (AOI21_X1)
   0.08    0.51 ^ _076076_/ZN (AOI211_X1)
   0.02    0.53 v _076077_/ZN (AOI211_X1)
   0.00    0.53 v _125127_/D (DFF_X1)
           0.53   data arrival time

   0.62    0.62   clock spi_clk (rise edge)
   0.00    0.62   clock network delay (ideal)
   0.00    0.62   clock reconvergence pessimism
           0.62 ^ _125127_/CK (DFF_X1)
  -0.05    0.57   library setup time
           0.57   data required time
---------------------------------------------------------
           0.57   data required time
          -0.53   data arrival time
---------------------------------------------------------
           0.04   slack (MET)


Startpoint: _110219_ (rising edge-triggered flip-flop clocked by spi_clk)
Endpoint: _125129_ (rising edge-triggered flip-flop clocked by spi_clk)
Path Group: spi_clk
Path Type: max

  Delay    Time   Description
---------------------------------------------------------
   0.00    0.00   clock spi_clk (rise edge)
   0.00    0.00   clock network delay (ideal)
   0.00    0.00 ^ _110219_/CK (DFF_X1)
   0.08    0.08 v _110219_/Q (DFF_X1)
   0.08    0.16 ^ _076024_/ZN (NOR4_X1)
   0.06    0.22 v _076026_/ZN (NAND3_X1)
   0.13    0.35 ^ _076028_/ZN (NOR2_X1)
   0.08    0.43 v _076049_/ZN (AOI21_X1)
   0.08    0.51 ^ _076062_/ZN (AOI211_X1)
   0.02    0.53 v _076063_/ZN (AOI211_X1)
   0.00    0.53 v _125129_/D (DFF_X1)
           0.53   data arrival time

   0.62    0.62   clock spi_clk (rise edge)
   0.00    0.62   clock network delay (ideal)
   0.00    0.62   clock reconvergence pessimism
           0.62 ^ _125129_/CK (DFF_X1)
  -0.05    0.57   library setup time
           0.57   data required time
---------------------------------------------------------
           0.57   data required time
          -0.53   data arrival time
---------------------------------------------------------
           0.04   slack (MET)


Startpoint: _110219_ (rising edge-triggered flip-flop clocked by spi_clk)
Endpoint: _125131_ (rising edge-triggered flip-flop clocked by spi_clk)
Path Group: spi_clk
Path Type: max

  Delay    Time   Description
---------------------------------------------------------
   0.00    0.00   clock spi_clk (rise edge)
   0.00    0.00   clock network delay (ideal)
   0.00    0.00 ^ _110219_/CK (DFF_X1)
   0.08    0.08 v _110219_/Q (DFF_X1)
   0.08    0.16 ^ _076024_/ZN (NOR4_X1)
   0.06    0.22 v _076026_/ZN (NAND3_X1)
   0.13    0.35 ^ _076028_/ZN (NOR2_X1)
   0.08    0.43 v _076049_/ZN (AOI21_X1)
   0.08    0.51 ^ _109034_/ZN (AOI211_X1)
   0.02    0.53 v _109035_/ZN (AOI211_X1)
   0.00    0.53 v _125131_/D (DFF_X1)
           0.53   data arrival time

   0.62    0.62   clock spi_clk (rise edge)
   0.00    0.62   clock network delay (ideal)
   0.00    0.62   clock reconvergence pessimism
           0.62 ^ _125131_/CK (DFF_X1)
  -0.05    0.57   library setup time
           0.57   data required time
---------------------------------------------------------
           0.57   data required time
          -0.53   data arrival time
---------------------------------------------------------
           0.04   slack (MET)


Startpoint: _110219_ (rising edge-triggered flip-flop clocked by spi_clk)
Endpoint: _125125_ (rising edge-triggered flip-flop clocked by spi_clk)
Path Group: spi_clk
Path Type: max

  Delay    Time   Description
---------------------------------------------------------
   0.00    0.00   clock spi_clk (rise edge)
   0.00    0.00   clock network delay (ideal)
   0.00    0.00 ^ _110219_/CK (DFF_X1)
   0.08    0.08 v _110219_/Q (DFF_X1)
   0.08    0.16 ^ _076024_/ZN (NOR4_X1)
   0.06    0.22 v _076026_/ZN (NAND3_X1)
   0.13    0.35 ^ _076028_/ZN (NOR2_X1)
   0.08    0.43 v _076049_/ZN (AOI21_X1)
   0.06    0.49 ^ _076089_/ZN (NOR3_X1)
   0.02    0.51 v _076090_/ZN (AOI221_X1)
   0.04    0.54 ^ _076091_/ZN (NOR2_X1)
   0.00    0.54 ^ _125125_/D (DFF_X1)
           0.54   data arrival time

   0.62    0.62   clock spi_clk (rise edge)
   0.00    0.62   clock network delay (ideal)
   0.00    0.62   clock reconvergence pessimism
           0.62 ^ _125125_/CK (DFF_X1)
  -0.03    0.59   library setup time
           0.59   data required time
---------------------------------------------------------
           0.59   data required time
          -0.54   data arrival time
---------------------------------------------------------
           0.04   slack (MET)


Startpoint: _110219_ (rising edge-triggered flip-flop clocked by spi_clk)
Endpoint: _125128_ (rising edge-triggered flip-flop clocked by spi_clk)
Path Group: spi_clk
Path Type: max

  Delay    Time   Description
---------------------------------------------------------
   0.00    0.00   clock spi_clk (rise edge)
   0.00    0.00   clock network delay (ideal)
   0.00    0.00 ^ _110219_/CK (DFF_X1)
   0.08    0.08 v _110219_/Q (DFF_X1)
   0.08    0.16 ^ _076024_/ZN (NOR4_X1)
   0.06    0.22 v _076026_/ZN (NAND3_X1)
   0.13    0.35 ^ _076028_/ZN (NOR2_X1)
   0.08    0.43 v _076049_/ZN (AOI21_X1)
   0.06    0.49 ^ _076068_/ZN (NOR3_X1)
   0.02    0.51 v _076069_/ZN (AOI221_X1)
   0.04    0.54 ^ _076070_/ZN (NOR2_X1)
   0.00    0.54 ^ _125128_/D (DFF_X1)
           0.54   data arrival time

   0.62    0.62   clock spi_clk (rise edge)
   0.00    0.62   clock network delay (ideal)
   0.00    0.62   clock reconvergence pessimism
           0.62 ^ _125128_/CK (DFF_X1)
  -0.03    0.59   library setup time
           0.59   data required time
---------------------------------------------------------
           0.59   data required time
          -0.54   data arrival time
---------------------------------------------------------
           0.04   slack (MET)


Startpoint: _110219_ (rising edge-triggered flip-flop clocked by spi_clk)
Endpoint: _125130_ (rising edge-triggered flip-flop clocked by spi_clk)
Path Group: spi_clk
Path Type: max

  Delay    Time   Description
---------------------------------------------------------
   0.00    0.00   clock spi_clk (rise edge)
   0.00    0.00   clock network delay (ideal)
   0.00    0.00 ^ _110219_/CK (DFF_X1)
   0.08    0.08 v _110219_/Q (DFF_X1)
   0.08    0.16 ^ _076024_/ZN (NOR4_X1)
   0.06    0.22 v _076026_/ZN (NAND3_X1)
   0.13    0.35 ^ _076028_/ZN (NOR2_X1)
   0.08    0.43 v _076049_/ZN (AOI21_X1)
   0.06    0.49 ^ _076054_/ZN (NOR3_X1)
   0.02    0.51 v _076055_/ZN (AOI221_X1)
   0.04    0.54 ^ _076056_/ZN (NOR2_X1)
   0.00    0.54 ^ _125130_/D (DFF_X1)
           0.54   data arrival time

   0.62    0.62   clock spi_clk (rise edge)
   0.00    0.62   clock network delay (ideal)
   0.00    0.62   clock reconvergence pessimism
           0.62 ^ _125130_/CK (DFF_X1)
  -0.03    0.59   library setup time
           0.59   data required time
---------------------------------------------------------
           0.59   data required time
          -0.54   data arrival time
---------------------------------------------------------
           0.04   slack (MET)


Startpoint: _110219_ (rising edge-triggered flip-flop clocked by spi_clk)
Endpoint: _125124_ (rising edge-triggered flip-flop clocked by spi_clk)
Path Group: spi_clk
Path Type: max

  Delay    Time   Description
---------------------------------------------------------
   0.00    0.00   clock spi_clk (rise edge)
   0.00    0.00   clock network delay (ideal)
   0.00    0.00 ^ _110219_/CK (DFF_X1)
   0.08    0.08 v _110219_/Q (DFF_X1)
   0.08    0.16 ^ _076024_/ZN (NOR4_X1)
   0.06    0.22 v _076026_/ZN (NAND3_X1)
   0.13    0.35 ^ _076028_/ZN (NOR2_X1)
   0.08    0.43 v _076049_/ZN (AOI21_X1)
   0.06    0.49 ^ _076096_/ZN (NOR3_X1)
   0.02    0.51 v _076097_/ZN (AOI221_X1)
   0.03    0.54 ^ _076098_/ZN (NOR2_X1)
   0.00    0.54 ^ _125124_/D (DFF_X1)
           0.54   data arrival time

   0.62    0.62   clock spi_clk (rise edge)
   0.00    0.62   clock network delay (ideal)
   0.00    0.62   clock reconvergence pessimism
           0.62 ^ _125124_/CK (DFF_X1)
  -0.03    0.59   library setup time
           0.59   data required time
---------------------------------------------------------
           0.59   data required time
          -0.54   data arrival time
---------------------------------------------------------
           0.05   slack (MET)


Startpoint: _110212_ (rising edge-triggered flip-flop clocked by spi_clk)
Endpoint: _110220_ (rising edge-triggered flip-flop clocked by spi_clk)
Path Group: spi_clk
Path Type: max

  Delay    Time   Description
---------------------------------------------------------
   0.00    0.00   clock spi_clk (rise edge)
   0.00    0.00   clock network delay (ideal)
   0.00    0.00 ^ _110212_/CK (DFF_X1)
   0.08    0.08 v _110212_/Q (DFF_X1)
   0.05    0.13 ^ _106251_/ZN (AOI21_X1)
   0.01    0.14 v _106252_/ZN (INV_X1)
   0.04    0.18 ^ _106253_/ZN (AOI21_X1)
   0.01    0.19 v _106254_/ZN (INV_X1)
   0.04    0.24 ^ _106255_/ZN (AOI21_X1)
   0.02    0.25 v _106256_/ZN (NOR2_X1)
   0.04    0.29 ^ _106257_/ZN (OAI21_X1)
   0.02    0.31 v _106258_/ZN (NAND2_X1)
   0.03    0.34 v _106259_/ZN (AND2_X1)
   0.04    0.38 ^ _106260_/ZN (NOR2_X1)
   0.02    0.40 v _106261_/ZN (OAI21_X1)
   0.04    0.44 v _106262_/ZN (AND2_X1)
   0.04    0.48 ^ _106263_/ZN (OAI21_X1)
   0.02    0.49 v _106271_/ZN (NAND2_X1)
   0.03    0.52 ^ _106272_/ZN (OAI21_X1)
   0.00    0.52 ^ _110220_/D (DFF_X1)
           0.52   data arrival time

   0.62    0.62   clock spi_clk (rise edge)
   0.00    0.62   clock network delay (ideal)
   0.00    0.62   clock reconvergence pessimism
           0.62 ^ _110220_/CK (DFF_X1)
  -0.03    0.59   library setup time
           0.59   data required time
---------------------------------------------------------
           0.59   data required time
          -0.52   data arrival time
---------------------------------------------------------
           0.06   slack (MET)


Startpoint: _125100_ (rising edge-triggered flip-flop clocked by spi_clk)
Endpoint: _125132_ (rising edge-triggered flip-flop clocked by spi_clk)
Path Group: spi_clk
Path Type: max

  Delay    Time   Description
---------------------------------------------------------
   0.00    0.00   clock spi_clk (rise edge)
   0.00    0.00   clock network delay (ideal)
   0.00    0.00 ^ _125100_/CK (DFFR_X1)
   0.22    0.22 ^ _125100_/Q (DFFR_X1)
   0.06    0.27 ^ _076034_/Z (XOR2_X1)
   0.02    0.29 v _076036_/ZN (NOR2_X1)
   0.03    0.32 ^ _076037_/ZN (NAND2_X1)
   0.02    0.33 v _076042_/ZN (NOR2_X1)
   0.07    0.41 ^ _076043_/ZN (AOI221_X1)
   0.03    0.43 v _076044_/ZN (NAND2_X1)
   0.03    0.46 ^ _076045_/ZN (NOR2_X1)
   0.02    0.48 v _076047_/ZN (AOI221_X1)
   0.00    0.48 v _125132_/D (DFF_X1)
           0.48   data arrival time

   0.62    0.62   clock spi_clk (rise edge)
   0.00    0.62   clock network delay (ideal)
   0.00    0.62   clock reconvergence pessimism
           0.62 ^ _125132_/CK (DFF_X1)
  -0.05    0.57   library setup time
           0.57   data required time
---------------------------------------------------------
           0.57   data required time
          -0.48   data arrival time
---------------------------------------------------------
           0.09   slack (MET)


Startpoint: _110212_ (rising edge-triggered flip-flop clocked by spi_clk)
Endpoint: _110219_ (rising edge-triggered flip-flop clocked by spi_clk)
Path Group: spi_clk
Path Type: max

  Delay    Time   Description
---------------------------------------------------------
   0.00    0.00   clock spi_clk (rise edge)
   0.00    0.00   clock network delay (ideal)
   0.00    0.00 ^ _110212_/CK (DFF_X1)
   0.08    0.08 v _110212_/Q (DFF_X1)
   0.05    0.13 ^ _106251_/ZN (AOI21_X1)
   0.01    0.14 v _106252_/ZN (INV_X1)
   0.04    0.18 ^ _106253_/ZN (AOI21_X1)
   0.01    0.19 v _106254_/ZN (INV_X1)
   0.04    0.24 ^ _106255_/ZN (AOI21_X1)
   0.02    0.25 v _106256_/ZN (NOR2_X1)
   0.04    0.29 ^ _106257_/ZN (OAI21_X1)
   0.02    0.31 v _106258_/ZN (NAND2_X1)
   0.03    0.34 v _106259_/ZN (AND2_X1)
   0.04    0.38 ^ _106260_/ZN (NOR2_X1)
   0.02    0.40 v _106261_/ZN (OAI21_X1)
   0.04    0.44 v _106262_/ZN (AND2_X1)
   0.05    0.49 ^ _106274_/ZN (OAI221_X1)
   0.00    0.49 ^ _110219_/D (DFF_X1)
           0.49   data arrival time

   0.62    0.62   clock spi_clk (rise edge)
   0.00    0.62   clock network delay (ideal)
   0.00    0.62   clock reconvergence pessimism
           0.62 ^ _110219_/CK (DFF_X1)
  -0.04    0.58   library setup time
           0.58   data required time
---------------------------------------------------------
           0.58   data required time
          -0.49   data arrival time
---------------------------------------------------------
           0.09   slack (MET)


Startpoint: _110369_ (rising edge-triggered flip-flop clocked by spi_clk)
Endpoint: _118449_ (rising edge-triggered flip-flop clocked by spi_clk)
Path Group: spi_clk
Path Type: max

  Delay    Time   Description
---------------------------------------------------------
   0.00    0.00   clock spi_clk (rise edge)
   0.00    0.00   clock network delay (ideal)
   0.00    0.00 ^ _110369_/CK (DFF_X1)
   0.09    0.09 v _110369_/Q (DFF_X1)
   0.15    0.24 ^ _065018_/ZN (NOR3_X1)
   0.10    0.34 ^ _065035_/ZN (AND4_X1)
   0.09    0.42 ^ _094970_/ZN (AND3_X1)
   0.06    0.48 v _097062_/Z (MUX2_X1)
   0.00    0.48 v _118449_/D (DFF_X1)
           0.48   data arrival time

   0.62    0.62   clock spi_clk (rise edge)
   0.00    0.62   clock network delay (ideal)
   0.00    0.62   clock reconvergence pessimism
           0.62 ^ _118449_/CK (DFF_X1)
  -0.04    0.58   library setup time
           0.58   data required time
---------------------------------------------------------
           0.58   data required time
          -0.48   data arrival time
---------------------------------------------------------
           0.10   slack (MET)


Startpoint: _110369_ (rising edge-triggered flip-flop clocked by spi_clk)
Endpoint: _118450_ (rising edge-triggered flip-flop clocked by spi_clk)
Path Group: spi_clk
Path Type: max

  Delay    Time   Description
---------------------------------------------------------
   0.00    0.00   clock spi_clk (rise edge)
   0.00    0.00   clock network delay (ideal)
   0.00    0.00 ^ _110369_/CK (DFF_X1)
   0.09    0.09 v _110369_/Q (DFF_X1)
   0.15    0.24 ^ _065018_/ZN (NOR3_X1)
   0.10    0.34 ^ _065035_/ZN (AND4_X1)
   0.09    0.42 ^ _094970_/ZN (AND3_X1)
   0.06    0.48 v _097059_/Z (MUX2_X1)
   0.00    0.48 v _118450_/D (DFF_X1)
           0.48   data arrival time

   0.62    0.62   clock spi_clk (rise edge)
   0.00    0.62   clock network delay (ideal)
   0.00    0.62   clock reconvergence pessimism
           0.62 ^ _118450_/CK (DFF_X1)
  -0.04    0.58   library setup time
           0.58   data required time
---------------------------------------------------------
           0.58   data required time
          -0.48   data arrival time
---------------------------------------------------------
           0.10   slack (MET)


Startpoint: _110369_ (rising edge-triggered flip-flop clocked by spi_clk)
Endpoint: _118451_ (rising edge-triggered flip-flop clocked by spi_clk)
Path Group: spi_clk
Path Type: max

  Delay    Time   Description
---------------------------------------------------------
   0.00    0.00   clock spi_clk (rise edge)
   0.00    0.00   clock network delay (ideal)
   0.00    0.00 ^ _110369_/CK (DFF_X1)
   0.09    0.09 v _110369_/Q (DFF_X1)
   0.15    0.24 ^ _065018_/ZN (NOR3_X1)
   0.10    0.34 ^ _065035_/ZN (AND4_X1)
   0.09    0.42 ^ _094970_/ZN (AND3_X1)
   0.06    0.48 v _097057_/Z (MUX2_X1)
   0.00    0.48 v _118451_/D (DFF_X1)
           0.48   data arrival time

   0.62    0.62   clock spi_clk (rise edge)
   0.00    0.62   clock network delay (ideal)
   0.00    0.62   clock reconvergence pessimism
           0.62 ^ _118451_/CK (DFF_X1)
  -0.04    0.58   library setup time
           0.58   data required time
---------------------------------------------------------
           0.58   data required time
          -0.48   data arrival time
---------------------------------------------------------
           0.10   slack (MET)


Startpoint: _110369_ (rising edge-triggered flip-flop clocked by spi_clk)
Endpoint: _118452_ (rising edge-triggered flip-flop clocked by spi_clk)
Path Group: spi_clk
Path Type: max

  Delay    Time   Description
---------------------------------------------------------
   0.00    0.00   clock spi_clk (rise edge)
   0.00    0.00   clock network delay (ideal)
   0.00    0.00 ^ _110369_/CK (DFF_X1)
   0.09    0.09 v _110369_/Q (DFF_X1)
   0.15    0.24 ^ _065018_/ZN (NOR3_X1)
   0.10    0.34 ^ _065035_/ZN (AND4_X1)
   0.09    0.42 ^ _094970_/ZN (AND3_X1)
   0.06    0.48 v _097052_/Z (MUX2_X1)
   0.00    0.48 v _118452_/D (DFF_X1)
           0.48   data arrival time

   0.62    0.62   clock spi_clk (rise edge)
   0.00    0.62   clock network delay (ideal)
   0.00    0.62   clock reconvergence pessimism
           0.62 ^ _118452_/CK (DFF_X1)
  -0.04    0.58   library setup time
           0.58   data required time
---------------------------------------------------------
           0.58   data required time
          -0.48   data arrival time
---------------------------------------------------------
           0.10   slack (MET)


Startpoint: _110369_ (rising edge-triggered flip-flop clocked by spi_clk)
Endpoint: _118453_ (rising edge-triggered flip-flop clocked by spi_clk)
Path Group: spi_clk
Path Type: max

  Delay    Time   Description
---------------------------------------------------------
   0.00    0.00   clock spi_clk (rise edge)
   0.00    0.00   clock network delay (ideal)
   0.00    0.00 ^ _110369_/CK (DFF_X1)
   0.09    0.09 v _110369_/Q (DFF_X1)
   0.15    0.24 ^ _065018_/ZN (NOR3_X1)
   0.10    0.34 ^ _065035_/ZN (AND4_X1)
   0.09    0.42 ^ _094970_/ZN (AND3_X1)
   0.06    0.48 v _097050_/Z (MUX2_X1)
   0.00    0.48 v _118453_/D (DFF_X1)
           0.48   data arrival time

   0.62    0.62   clock spi_clk (rise edge)
   0.00    0.62   clock network delay (ideal)
   0.00    0.62   clock reconvergence pessimism
           0.62 ^ _118453_/CK (DFF_X1)
  -0.04    0.58   library setup time
           0.58   data required time
---------------------------------------------------------
           0.58   data required time
          -0.48   data arrival time
---------------------------------------------------------
           0.10   slack (MET)


Startpoint: _110369_ (rising edge-triggered flip-flop clocked by spi_clk)
Endpoint: _118454_ (rising edge-triggered flip-flop clocked by spi_clk)
Path Group: spi_clk
Path Type: max

  Delay    Time   Description
---------------------------------------------------------
   0.00    0.00   clock spi_clk (rise edge)
   0.00    0.00   clock network delay (ideal)
   0.00    0.00 ^ _110369_/CK (DFF_X1)
   0.09    0.09 v _110369_/Q (DFF_X1)
   0.15    0.24 ^ _065018_/ZN (NOR3_X1)
   0.10    0.34 ^ _065035_/ZN (AND4_X1)
   0.09    0.42 ^ _094970_/ZN (AND3_X1)
   0.06    0.48 v _097046_/Z (MUX2_X1)
   0.00    0.48 v _118454_/D (DFF_X1)
           0.48   data arrival time

   0.62    0.62   clock spi_clk (rise edge)
   0.00    0.62   clock network delay (ideal)
   0.00    0.62   clock reconvergence pessimism
           0.62 ^ _118454_/CK (DFF_X1)
  -0.04    0.58   library setup time
           0.58   data required time
---------------------------------------------------------
           0.58   data required time
          -0.48   data arrival time
---------------------------------------------------------
           0.10   slack (MET)


Startpoint: _110369_ (rising edge-triggered flip-flop clocked by spi_clk)
Endpoint: _118455_ (rising edge-triggered flip-flop clocked by spi_clk)
Path Group: spi_clk
Path Type: max

  Delay    Time   Description
---------------------------------------------------------
   0.00    0.00   clock spi_clk (rise edge)
   0.00    0.00   clock network delay (ideal)
   0.00    0.00 ^ _110369_/CK (DFF_X1)
   0.09    0.09 v _110369_/Q (DFF_X1)
   0.15    0.24 ^ _065018_/ZN (NOR3_X1)
   0.10    0.34 ^ _065035_/ZN (AND4_X1)
   0.09    0.42 ^ _094970_/ZN (AND3_X1)
   0.06    0.48 v _097044_/Z (MUX2_X1)
   0.00    0.48 v _118455_/D (DFF_X1)
           0.48   data arrival time

   0.62    0.62   clock spi_clk (rise edge)
   0.00    0.62   clock network delay (ideal)
   0.00    0.62   clock reconvergence pessimism
           0.62 ^ _118455_/CK (DFF_X1)
  -0.04    0.58   library setup time
           0.58   data required time
---------------------------------------------------------
           0.58   data required time
          -0.48   data arrival time
---------------------------------------------------------
           0.10   slack (MET)


Startpoint: spi_rst (input port clocked by spi_clk)
Endpoint: _124872_ (rising edge-triggered flip-flop clocked by spi_div16)
Path Group: spi_div16
Path Type: max

  Delay    Time   Description
---------------------------------------------------------
   9.30    9.30   clock spi_clk (rise edge)
   0.00    9.30   clock network delay (ideal)
   0.00    9.30 v input external delay
   0.00    9.30 v spi_rst (in)
   0.11    9.41 ^ _064128_/ZN (INV_X1)
   0.03    9.44 v _077176_/ZN (OAI21_X1)
   0.04    9.48 ^ _077177_/ZN (AOI21_X1)
   0.00    9.48 ^ _124872_/D (DFF_X1)
           9.48   data arrival time

   9.92    9.92   clock spi_div16 (rise edge)
   0.00    9.92   clock network delay (ideal)
   0.00    9.92   clock reconvergence pessimism
           9.92 ^ _124872_/CK (DFF_X1)
  -0.03    9.89   library setup time
           9.89   data required time
---------------------------------------------------------
           9.89   data required time
          -9.48   data arrival time
---------------------------------------------------------
           0.40   slack (MET)


Startpoint: spi_rst (input port clocked by spi_clk)
Endpoint: _124869_ (rising edge-triggered flip-flop clocked by spi_div16)
Path Group: spi_div16
Path Type: max

  Delay    Time   Description
---------------------------------------------------------
   9.30    9.30   clock spi_clk (rise edge)
   0.00    9.30   clock network delay (ideal)
   0.00    9.30 v input external delay
   0.00    9.30 v spi_rst (in)
   0.11    9.41 ^ _064128_/ZN (INV_X1)
   0.03    9.44 v _077182_/ZN (OAI21_X1)
   0.03    9.47 ^ _077183_/ZN (NOR2_X1)
   0.00    9.47 ^ _124869_/D (DFF_X1)
           9.47   data arrival time

   9.92    9.92   clock spi_div16 (rise edge)
   0.00    9.92   clock network delay (ideal)
   0.00    9.92   clock reconvergence pessimism
           9.92 ^ _124869_/CK (DFF_X1)
  -0.03    9.89   library setup time
           9.89   data required time
---------------------------------------------------------
           9.89   data required time
          -9.47   data arrival time
---------------------------------------------------------
           0.42   slack (MET)


Startpoint: spi_rst (input port clocked by spi_clk)
Endpoint: _124870_ (rising edge-triggered flip-flop clocked by spi_div16)
Path Group: spi_div16
Path Type: max

  Delay    Time   Description
---------------------------------------------------------
   9.30    9.30   clock spi_clk (rise edge)
   0.00    9.30   clock network delay (ideal)
   0.00    9.30 v input external delay
   0.00    9.30 v spi_rst (in)
   0.11    9.41 ^ _064128_/ZN (INV_X1)
   0.03    9.44 v _077180_/ZN (OAI21_X1)
   0.03    9.47 ^ _077181_/ZN (NOR2_X1)
   0.00    9.47 ^ _124870_/D (DFF_X1)
           9.47   data arrival time

   9.92    9.92   clock spi_div16 (rise edge)
   0.00    9.92   clock network delay (ideal)
   0.00    9.92   clock reconvergence pessimism
           9.92 ^ _124870_/CK (DFF_X1)
  -0.03    9.89   library setup time
           9.89   data required time
---------------------------------------------------------
           9.89   data required time
          -9.47   data arrival time
---------------------------------------------------------
           0.42   slack (MET)


Startpoint: spi_rst (input port clocked by spi_clk)
Endpoint: _124871_ (rising edge-triggered flip-flop clocked by spi_div16)
Path Group: spi_div16
Path Type: max

  Delay    Time   Description
---------------------------------------------------------
   9.30    9.30   clock spi_clk (rise edge)
   0.00    9.30   clock network delay (ideal)
   0.00    9.30 v input external delay
   0.00    9.30 v spi_rst (in)
   0.11    9.41 ^ _064128_/ZN (INV_X1)
   0.03    9.44 v _077178_/ZN (OAI21_X1)
   0.03    9.47 ^ _077179_/ZN (NOR2_X1)
   0.00    9.47 ^ _124871_/D (DFF_X1)
           9.47   data arrival time

   9.92    9.92   clock spi_div16 (rise edge)
   0.00    9.92   clock network delay (ideal)
   0.00    9.92   clock reconvergence pessimism
           9.92 ^ _124871_/CK (DFF_X1)
  -0.03    9.89   library setup time
           9.89   data required time
---------------------------------------------------------
           9.89   data required time
          -9.47   data arrival time
---------------------------------------------------------
           0.42   slack (MET)


Startpoint: spi_rst (input port clocked by spi_clk)
Endpoint: _124866_ (rising edge-triggered flip-flop clocked by spi_div16)
Path Group: spi_div16
Path Type: max

  Delay    Time   Description
---------------------------------------------------------
   9.30    9.30   clock spi_clk (rise edge)
   0.00    9.30   clock network delay (ideal)
   0.00    9.30 v input external delay
   0.00    9.30 v spi_rst (in)
   0.11    9.41 ^ _064128_/ZN (INV_X1)
   0.05    9.46 ^ _077188_/ZN (AND2_X1)
   0.00    9.46 ^ _124866_/D (DFF_X1)
           9.46   data arrival time

   9.92    9.92   clock spi_div16 (rise edge)
   0.00    9.92   clock network delay (ideal)
   0.00    9.92   clock reconvergence pessimism
           9.92 ^ _124866_/CK (DFF_X1)
  -0.03    9.89   library setup time
           9.89   data required time
---------------------------------------------------------
           9.89   data required time
          -9.46   data arrival time
---------------------------------------------------------
           0.43   slack (MET)


Startpoint: spi_rst (input port clocked by spi_clk)
Endpoint: _124867_ (rising edge-triggered flip-flop clocked by spi_div16)
Path Group: spi_div16
Path Type: max

  Delay    Time   Description
---------------------------------------------------------
   9.30    9.30   clock spi_clk (rise edge)
   0.00    9.30   clock network delay (ideal)
   0.00    9.30 v input external delay
   0.00    9.30 v spi_rst (in)
   0.03    9.33 ^ _077100_/ZN (NOR2_X1)
   0.01    9.34 v _077186_/ZN (NOR2_X1)
   0.04    9.38 ^ _077187_/ZN (AOI21_X1)
   0.00    9.38 ^ _124867_/D (DFF_X1)
           9.38   data arrival time

   9.92    9.92   clock spi_div16 (rise edge)
   0.00    9.92   clock network delay (ideal)
   0.00    9.92   clock reconvergence pessimism
           9.92 ^ _124867_/CK (DFF_X1)
  -0.03    9.89   library setup time
           9.89   data required time
---------------------------------------------------------
           9.89   data required time
          -9.38   data arrival time
---------------------------------------------------------
           0.51   slack (MET)


Startpoint: spi_rst (input port clocked by spi_clk)
Endpoint: _124868_ (rising edge-triggered flip-flop clocked by spi_div16)
Path Group: spi_div16
Path Type: max

  Delay    Time   Description
---------------------------------------------------------
   9.30    9.30   clock spi_clk (rise edge)
   0.00    9.30   clock network delay (ideal)
   0.00    9.30 v input external delay
   0.00    9.30 v spi_rst (in)
   0.03    9.33 ^ _077185_/ZN (NOR3_X1)
   0.00    9.33 ^ _124868_/D (DFF_X1)
           9.33   data arrival time

   9.92    9.92   clock spi_div16 (rise edge)
   0.00    9.92   clock network delay (ideal)
   0.00    9.92   clock reconvergence pessimism
           9.92 ^ _124868_/CK (DFF_X1)
  -0.04    9.88   library setup time
           9.88   data required time
---------------------------------------------------------
           9.88   data required time
          -9.33   data arrival time
---------------------------------------------------------
           0.56   slack (MET)


Startpoint: spi_rst (input port clocked by spi_clk)
Endpoint: _124873_ (rising edge-triggered flip-flop clocked by spi_div16)
Path Group: spi_div16
Path Type: max

  Delay    Time   Description
---------------------------------------------------------
   9.30    9.30   clock spi_clk (rise edge)
   0.00    9.30   clock network delay (ideal)
   0.00    9.30 v input external delay
   0.00    9.30 v spi_rst (in)
   0.02    9.32 ^ _109635_/ZN (NOR2_X1)
   0.00    9.32 ^ _124873_/D (DFF_X1)
           9.32   data arrival time

   9.92    9.92   clock spi_div16 (rise edge)
   0.00    9.92   clock network delay (ideal)
   0.00    9.92   clock reconvergence pessimism
           9.92 ^ _124873_/CK (DFF_X1)
  -0.03    9.89   library setup time
           9.89   data required time
---------------------------------------------------------
           9.89   data required time
          -9.32   data arrival time
---------------------------------------------------------
           0.57   slack (MET)


Startpoint: _124902_ (rising edge-triggered flip-flop clocked by uart_clk)
Endpoint: _125646_ (rising edge-triggered flip-flop clocked by uart_clk)
Path Group: uart_clk
Path Type: max

  Delay    Time   Description
---------------------------------------------------------
   0.00    0.00   clock uart_clk (rise edge)
   0.00    0.00   clock network delay (ideal)
   0.00    0.00 ^ _124902_/CK (DFF_X1)
   0.08    0.08 v _124902_/Q (DFF_X1)
   0.09    0.18 ^ _066098_/ZN (NOR4_X1)
   0.05    0.23 v _066100_/ZN (NAND4_X1)
   0.08    0.31 ^ _066105_/ZN (OAI22_X1)
   0.01    0.32 v _066107_/ZN (NOR2_X1)
   0.08    0.40 ^ _066108_/ZN (AOI211_X1)
   0.13    0.53 ^ _066115_/ZN (AND3_X1)
   0.08    0.61 ^ _066117_/ZN (AND3_X1)
   0.10    0.71 v _066119_/ZN (NAND3_X1)
   0.09    0.80 v _066120_/Z (XOR2_X1)
   0.06    0.86 v _066125_/Z (XOR2_X1)
   0.06    0.92 v _109696_/Z (XOR2_X1)
   0.03    0.95 ^ _109703_/ZN (NOR3_X1)
   0.00    0.95 ^ _125646_/D (DFFR_X1)
           0.95   data arrival time

   0.96    0.96   clock uart_clk (rise edge)
   0.00    0.96   clock network delay (ideal)
   0.00    0.96   clock reconvergence pessimism
           0.96 ^ _125646_/CK (DFFR_X1)
  -0.04    0.92   library setup time
           0.92   data required time
---------------------------------------------------------
           0.92   data required time
          -0.95   data arrival time
---------------------------------------------------------
          -0.02   slack (VIOLATED)


Startpoint: _124902_ (rising edge-triggered flip-flop clocked by uart_clk)
Endpoint: _125650_ (rising edge-triggered flip-flop clocked by uart_clk)
Path Group: uart_clk
Path Type: max

  Delay    Time   Description
---------------------------------------------------------
   0.00    0.00   clock uart_clk (rise edge)
   0.00    0.00   clock network delay (ideal)
   0.00    0.00 ^ _124902_/CK (DFF_X1)
   0.08    0.08 v _124902_/Q (DFF_X1)
   0.09    0.18 ^ _066098_/ZN (NOR4_X1)
   0.05    0.23 v _066100_/ZN (NAND4_X1)
   0.08    0.31 ^ _066105_/ZN (OAI22_X1)
   0.01    0.32 v _066107_/ZN (NOR2_X1)
   0.08    0.40 ^ _066108_/ZN (AOI211_X1)
   0.13    0.53 ^ _066115_/ZN (AND3_X1)
   0.08    0.61 ^ _066117_/ZN (AND3_X1)
   0.10    0.71 v _066119_/ZN (NAND3_X1)
   0.09    0.80 ^ _066120_/Z (XOR2_X1)
   0.06    0.86 ^ _066125_/Z (XOR2_X1)
   0.00    0.86 ^ _125650_/D (DFFR_X1)
           0.86   data arrival time

   0.96    0.96   clock uart_clk (rise edge)
   0.00    0.96   clock network delay (ideal)
   0.00    0.96   clock reconvergence pessimism
           0.96 ^ _125650_/CK (DFFR_X1)
  -0.04    0.92   library setup time
           0.92   data required time
---------------------------------------------------------
           0.92   data required time
          -0.86   data arrival time
---------------------------------------------------------
           0.06   slack (MET)


Startpoint: _124910_ (rising edge-triggered flip-flop clocked by uart_clk)
Endpoint: _124908_ (rising edge-triggered flip-flop clocked by uart_clk)
Path Group: uart_clk
Path Type: max

  Delay    Time   Description
---------------------------------------------------------
   0.00    0.00   clock uart_clk (rise edge)
   0.00    0.00   clock network delay (ideal)
   0.00    0.00 ^ _124910_/CK (DFF_X1)
   0.07    0.07 v _124910_/QN (DFF_X1)
   0.17    0.25 ^ _066094_/ZN (NOR2_X1)
   0.05    0.29 ^ _077103_/ZN (OR3_X1)
   0.05    0.35 ^ _077104_/ZN (AND3_X1)
   0.04    0.39 ^ _077105_/ZN (AND2_X1)
   0.04    0.43 ^ _077106_/ZN (AND2_X1)
   0.04    0.47 ^ _077107_/ZN (AND2_X1)
   0.04    0.51 ^ _077108_/ZN (AND2_X1)
   0.04    0.55 ^ _077109_/ZN (AND2_X1)
   0.04    0.59 ^ _077110_/ZN (AND2_X1)
   0.04    0.63 ^ _077111_/ZN (AND2_X1)
   0.04    0.67 ^ _077112_/ZN (AND2_X1)
   0.04    0.71 ^ _077113_/ZN (AND2_X1)
   0.05    0.76 ^ _077114_/ZN (AND2_X1)
   0.02    0.77 v _077115_/ZN (NAND2_X1)
   0.05    0.83 v _109183_/Z (XOR2_X1)
   0.03    0.85 ^ _109184_/ZN (NOR2_X1)
   0.00    0.85 ^ _124908_/D (DFF_X1)
           0.85   data arrival time

   0.96    0.96   clock uart_clk (rise edge)
   0.00    0.96   clock network delay (ideal)
   0.00    0.96   clock reconvergence pessimism
           0.96 ^ _124908_/CK (DFF_X1)
  -0.03    0.93   library setup time
           0.93   data required time
---------------------------------------------------------
           0.93   data required time
          -0.85   data arrival time
---------------------------------------------------------
           0.07   slack (MET)


Startpoint: _110115_ (rising edge-triggered flip-flop clocked by uart_clk)
Endpoint: _110108_ (rising edge-triggered flip-flop clocked by uart_clk)
Path Group: uart_clk
Path Type: max

  Delay    Time   Description
---------------------------------------------------------
   0.00    0.00   clock uart_clk (rise edge)
   0.00    0.00   clock network delay (ideal)
   0.00    0.00 ^ _110115_/CK (DFFR_X1)
   0.51    0.51 ^ _110115_/Q (DFFR_X1)
   0.12    0.63 ^ _065460_/ZN (AND3_X1)
   0.02    0.65 v _065461_/ZN (NAND2_X1)
   0.05    0.69 ^ _065462_/ZN (XNOR2_X1)
   0.04    0.74 ^ _109848_/ZN (XNOR2_X1)
   0.02    0.75 v _109849_/ZN (NAND2_X1)
   0.07    0.83 ^ _109850_/ZN (NOR4_X1)
   0.00    0.83 ^ _110108_/D (DFFS_X1)
           0.83   data arrival time

   0.96    0.96   clock uart_clk (rise edge)
   0.00    0.96   clock network delay (ideal)
   0.00    0.96   clock reconvergence pessimism
           0.96 ^ _110108_/CK (DFFS_X1)
  -0.04    0.92   library setup time
           0.92   data required time
---------------------------------------------------------
           0.92   data required time
          -0.83   data arrival time
---------------------------------------------------------
           0.10   slack (MET)


Startpoint: _124902_ (rising edge-triggered flip-flop clocked by uart_clk)
Endpoint: _125651_ (rising edge-triggered flip-flop clocked by uart_clk)
Path Group: uart_clk
Path Type: max

  Delay    Time   Description
---------------------------------------------------------
   0.00    0.00   clock uart_clk (rise edge)
   0.00    0.00   clock network delay (ideal)
   0.00    0.00 ^ _124902_/CK (DFF_X1)
   0.08    0.08 v _124902_/Q (DFF_X1)
   0.09    0.18 ^ _066098_/ZN (NOR4_X1)
   0.05    0.23 v _066100_/ZN (NAND4_X1)
   0.08    0.31 ^ _066105_/ZN (OAI22_X1)
   0.01    0.32 v _066107_/ZN (NOR2_X1)
   0.08    0.40 ^ _066108_/ZN (AOI211_X1)
   0.13    0.53 ^ _066115_/ZN (AND3_X1)
   0.08    0.61 ^ _066117_/ZN (AND3_X1)
   0.10    0.71 v _066119_/ZN (NAND3_X1)
   0.09    0.80 ^ _066120_/Z (XOR2_X1)
   0.01    0.81 v _066121_/ZN (INV_X1)
   0.00    0.81 v _125651_/D (DFFR_X1)
           0.81   data arrival time

   0.96    0.96   clock uart_clk (rise edge)
   0.00    0.96   clock network delay (ideal)
   0.00    0.96   clock reconvergence pessimism
           0.96 ^ _125651_/CK (DFFR_X1)
  -0.04    0.92   library setup time
           0.92   data required time
---------------------------------------------------------
           0.92   data required time
          -0.81   data arrival time
---------------------------------------------------------
           0.11   slack (MET)


Startpoint: _124902_ (rising edge-triggered flip-flop clocked by uart_clk)
Endpoint: _119816_ (rising edge-triggered flip-flop clocked by uart_clk)
Path Group: uart_clk
Path Type: max

  Delay    Time   Description
---------------------------------------------------------
   0.00    0.00   clock uart_clk (rise edge)
   0.00    0.00   clock network delay (ideal)
   0.00    0.00 ^ _124902_/CK (DFF_X1)
   0.08    0.08 v _124902_/Q (DFF_X1)
   0.09    0.18 ^ _066098_/ZN (NOR4_X1)
   0.05    0.23 v _066100_/ZN (NAND4_X1)
   0.08    0.31 ^ _066105_/ZN (OAI22_X1)
   0.01    0.32 v _066107_/ZN (NOR2_X1)
   0.08    0.40 ^ _066108_/ZN (AOI211_X1)
   0.13    0.53 ^ _066115_/ZN (AND3_X1)
   0.03    0.56 v _066129_/ZN (NAND2_X1)
   0.06    0.62 ^ _066130_/ZN (NOR2_X1)
   0.12    0.74 v _078482_/ZN (NAND4_X1)
   0.04    0.78 ^ _094227_/ZN (NAND2_X1)
   0.02    0.80 v _094228_/ZN (OAI21_X1)
   0.00    0.80 v _119816_/D (DFF_X1)
           0.80   data arrival time

   0.96    0.96   clock uart_clk (rise edge)
   0.00    0.96   clock network delay (ideal)
   0.00    0.96   clock reconvergence pessimism
           0.96 ^ _119816_/CK (DFF_X1)
  -0.04    0.92   library setup time
           0.92   data required time
---------------------------------------------------------
           0.92   data required time
          -0.80   data arrival time
---------------------------------------------------------
           0.11   slack (MET)


Startpoint: _124902_ (rising edge-triggered flip-flop clocked by uart_clk)
Endpoint: _119817_ (rising edge-triggered flip-flop clocked by uart_clk)
Path Group: uart_clk
Path Type: max

  Delay    Time   Description
---------------------------------------------------------
   0.00    0.00   clock uart_clk (rise edge)
   0.00    0.00   clock network delay (ideal)
   0.00    0.00 ^ _124902_/CK (DFF_X1)
   0.08    0.08 v _124902_/Q (DFF_X1)
   0.09    0.18 ^ _066098_/ZN (NOR4_X1)
   0.05    0.23 v _066100_/ZN (NAND4_X1)
   0.08    0.31 ^ _066105_/ZN (OAI22_X1)
   0.01    0.32 v _066107_/ZN (NOR2_X1)
   0.08    0.40 ^ _066108_/ZN (AOI211_X1)
   0.13    0.53 ^ _066115_/ZN (AND3_X1)
   0.03    0.56 v _066129_/ZN (NAND2_X1)
   0.06    0.62 ^ _066130_/ZN (NOR2_X1)
   0.12    0.74 v _078482_/ZN (NAND4_X1)
   0.04    0.78 ^ _094225_/ZN (NAND2_X1)
   0.02    0.80 v _094226_/ZN (OAI21_X1)
   0.00    0.80 v _119817_/D (DFF_X1)
           0.80   data arrival time

   0.96    0.96   clock uart_clk (rise edge)
   0.00    0.96   clock network delay (ideal)
   0.00    0.96   clock reconvergence pessimism
           0.96 ^ _119817_/CK (DFF_X1)
  -0.04    0.92   library setup time
           0.92   data required time
---------------------------------------------------------
           0.92   data required time
          -0.80   data arrival time
---------------------------------------------------------
           0.11   slack (MET)


Startpoint: _124902_ (rising edge-triggered flip-flop clocked by uart_clk)
Endpoint: _119818_ (rising edge-triggered flip-flop clocked by uart_clk)
Path Group: uart_clk
Path Type: max

  Delay    Time   Description
---------------------------------------------------------
   0.00    0.00   clock uart_clk (rise edge)
   0.00    0.00   clock network delay (ideal)
   0.00    0.00 ^ _124902_/CK (DFF_X1)
   0.08    0.08 v _124902_/Q (DFF_X1)
   0.09    0.18 ^ _066098_/ZN (NOR4_X1)
   0.05    0.23 v _066100_/ZN (NAND4_X1)
   0.08    0.31 ^ _066105_/ZN (OAI22_X1)
   0.01    0.32 v _066107_/ZN (NOR2_X1)
   0.08    0.40 ^ _066108_/ZN (AOI211_X1)
   0.13    0.53 ^ _066115_/ZN (AND3_X1)
   0.03    0.56 v _066129_/ZN (NAND2_X1)
   0.06    0.62 ^ _066130_/ZN (NOR2_X1)
   0.12    0.74 v _078482_/ZN (NAND4_X1)
   0.04    0.78 ^ _094223_/ZN (NAND2_X1)
   0.02    0.80 v _094224_/ZN (OAI21_X1)
   0.00    0.80 v _119818_/D (DFF_X1)
           0.80   data arrival time

   0.96    0.96   clock uart_clk (rise edge)
   0.00    0.96   clock network delay (ideal)
   0.00    0.96   clock reconvergence pessimism
           0.96 ^ _119818_/CK (DFF_X1)
  -0.04    0.92   library setup time
           0.92   data required time
---------------------------------------------------------
           0.92   data required time
          -0.80   data arrival time
---------------------------------------------------------
           0.11   slack (MET)


Startpoint: _124902_ (rising edge-triggered flip-flop clocked by uart_clk)
Endpoint: _119819_ (rising edge-triggered flip-flop clocked by uart_clk)
Path Group: uart_clk
Path Type: max

  Delay    Time   Description
---------------------------------------------------------
   0.00    0.00   clock uart_clk (rise edge)
   0.00    0.00   clock network delay (ideal)
   0.00    0.00 ^ _124902_/CK (DFF_X1)
   0.08    0.08 v _124902_/Q (DFF_X1)
   0.09    0.18 ^ _066098_/ZN (NOR4_X1)
   0.05    0.23 v _066100_/ZN (NAND4_X1)
   0.08    0.31 ^ _066105_/ZN (OAI22_X1)
   0.01    0.32 v _066107_/ZN (NOR2_X1)
   0.08    0.40 ^ _066108_/ZN (AOI211_X1)
   0.13    0.53 ^ _066115_/ZN (AND3_X1)
   0.03    0.56 v _066129_/ZN (NAND2_X1)
   0.06    0.62 ^ _066130_/ZN (NOR2_X1)
   0.12    0.74 v _078482_/ZN (NAND4_X1)
   0.04    0.78 ^ _094221_/ZN (NAND2_X1)
   0.02    0.80 v _094222_/ZN (OAI21_X1)
   0.00    0.80 v _119819_/D (DFF_X1)
           0.80   data arrival time

   0.96    0.96   clock uart_clk (rise edge)
   0.00    0.96   clock network delay (ideal)
   0.00    0.96   clock reconvergence pessimism
           0.96 ^ _119819_/CK (DFF_X1)
  -0.04    0.92   library setup time
           0.92   data required time
---------------------------------------------------------
           0.92   data required time
          -0.80   data arrival time
---------------------------------------------------------
           0.11   slack (MET)


Startpoint: _124902_ (rising edge-triggered flip-flop clocked by uart_clk)
Endpoint: _119820_ (rising edge-triggered flip-flop clocked by uart_clk)
Path Group: uart_clk
Path Type: max

  Delay    Time   Description
---------------------------------------------------------
   0.00    0.00   clock uart_clk (rise edge)
   0.00    0.00   clock network delay (ideal)
   0.00    0.00 ^ _124902_/CK (DFF_X1)
   0.08    0.08 v _124902_/Q (DFF_X1)
   0.09    0.18 ^ _066098_/ZN (NOR4_X1)
   0.05    0.23 v _066100_/ZN (NAND4_X1)
   0.08    0.31 ^ _066105_/ZN (OAI22_X1)
   0.01    0.32 v _066107_/ZN (NOR2_X1)
   0.08    0.40 ^ _066108_/ZN (AOI211_X1)
   0.13    0.53 ^ _066115_/ZN (AND3_X1)
   0.03    0.56 v _066129_/ZN (NAND2_X1)
   0.06    0.62 ^ _066130_/ZN (NOR2_X1)
   0.12    0.74 v _078482_/ZN (NAND4_X1)
   0.04    0.78 ^ _094219_/ZN (NAND2_X1)
   0.02    0.80 v _094220_/ZN (OAI21_X1)
   0.00    0.80 v _119820_/D (DFF_X1)
           0.80   data arrival time

   0.96    0.96   clock uart_clk (rise edge)
   0.00    0.96   clock network delay (ideal)
   0.00    0.96   clock reconvergence pessimism
           0.96 ^ _119820_/CK (DFF_X1)
  -0.04    0.92   library setup time
           0.92   data required time
---------------------------------------------------------
           0.92   data required time
          -0.80   data arrival time
---------------------------------------------------------
           0.11   slack (MET)


Startpoint: _124902_ (rising edge-triggered flip-flop clocked by uart_clk)
Endpoint: _119821_ (rising edge-triggered flip-flop clocked by uart_clk)
Path Group: uart_clk
Path Type: max

  Delay    Time   Description
---------------------------------------------------------
   0.00    0.00   clock uart_clk (rise edge)
   0.00    0.00   clock network delay (ideal)
   0.00    0.00 ^ _124902_/CK (DFF_X1)
   0.08    0.08 v _124902_/Q (DFF_X1)
   0.09    0.18 ^ _066098_/ZN (NOR4_X1)
   0.05    0.23 v _066100_/ZN (NAND4_X1)
   0.08    0.31 ^ _066105_/ZN (OAI22_X1)
   0.01    0.32 v _066107_/ZN (NOR2_X1)
   0.08    0.40 ^ _066108_/ZN (AOI211_X1)
   0.13    0.53 ^ _066115_/ZN (AND3_X1)
   0.03    0.56 v _066129_/ZN (NAND2_X1)
   0.06    0.62 ^ _066130_/ZN (NOR2_X1)
   0.12    0.74 v _078482_/ZN (NAND4_X1)
   0.04    0.78 ^ _094217_/ZN (NAND2_X1)
   0.02    0.80 v _094218_/ZN (OAI21_X1)
   0.00    0.80 v _119821_/D (DFF_X1)
           0.80   data arrival time

   0.96    0.96   clock uart_clk (rise edge)
   0.00    0.96   clock network delay (ideal)
   0.00    0.96   clock reconvergence pessimism
           0.96 ^ _119821_/CK (DFF_X1)
  -0.04    0.92   library setup time
           0.92   data required time
---------------------------------------------------------
           0.92   data required time
          -0.80   data arrival time
---------------------------------------------------------
           0.11   slack (MET)


Startpoint: _124902_ (rising edge-triggered flip-flop clocked by uart_clk)
Endpoint: _119822_ (rising edge-triggered flip-flop clocked by uart_clk)
Path Group: uart_clk
Path Type: max

  Delay    Time   Description
---------------------------------------------------------
   0.00    0.00   clock uart_clk (rise edge)
   0.00    0.00   clock network delay (ideal)
   0.00    0.00 ^ _124902_/CK (DFF_X1)
   0.08    0.08 v _124902_/Q (DFF_X1)
   0.09    0.18 ^ _066098_/ZN (NOR4_X1)
   0.05    0.23 v _066100_/ZN (NAND4_X1)
   0.08    0.31 ^ _066105_/ZN (OAI22_X1)
   0.01    0.32 v _066107_/ZN (NOR2_X1)
   0.08    0.40 ^ _066108_/ZN (AOI211_X1)
   0.13    0.53 ^ _066115_/ZN (AND3_X1)
   0.03    0.56 v _066129_/ZN (NAND2_X1)
   0.06    0.62 ^ _066130_/ZN (NOR2_X1)
   0.12    0.74 v _078482_/ZN (NAND4_X1)
   0.04    0.78 ^ _094215_/ZN (NAND2_X1)
   0.02    0.80 v _094216_/ZN (OAI21_X1)
   0.00    0.80 v _119822_/D (DFF_X1)
           0.80   data arrival time

   0.96    0.96   clock uart_clk (rise edge)
   0.00    0.96   clock network delay (ideal)
   0.00    0.96   clock reconvergence pessimism
           0.96 ^ _119822_/CK (DFF_X1)
  -0.04    0.92   library setup time
           0.92   data required time
---------------------------------------------------------
           0.92   data required time
          -0.80   data arrival time
---------------------------------------------------------
           0.11   slack (MET)


Startpoint: _124902_ (rising edge-triggered flip-flop clocked by uart_clk)
Endpoint: _119924_ (rising edge-triggered flip-flop clocked by uart_clk)
Path Group: uart_clk
Path Type: max

  Delay    Time   Description
---------------------------------------------------------
   0.00    0.00   clock uart_clk (rise edge)
   0.00    0.00   clock network delay (ideal)
   0.00    0.00 ^ _124902_/CK (DFF_X1)
   0.08    0.08 v _124902_/Q (DFF_X1)
   0.09    0.18 ^ _066098_/ZN (NOR4_X1)
   0.05    0.23 v _066100_/ZN (NAND4_X1)
   0.08    0.31 ^ _066105_/ZN (OAI22_X1)
   0.01    0.32 v _066107_/ZN (NOR2_X1)
   0.08    0.40 ^ _066108_/ZN (AOI211_X1)
   0.13    0.53 ^ _066115_/ZN (AND3_X1)
   0.03    0.56 v _066129_/ZN (NAND2_X1)
   0.06    0.62 ^ _066130_/ZN (NOR2_X1)
   0.12    0.74 v _078482_/ZN (NAND4_X1)
   0.04    0.78 ^ _078483_/ZN (NAND2_X1)
   0.02    0.80 v _078484_/ZN (OAI21_X1)
   0.00    0.80 v _119924_/D (DFF_X1)
           0.80   data arrival time

   0.96    0.96   clock uart_clk (rise edge)
   0.00    0.96   clock network delay (ideal)
   0.00    0.96   clock reconvergence pessimism
           0.96 ^ _119924_/CK (DFF_X1)
  -0.04    0.92   library setup time
           0.92   data required time
---------------------------------------------------------
           0.92   data required time
          -0.80   data arrival time
---------------------------------------------------------
           0.11   slack (MET)


Startpoint: _124910_ (rising edge-triggered flip-flop clocked by uart_clk)
Endpoint: _124907_ (rising edge-triggered flip-flop clocked by uart_clk)
Path Group: uart_clk
Path Type: max

  Delay    Time   Description
---------------------------------------------------------
   0.00    0.00   clock uart_clk (rise edge)
   0.00    0.00   clock network delay (ideal)
   0.00    0.00 ^ _124910_/CK (DFF_X1)
   0.07    0.07 v _124910_/QN (DFF_X1)
   0.17    0.25 ^ _066094_/ZN (NOR2_X1)
   0.05    0.29 ^ _077103_/ZN (OR3_X1)
   0.05    0.35 ^ _077104_/ZN (AND3_X1)
   0.04    0.39 ^ _077105_/ZN (AND2_X1)
   0.04    0.43 ^ _077106_/ZN (AND2_X1)
   0.04    0.47 ^ _077107_/ZN (AND2_X1)
   0.04    0.51 ^ _077108_/ZN (AND2_X1)
   0.04    0.55 ^ _077109_/ZN (AND2_X1)
   0.04    0.59 ^ _077110_/ZN (AND2_X1)
   0.04    0.63 ^ _077111_/ZN (AND2_X1)
   0.04    0.67 ^ _077112_/ZN (AND2_X1)
   0.04    0.71 ^ _077113_/ZN (AND2_X1)
   0.05    0.76 ^ _077114_/ZN (AND2_X1)
   0.02    0.77 v _077118_/ZN (OAI21_X1)
   0.04    0.81 ^ _077119_/ZN (AOI21_X1)
   0.00    0.81 ^ _124907_/D (DFF_X1)
           0.81   data arrival time

   0.96    0.96   clock uart_clk (rise edge)
   0.00    0.96   clock network delay (ideal)
   0.00    0.96   clock reconvergence pessimism
           0.96 ^ _124907_/CK (DFF_X1)
  -0.03    0.93   library setup time
           0.93   data required time
---------------------------------------------------------
           0.93   data required time
          -0.81   data arrival time
---------------------------------------------------------
           0.12   slack (MET)


Startpoint: _110115_ (rising edge-triggered flip-flop clocked by uart_clk)
Endpoint: _110388_ (rising edge-triggered flip-flop clocked by uart_clk)
Path Group: uart_clk
Path Type: max

  Delay    Time   Description
---------------------------------------------------------
   0.00    0.00   clock uart_clk (rise edge)
   0.00    0.00   clock network delay (ideal)
   0.00    0.00 ^ _110115_/CK (DFFR_X1)
   0.51    0.51 ^ _110115_/Q (DFFR_X1)
   0.13    0.64 v _064166_/ZN (INV_X1)
   0.06    0.70 ^ _094668_/ZN (OAI21_X1)
   0.02    0.73 v _094669_/ZN (OAI21_X1)
   0.05    0.78 ^ _094670_/ZN (OAI221_X1)
   0.02    0.80 v _094683_/ZN (AOI21_X1)
   0.00    0.80 v _110388_/D (DFF_X1)
           0.80   data arrival time

   0.96    0.96   clock uart_clk (rise edge)
   0.00    0.96   clock network delay (ideal)
   0.00    0.96   clock reconvergence pessimism
           0.96 ^ _110388_/CK (DFF_X1)
  -0.04    0.92   library setup time
           0.92   data required time
---------------------------------------------------------
           0.92   data required time
          -0.80   data arrival time
---------------------------------------------------------
           0.12   slack (MET)


Startpoint: _124902_ (rising edge-triggered flip-flop clocked by uart_clk)
Endpoint: _119823_ (rising edge-triggered flip-flop clocked by uart_clk)
Path Group: uart_clk
Path Type: max

  Delay    Time   Description
---------------------------------------------------------
   0.00    0.00   clock uart_clk (rise edge)
   0.00    0.00   clock network delay (ideal)
   0.00    0.00 ^ _124902_/CK (DFF_X1)
   0.08    0.08 v _124902_/Q (DFF_X1)
   0.09    0.18 ^ _066098_/ZN (NOR4_X1)
   0.05    0.23 v _066100_/ZN (NAND4_X1)
   0.08    0.31 ^ _066105_/ZN (OAI22_X1)
   0.01    0.32 v _066107_/ZN (NOR2_X1)
   0.08    0.40 ^ _066108_/ZN (AOI211_X1)
   0.13    0.53 ^ _066115_/ZN (AND3_X1)
   0.02    0.55 v _066116_/ZN (NAND2_X1)
   0.06    0.61 ^ _078478_/ZN (NOR2_X1)
   0.12    0.73 v _078479_/ZN (NAND4_X1)
   0.04    0.77 ^ _094213_/ZN (NAND2_X1)
   0.02    0.79 v _094214_/ZN (OAI21_X1)
   0.00    0.79 v _119823_/D (DFF_X1)
           0.79   data arrival time

   0.96    0.96   clock uart_clk (rise edge)
   0.00    0.96   clock network delay (ideal)
   0.00    0.96   clock reconvergence pessimism
           0.96 ^ _119823_/CK (DFF_X1)
  -0.04    0.92   library setup time
           0.92   data required time
---------------------------------------------------------
           0.92   data required time
          -0.79   data arrival time
---------------------------------------------------------
           0.12   slack (MET)


Startpoint: _124902_ (rising edge-triggered flip-flop clocked by uart_clk)
Endpoint: _119824_ (rising edge-triggered flip-flop clocked by uart_clk)
Path Group: uart_clk
Path Type: max

  Delay    Time   Description
---------------------------------------------------------
   0.00    0.00   clock uart_clk (rise edge)
   0.00    0.00   clock network delay (ideal)
   0.00    0.00 ^ _124902_/CK (DFF_X1)
   0.08    0.08 v _124902_/Q (DFF_X1)
   0.09    0.18 ^ _066098_/ZN (NOR4_X1)
   0.05    0.23 v _066100_/ZN (NAND4_X1)
   0.08    0.31 ^ _066105_/ZN (OAI22_X1)
   0.01    0.32 v _066107_/ZN (NOR2_X1)
   0.08    0.40 ^ _066108_/ZN (AOI211_X1)
   0.13    0.53 ^ _066115_/ZN (AND3_X1)
   0.02    0.55 v _066116_/ZN (NAND2_X1)
   0.06    0.61 ^ _078478_/ZN (NOR2_X1)
   0.12    0.73 v _078479_/ZN (NAND4_X1)
   0.04    0.77 ^ _094211_/ZN (NAND2_X1)
   0.02    0.79 v _094212_/ZN (OAI21_X1)
   0.00    0.79 v _119824_/D (DFF_X1)
           0.79   data arrival time

   0.96    0.96   clock uart_clk (rise edge)
   0.00    0.96   clock network delay (ideal)
   0.00    0.96   clock reconvergence pessimism
           0.96 ^ _119824_/CK (DFF_X1)
  -0.04    0.92   library setup time
           0.92   data required time
---------------------------------------------------------
           0.92   data required time
          -0.79   data arrival time
---------------------------------------------------------
           0.12   slack (MET)


Startpoint: _124902_ (rising edge-triggered flip-flop clocked by uart_clk)
Endpoint: _119825_ (rising edge-triggered flip-flop clocked by uart_clk)
Path Group: uart_clk
Path Type: max

  Delay    Time   Description
---------------------------------------------------------
   0.00    0.00   clock uart_clk (rise edge)
   0.00    0.00   clock network delay (ideal)
   0.00    0.00 ^ _124902_/CK (DFF_X1)
   0.08    0.08 v _124902_/Q (DFF_X1)
   0.09    0.18 ^ _066098_/ZN (NOR4_X1)
   0.05    0.23 v _066100_/ZN (NAND4_X1)
   0.08    0.31 ^ _066105_/ZN (OAI22_X1)
   0.01    0.32 v _066107_/ZN (NOR2_X1)
   0.08    0.40 ^ _066108_/ZN (AOI211_X1)
   0.13    0.53 ^ _066115_/ZN (AND3_X1)
   0.02    0.55 v _066116_/ZN (NAND2_X1)
   0.06    0.61 ^ _078478_/ZN (NOR2_X1)
   0.12    0.73 v _078479_/ZN (NAND4_X1)
   0.04    0.77 ^ _094209_/ZN (NAND2_X1)
   0.02    0.79 v _094210_/ZN (OAI21_X1)
   0.00    0.79 v _119825_/D (DFF_X1)
           0.79   data arrival time

   0.96    0.96   clock uart_clk (rise edge)
   0.00    0.96   clock network delay (ideal)
   0.00    0.96   clock reconvergence pessimism
           0.96 ^ _119825_/CK (DFF_X1)
  -0.04    0.92   library setup time
           0.92   data required time
---------------------------------------------------------
           0.92   data required time
          -0.79   data arrival time
---------------------------------------------------------
           0.12   slack (MET)


Startpoint: _124902_ (rising edge-triggered flip-flop clocked by uart_clk)
Endpoint: _119826_ (rising edge-triggered flip-flop clocked by uart_clk)
Path Group: uart_clk
Path Type: max

  Delay    Time   Description
---------------------------------------------------------
   0.00    0.00   clock uart_clk (rise edge)
   0.00    0.00   clock network delay (ideal)
   0.00    0.00 ^ _124902_/CK (DFF_X1)
   0.08    0.08 v _124902_/Q (DFF_X1)
   0.09    0.18 ^ _066098_/ZN (NOR4_X1)
   0.05    0.23 v _066100_/ZN (NAND4_X1)
   0.08    0.31 ^ _066105_/ZN (OAI22_X1)
   0.01    0.32 v _066107_/ZN (NOR2_X1)
   0.08    0.40 ^ _066108_/ZN (AOI211_X1)
   0.13    0.53 ^ _066115_/ZN (AND3_X1)
   0.02    0.55 v _066116_/ZN (NAND2_X1)
   0.06    0.61 ^ _078478_/ZN (NOR2_X1)
   0.12    0.73 v _078479_/ZN (NAND4_X1)
   0.04    0.77 ^ _094207_/ZN (NAND2_X1)
   0.02    0.79 v _094208_/ZN (OAI21_X1)
   0.00    0.79 v _119826_/D (DFF_X1)
           0.79   data arrival time

   0.96    0.96   clock uart_clk (rise edge)
   0.00    0.96   clock network delay (ideal)
   0.00    0.96   clock reconvergence pessimism
           0.96 ^ _119826_/CK (DFF_X1)
  -0.04    0.92   library setup time
           0.92   data required time
---------------------------------------------------------
           0.92   data required time
          -0.79   data arrival time
---------------------------------------------------------
           0.12   slack (MET)


Startpoint: _124902_ (rising edge-triggered flip-flop clocked by uart_clk)
Endpoint: _119827_ (rising edge-triggered flip-flop clocked by uart_clk)
Path Group: uart_clk
Path Type: max

  Delay    Time   Description
---------------------------------------------------------
   0.00    0.00   clock uart_clk (rise edge)
   0.00    0.00   clock network delay (ideal)
   0.00    0.00 ^ _124902_/CK (DFF_X1)
   0.08    0.08 v _124902_/Q (DFF_X1)
   0.09    0.18 ^ _066098_/ZN (NOR4_X1)
   0.05    0.23 v _066100_/ZN (NAND4_X1)
   0.08    0.31 ^ _066105_/ZN (OAI22_X1)
   0.01    0.32 v _066107_/ZN (NOR2_X1)
   0.08    0.40 ^ _066108_/ZN (AOI211_X1)
   0.13    0.53 ^ _066115_/ZN (AND3_X1)
   0.02    0.55 v _066116_/ZN (NAND2_X1)
   0.06    0.61 ^ _078478_/ZN (NOR2_X1)
   0.12    0.73 v _078479_/ZN (NAND4_X1)
   0.04    0.77 ^ _094205_/ZN (NAND2_X1)
   0.02    0.79 v _094206_/ZN (OAI21_X1)
   0.00    0.79 v _119827_/D (DFF_X1)
           0.79   data arrival time

   0.96    0.96   clock uart_clk (rise edge)
   0.00    0.96   clock network delay (ideal)
   0.00    0.96   clock reconvergence pessimism
           0.96 ^ _119827_/CK (DFF_X1)
  -0.04    0.92   library setup time
           0.92   data required time
---------------------------------------------------------
           0.92   data required time
          -0.79   data arrival time
---------------------------------------------------------
           0.12   slack (MET)


Startpoint: uart_rst (input port clocked by uart_clk)
Endpoint: _124750_ (rising edge-triggered flip-flop clocked by uart_div4)
Path Group: uart_div4
Path Type: max

  Delay    Time   Description
---------------------------------------------------------
   2.88    2.88   clock uart_clk (rise edge)
   0.00    2.88   clock network delay (ideal)
   0.00    2.88 v input external delay
   0.00    2.88 v uart_rst (in)
   0.09    2.97 ^ _063580_/ZN (INV_X1)
   0.03    3.00 v _077429_/ZN (OAI21_X1)
   0.04    3.04 ^ _077430_/ZN (AOI21_X1)
   0.00    3.04 ^ _124750_/D (DFF_X1)
           3.04   data arrival time

   3.84    3.84   clock uart_div4 (rise edge)
   0.00    3.84   clock network delay (ideal)
   0.00    3.84   clock reconvergence pessimism
           3.84 ^ _124750_/CK (DFF_X1)
  -0.03    3.81   library setup time
           3.81   data required time
---------------------------------------------------------
           3.81   data required time
          -3.04   data arrival time
---------------------------------------------------------
           0.76   slack (MET)


Startpoint: uart_rst (input port clocked by uart_clk)
Endpoint: _124749_ (rising edge-triggered flip-flop clocked by uart_div4)
Path Group: uart_div4
Path Type: max

  Delay    Time   Description
---------------------------------------------------------
   2.88    2.88   clock uart_clk (rise edge)
   0.00    2.88   clock network delay (ideal)
   0.00    2.88 v input external delay
   0.00    2.88 v uart_rst (in)
   0.09    2.97 ^ _063580_/ZN (INV_X1)
   0.03    3.00 v _077431_/ZN (OAI21_X1)
   0.03    3.03 ^ _077432_/ZN (NOR2_X1)
   0.00    3.03 ^ _124749_/D (DFF_X1)
           3.03   data arrival time

   3.84    3.84   clock uart_div4 (rise edge)
   0.00    3.84   clock network delay (ideal)
   0.00    3.84   clock reconvergence pessimism
           3.84 ^ _124749_/CK (DFF_X1)
  -0.03    3.81   library setup time
           3.81   data required time
---------------------------------------------------------
           3.81   data required time
          -3.03   data arrival time
---------------------------------------------------------
           0.78   slack (MET)


Startpoint: uart_rst (input port clocked by uart_clk)
Endpoint: _124747_ (rising edge-triggered flip-flop clocked by uart_div4)
Path Group: uart_div4
Path Type: max

  Delay    Time   Description
---------------------------------------------------------
   2.88    2.88   clock uart_clk (rise edge)
   0.00    2.88   clock network delay (ideal)
   0.00    2.88 v input external delay
   0.00    2.88 v uart_rst (in)
   0.09    2.97 ^ _063580_/ZN (INV_X1)
   0.03    3.00 v _077435_/ZN (OAI21_X1)
   0.03    3.03 ^ _077436_/ZN (NOR2_X1)
   0.00    3.03 ^ _124747_/D (DFF_X1)
           3.03   data arrival time

   3.84    3.84   clock uart_div4 (rise edge)
   0.00    3.84   clock network delay (ideal)
   0.00    3.84   clock reconvergence pessimism
           3.84 ^ _124747_/CK (DFF_X1)
  -0.03    3.81   library setup time
           3.81   data required time
---------------------------------------------------------
           3.81   data required time
          -3.03   data arrival time
---------------------------------------------------------
           0.78   slack (MET)


Startpoint: uart_rst (input port clocked by uart_clk)
Endpoint: _124748_ (rising edge-triggered flip-flop clocked by uart_div4)
Path Group: uart_div4
Path Type: max

  Delay    Time   Description
---------------------------------------------------------
   2.88    2.88   clock uart_clk (rise edge)
   0.00    2.88   clock network delay (ideal)
   0.00    2.88 v input external delay
   0.00    2.88 v uart_rst (in)
   0.09    2.97 ^ _063580_/ZN (INV_X1)
   0.03    3.00 v _077433_/ZN (OAI21_X1)
   0.03    3.03 ^ _077434_/ZN (NOR2_X1)
   0.00    3.03 ^ _124748_/D (DFF_X1)
           3.03   data arrival time

   3.84    3.84   clock uart_div4 (rise edge)
   0.00    3.84   clock network delay (ideal)
   0.00    3.84   clock reconvergence pessimism
           3.84 ^ _124748_/CK (DFF_X1)
  -0.03    3.81   library setup time
           3.81   data required time
---------------------------------------------------------
           3.81   data required time
          -3.03   data arrival time
---------------------------------------------------------
           0.78   slack (MET)


Startpoint: uart_rst (input port clocked by uart_clk)
Endpoint: _124744_ (rising edge-triggered flip-flop clocked by uart_div4)
Path Group: uart_div4
Path Type: max

  Delay    Time   Description
---------------------------------------------------------
   2.88    2.88   clock uart_clk (rise edge)
   0.00    2.88   clock network delay (ideal)
   0.00    2.88 v input external delay
   0.00    2.88 v uart_rst (in)
   0.09    2.97 ^ _063580_/ZN (INV_X1)
   0.05    3.02 ^ _077441_/ZN (AND2_X1)
   0.00    3.02 ^ _124744_/D (DFF_X1)
           3.02   data arrival time

   3.84    3.84   clock uart_div4 (rise edge)
   0.00    3.84   clock network delay (ideal)
   0.00    3.84   clock reconvergence pessimism
           3.84 ^ _124744_/CK (DFF_X1)
  -0.03    3.81   library setup time
           3.81   data required time
---------------------------------------------------------
           3.81   data required time
          -3.02   data arrival time
---------------------------------------------------------
           0.79   slack (MET)


Startpoint: uart_rst (input port clocked by uart_clk)
Endpoint: _124745_ (rising edge-triggered flip-flop clocked by uart_div4)
Path Group: uart_div4
Path Type: max

  Delay    Time   Description
---------------------------------------------------------
   2.88    2.88   clock uart_clk (rise edge)
   0.00    2.88   clock network delay (ideal)
   0.00    2.88 v input external delay
   0.00    2.88 v uart_rst (in)
   0.03    2.91 ^ _077423_/ZN (NOR2_X1)
   0.01    2.92 v _077439_/ZN (NOR2_X1)
   0.04    2.95 ^ _077440_/ZN (AOI21_X1)
   0.00    2.95 ^ _124745_/D (DFF_X1)
           2.95   data arrival time

   3.84    3.84   clock uart_div4 (rise edge)
   0.00    3.84   clock network delay (ideal)
   0.00    3.84   clock reconvergence pessimism
           3.84 ^ _124745_/CK (DFF_X1)
  -0.03    3.81   library setup time
           3.81   data required time
---------------------------------------------------------
           3.81   data required time
          -2.95   data arrival time
---------------------------------------------------------
           0.85   slack (MET)


Startpoint: uart_rst (input port clocked by uart_clk)
Endpoint: _124746_ (rising edge-triggered flip-flop clocked by uart_div4)
Path Group: uart_div4
Path Type: max

  Delay    Time   Description
---------------------------------------------------------
   2.88    2.88   clock uart_clk (rise edge)
   0.00    2.88   clock network delay (ideal)
   0.00    2.88 v input external delay
   0.00    2.88 v uart_rst (in)
   0.03    2.91 ^ _077438_/ZN (NOR3_X1)
   0.00    2.91 ^ _124746_/D (DFF_X1)
           2.91   data arrival time

   3.84    3.84   clock uart_div4 (rise edge)
   0.00    3.84   clock network delay (ideal)
   0.00    3.84   clock reconvergence pessimism
           3.84 ^ _124746_/CK (DFF_X1)
  -0.04    3.80   library setup time
           3.80   data required time
---------------------------------------------------------
           3.80   data required time
          -2.91   data arrival time
---------------------------------------------------------
           0.90   slack (MET)


Startpoint: uart_rst (input port clocked by uart_clk)
Endpoint: _124751_ (rising edge-triggered flip-flop clocked by uart_div4)
Path Group: uart_div4
Path Type: max

  Delay    Time   Description
---------------------------------------------------------
   2.88    2.88   clock uart_clk (rise edge)
   0.00    2.88   clock network delay (ideal)
   0.00    2.88 v input external delay
   0.00    2.88 v uart_rst (in)
   0.02    2.90 ^ _108869_/ZN (NOR2_X1)
   0.00    2.90 ^ _124751_/D (DFF_X1)
           2.90   data arrival time

   3.84    3.84   clock uart_div4 (rise edge)
   0.00    3.84   clock network delay (ideal)
   0.00    3.84   clock reconvergence pessimism
           3.84 ^ _124751_/CK (DFF_X1)
  -0.03    3.81   library setup time
           3.81   data required time
---------------------------------------------------------
           3.81   data required time
          -2.90   data arrival time
---------------------------------------------------------
           0.91   slack (MET)


